path,true_class,predicted_class,class_name,confidence,correct
Test/00000.png,16,16,Vehicles over 3.5 t prohibited,1.0,True
Test/00001.png,1,1,Speed limit 30 km/h,0.998976469039917,True
Test/00002.png,38,38,Keep right,1.0,True
Test/00003.png,33,33,Turn right ahead,1.0,True
Test/00004.png,11,11,Right-of-way at next intersection,0.9999768733978271,True
Test/00005.png,38,38,Keep right,1.0,True
Test/00006.png,18,18,General caution,0.9983466863632202,True
Test/00007.png,12,12,Priority road,0.9999842643737793,True
Test/00008.png,25,25,Road work,1.0,True
Test/00009.png,35,35,Ahead only,1.0,True
Test/00010.png,12,12,Priority road,0.8564538955688477,True
Test/00011.png,7,7,Speed limit 100 km/h,0.9994612336158752,True
Test/00012.png,23,23,Slippery road,0.8585742712020874,True
Test/00013.png,7,5,Speed limit 80 km/h,0.4323921799659729,False
Test/00014.png,4,4,Speed limit 70 km/h,0.9962484240531921,True
Test/00015.png,9,9,No passing,0.9999222755432129,True
Test/00016.png,21,21,Double curve,0.9978075623512268,True
Test/00017.png,20,20,Dangerous curve right,0.9625447392463684,True
Test/00018.png,27,27,Pedestrians,0.9731351733207703,True
Test/00019.png,38,38,Keep right,1.0,True
Test/00020.png,4,4,Speed limit 70 km/h,0.999956488609314,True
Test/00021.png,33,33,Turn right ahead,1.0,True
Test/00022.png,9,9,No passing,0.9999924898147583,True
Test/00023.png,3,3,Speed limit 60 km/h,0.999153733253479,True
Test/00024.png,1,1,Speed limit 30 km/h,0.999377429485321,True
Test/00025.png,11,11,Right-of-way at next intersection,0.9999998807907104,True
Test/00026.png,13,13,Yield,1.0,True
Test/00027.png,10,10,No passing for vehicles over 3.5 t,1.0,True
Test/00028.png,9,9,No passing,1.0,True
Test/00029.png,11,11,Right-of-way at next intersection,0.9999995231628418,True
Test/00030.png,5,2,Speed limit 50 km/h,0.6932456493377686,False
Test/00031.png,17,17,No entry,1.0,True
Test/00032.png,34,34,Turn left ahead,1.0,True
Test/00033.png,23,23,Slippery road,0.7858322858810425,True
Test/00034.png,2,2,Speed limit 50 km/h,1.0,True
Test/00035.png,17,17,No entry,1.0,True
Test/00036.png,3,3,Speed limit 60 km/h,0.9989066123962402,True
Test/00037.png,12,12,Priority road,0.9997918009757996,True
Test/00038.png,16,16,Vehicles over 3.5 t prohibited,0.9998862743377686,True
Test/00039.png,8,8,Speed limit 120 km/h,0.9517385959625244,True
Test/00040.png,7,7,Speed limit 100 km/h,0.8871472477912903,True
Test/00041.png,30,30,Beware of ice or snow,0.9530940651893616,True
Test/00042.png,18,18,General caution,0.9882799386978149,True
Test/00043.png,12,12,Priority road,1.0,True
Test/00044.png,24,24,Road narrows on right,0.9876888394355774,True
Test/00045.png,25,25,Road work,0.6719518303871155,True
Test/00046.png,3,3,Speed limit 60 km/h,0.9998965263366699,True
Test/00047.png,10,10,No passing for vehicles over 3.5 t,1.0,True
Test/00048.png,18,31,Wild animals crossing,0.7755383849143982,False
Test/00049.png,8,8,Speed limit 120 km/h,0.8126039505004883,True
Test/00050.png,25,18,General caution,0.571090817451477,False
Test/00051.png,13,13,Yield,1.0,True
Test/00052.png,15,15,No vehicles,0.9999984502792358,True
Test/00053.png,9,9,No passing,1.0,True
Test/00054.png,13,13,Yield,1.0,True
Test/00055.png,35,35,Ahead only,0.9988214373588562,True
Test/00056.png,5,5,Speed limit 80 km/h,0.9840635061264038,True
Test/00057.png,26,26,Traffic signals,0.9999998807907104,True
Test/00058.png,9,9,No passing,0.9999995231628418,True
Test/00059.png,16,16,Vehicles over 3.5 t prohibited,0.9999977350234985,True
Test/00060.png,38,38,Keep right,0.9990905523300171,True
Test/00061.png,10,10,No passing for vehicles over 3.5 t,1.0,True
Test/00062.png,4,4,Speed limit 70 km/h,0.9993539452552795,True
Test/00063.png,9,9,No passing,0.9987239241600037,True
Test/00064.png,15,15,No vehicles,0.9999970197677612,True
Test/00065.png,9,9,No passing,1.0,True
Test/00066.png,26,26,Traffic signals,0.9991363883018494,True
Test/00067.png,2,2,Speed limit 50 km/h,0.999782383441925,True
Test/00068.png,5,5,Speed limit 80 km/h,0.9734217524528503,True
Test/00069.png,28,28,Children crossing,0.9813050627708435,True
Test/00070.png,11,11,Right-of-way at next intersection,0.988610029220581,True
Test/00071.png,25,25,Road work,0.9999978542327881,True
Test/00072.png,30,30,Beware of ice or snow,0.7087997198104858,True
Test/00073.png,34,34,Turn left ahead,0.9998544454574585,True
Test/00074.png,5,5,Speed limit 80 km/h,0.9846614003181458,True
Test/00075.png,12,12,Priority road,0.999943733215332,True
Test/00076.png,1,1,Speed limit 30 km/h,0.8730652928352356,True
Test/00077.png,10,10,No passing for vehicles over 3.5 t,1.0,True
Test/00078.png,25,29,Bicycles crossing,0.42515748739242554,False
Test/00079.png,25,25,Road work,0.9847530722618103,True
Test/00080.png,21,21,Double curve,0.9999741315841675,True
Test/00081.png,33,33,Turn right ahead,0.9998859167098999,True
Test/00082.png,25,25,Road work,0.9999971389770508,True
Test/00083.png,7,8,Speed limit 120 km/h,0.3941941559314728,False
Test/00084.png,10,10,No passing for vehicles over 3.5 t,1.0,True
Test/00085.png,35,35,Ahead only,0.9926362037658691,True
Test/00086.png,3,3,Speed limit 60 km/h,0.9999606609344482,True
Test/00087.png,7,7,Speed limit 100 km/h,0.9428682923316956,True
Test/00088.png,22,22,Bumpy road,0.9958826303482056,True
Test/00089.png,13,13,Yield,1.0,True
Test/00090.png,3,3,Speed limit 60 km/h,0.9458176493644714,True
Test/00091.png,1,1,Speed limit 30 km/h,0.9997856020927429,True
Test/00092.png,2,2,Speed limit 50 km/h,0.9993321299552917,True
Test/00093.png,14,14,Stop,0.9999511241912842,True
Test/00094.png,12,12,Priority road,1.0,True
Test/00095.png,32,32,End of all speed and passing limits,0.9974921941757202,True
Test/00096.png,3,3,Speed limit 60 km/h,0.9859704375267029,True
Test/00097.png,38,38,Keep right,0.9984861016273499,True
Test/00098.png,9,9,No passing,1.0,True
Test/00099.png,33,33,Turn right ahead,0.9999997615814209,True
Test/00100.png,1,1,Speed limit 30 km/h,0.9848446249961853,True
Test/00101.png,10,10,No passing for vehicles over 3.5 t,1.0,True
Test/00102.png,5,5,Speed limit 80 km/h,0.9664342999458313,True
Test/00103.png,11,11,Right-of-way at next intersection,0.999026894569397,True
Test/00104.png,33,33,Turn right ahead,1.0,True
Test/00105.png,4,4,Speed limit 70 km/h,0.9999974966049194,True
Test/00106.png,35,35,Ahead only,0.9963898062705994,True
Test/00107.png,25,25,Road work,0.9996150732040405,True
Test/00108.png,33,33,Turn right ahead,1.0,True
Test/00109.png,4,4,Speed limit 70 km/h,0.995000422000885,True
Test/00110.png,1,1,Speed limit 30 km/h,0.9956794381141663,True
Test/00111.png,14,14,Stop,0.9999994039535522,True
Test/00112.png,16,16,Vehicles over 3.5 t prohibited,0.9999911785125732,True
Test/00113.png,10,10,No passing for vehicles over 3.5 t,1.0,True
Test/00114.png,30,31,Wild animals crossing,0.8526905179023743,False
Test/00115.png,3,3,Speed limit 60 km/h,0.9999991655349731,True
Test/00116.png,27,27,Pedestrians,0.9859075546264648,True
Test/00117.png,29,22,Bumpy road,0.940254271030426,False
Test/00118.png,1,1,Speed limit 30 km/h,0.9868114590644836,True
Test/00119.png,17,17,No entry,0.9999545812606812,True
Test/00120.png,13,13,Yield,1.0,True
Test/00121.png,7,7,Speed limit 100 km/h,0.9979575872421265,True
Test/00122.png,1,1,Speed limit 30 km/h,0.9664856195449829,True
Test/00123.png,8,8,Speed limit 120 km/h,0.9901679754257202,True
Test/00124.png,2,2,Speed limit 50 km/h,0.6208646893501282,True
Test/00125.png,10,10,No passing for vehicles over 3.5 t,1.0,True
Test/00126.png,10,10,No passing for vehicles over 3.5 t,1.0,True
Test/00127.png,30,20,Dangerous curve right,0.510518491268158,False
Test/00128.png,1,1,Speed limit 30 km/h,0.999946117401123,True
Test/00129.png,6,6,End of speed limit 80 km/h,0.6465420126914978,True
Test/00130.png,36,36,Go straight or right,0.9999990463256836,True
Test/00131.png,3,3,Speed limit 60 km/h,0.9239413738250732,True
Test/00132.png,14,14,Stop,0.9999815225601196,True
Test/00133.png,13,13,Yield,1.0,True
Test/00134.png,11,11,Right-of-way at next intersection,0.9998807907104492,True
Test/00135.png,10,10,No passing for vehicles over 3.5 t,1.0,True
Test/00136.png,18,18,General caution,0.9984760880470276,True
Test/00137.png,40,40,Roundabout mandatory,0.998267650604248,True
Test/00138.png,2,2,Speed limit 50 km/h,0.9999955892562866,True
Test/00139.png,38,38,Keep right,0.9999984502792358,True
Test/00140.png,41,9,No passing,0.9521846771240234,False
Test/00141.png,4,4,Speed limit 70 km/h,0.9800729155540466,True
Test/00142.png,6,6,End of speed limit 80 km/h,0.9992679953575134,True
Test/00143.png,18,18,General caution,0.7284610271453857,True
Test/00144.png,17,17,No entry,1.0,True
Test/00145.png,25,18,General caution,0.4666805565357208,False
Test/00146.png,2,2,Speed limit 50 km/h,0.9999998807907104,True
Test/00147.png,41,41,End of no passing,0.7203676700592041,True
Test/00148.png,11,11,Right-of-way at next intersection,1.0,True
Test/00149.png,21,21,Double curve,0.9997062087059021,True
Test/00150.png,7,5,Speed limit 80 km/h,0.855451762676239,False
Test/00151.png,24,24,Road narrows on right,0.9467326402664185,True
Test/00152.png,11,11,Right-of-way at next intersection,0.7998893857002258,True
Test/00153.png,25,25,Road work,0.9999552965164185,True
Test/00154.png,17,17,No entry,1.0,True
Test/00155.png,3,3,Speed limit 60 km/h,0.9948890805244446,True
Test/00156.png,6,6,End of speed limit 80 km/h,0.9473433494567871,True
Test/00157.png,9,9,No passing,1.0,True
Test/00158.png,7,7,Speed limit 100 km/h,0.9771839380264282,True
Test/00159.png,4,4,Speed limit 70 km/h,0.6933687329292297,True
Test/00160.png,13,13,Yield,1.0,True
Test/00161.png,16,16,Vehicles over 3.5 t prohibited,0.9999998807907104,True
Test/00162.png,4,4,Speed limit 70 km/h,0.9999939203262329,True
Test/00163.png,25,27,Pedestrians,0.783619225025177,False
Test/00164.png,18,18,General caution,0.6724133491516113,True
Test/00165.png,9,9,No passing,1.0,True
Test/00166.png,13,13,Yield,1.0,True
Test/00167.png,14,14,Stop,0.7815841436386108,True
Test/00168.png,29,29,Bicycles crossing,0.9999172687530518,True
Test/00169.png,17,17,No entry,1.0,True
Test/00170.png,13,13,Yield,1.0,True
Test/00171.png,38,38,Keep right,0.9924982190132141,True
Test/00172.png,26,26,Traffic signals,0.9999992847442627,True
Test/00173.png,25,25,Road work,0.9988749623298645,True
Test/00174.png,33,33,Turn right ahead,0.9999381303787231,True
Test/00175.png,1,1,Speed limit 30 km/h,0.998501181602478,True
Test/00176.png,3,5,Speed limit 80 km/h,0.8449864387512207,False
Test/00177.png,40,40,Roundabout mandatory,0.9997679591178894,True
Test/00178.png,13,13,Yield,1.0,True
Test/00179.png,2,2,Speed limit 50 km/h,0.9999805688858032,True
Test/00180.png,8,8,Speed limit 120 km/h,0.9993330836296082,True
Test/00181.png,4,4,Speed limit 70 km/h,0.9999730587005615,True
Test/00182.png,36,36,Go straight or right,0.9999853372573853,True
Test/00183.png,25,25,Road work,1.0,True
Test/00184.png,20,20,Dangerous curve right,0.9730389714241028,True
Test/00185.png,25,25,Road work,0.9999998807907104,True
Test/00186.png,18,18,General caution,0.827675998210907,True
Test/00187.png,1,1,Speed limit 30 km/h,0.9999171495437622,True
Test/00188.png,10,10,No passing for vehicles over 3.5 t,1.0,True
Test/00189.png,8,8,Speed limit 120 km/h,0.9961884617805481,True
Test/00190.png,10,10,No passing for vehicles over 3.5 t,0.5958597660064697,True
Test/00191.png,29,29,Bicycles crossing,0.9999874830245972,True
Test/00192.png,12,12,Priority road,0.9999841451644897,True
Test/00193.png,38,38,Keep right,1.0,True
Test/00194.png,31,31,Wild animals crossing,0.9730995893478394,True
Test/00195.png,2,2,Speed limit 50 km/h,1.0,True
Test/00196.png,8,8,Speed limit 120 km/h,0.9765292406082153,True
Test/00197.png,38,38,Keep right,0.9979658126831055,True
Test/00198.png,18,18,General caution,0.8225247859954834,True
Test/00199.png,28,28,Children crossing,0.9999072551727295,True
Test/00200.png,17,17,No entry,1.0,True
Test/00201.png,9,9,No passing,1.0,True
Test/00202.png,4,4,Speed limit 70 km/h,0.9980427026748657,True
Test/00203.png,1,1,Speed limit 30 km/h,0.9998134970664978,True
Test/00204.png,17,17,No entry,0.9988640546798706,True
Test/00205.png,9,9,No passing,0.9999998807907104,True
Test/00206.png,2,2,Speed limit 50 km/h,0.9754226207733154,True
Test/00207.png,31,31,Wild animals crossing,0.990693986415863,True
Test/00208.png,13,13,Yield,1.0,True
Test/00209.png,15,15,No vehicles,1.0,True
Test/00210.png,15,15,No vehicles,1.0,True
Test/00211.png,38,38,Keep right,0.9967719912528992,True
Test/00212.png,25,25,Road work,1.0,True
Test/00213.png,5,5,Speed limit 80 km/h,0.9929183125495911,True
Test/00214.png,25,25,Road work,0.9999872446060181,True
Test/00215.png,13,13,Yield,1.0,True
Test/00216.png,10,10,No passing for vehicles over 3.5 t,1.0,True
Test/00217.png,5,5,Speed limit 80 km/h,0.9866927266120911,True
Test/00218.png,4,4,Speed limit 70 km/h,0.9999998807907104,True
Test/00219.png,10,10,No passing for vehicles over 3.5 t,1.0,True
Test/00220.png,2,2,Speed limit 50 km/h,0.9999991655349731,True
Test/00221.png,4,4,Speed limit 70 km/h,0.9831204414367676,True
Test/00222.png,5,5,Speed limit 80 km/h,0.9187302589416504,True
Test/00223.png,1,1,Speed limit 30 km/h,0.9998866319656372,True
Test/00224.png,14,14,Stop,0.9999998807907104,True
Test/00225.png,12,12,Priority road,0.9999945163726807,True
Test/00226.png,12,12,Priority road,1.0,True
Test/00227.png,5,5,Speed limit 80 km/h,0.9805301427841187,True
Test/00228.png,8,8,Speed limit 120 km/h,0.9752402305603027,True
Test/00229.png,36,36,Go straight or right,0.9783797264099121,True
Test/00230.png,25,25,Road work,1.0,True
Test/00231.png,13,13,Yield,1.0,True
Test/00232.png,33,33,Turn right ahead,0.9990671277046204,True
Test/00233.png,18,18,General caution,0.9646963477134705,True
Test/00234.png,33,33,Turn right ahead,0.9998800754547119,True
Test/00235.png,19,19,Dangerous curve left,0.8190245032310486,True
Test/00236.png,12,12,Priority road,1.0,True
Test/00237.png,30,5,Speed limit 80 km/h,0.3043398857116699,False
Test/00238.png,4,4,Speed limit 70 km/h,0.999864935874939,True
Test/00239.png,18,18,General caution,0.959442138671875,True
Test/00240.png,12,12,Priority road,1.0,True
Test/00241.png,13,13,Yield,1.0,True
Test/00242.png,20,20,Dangerous curve right,0.9467514753341675,True
Test/00243.png,0,0,Speed limit 20 km/h,0.6053364872932434,True
Test/00244.png,10,10,No passing for vehicles over 3.5 t,0.9345012903213501,True
Test/00245.png,40,40,Roundabout mandatory,0.8494938015937805,True
Test/00246.png,5,5,Speed limit 80 km/h,0.5789591073989868,True
Test/00247.png,8,8,Speed limit 120 km/h,0.9858726263046265,True
Test/00248.png,12,12,Priority road,0.9998406171798706,True
Test/00249.png,38,38,Keep right,1.0,True
Test/00250.png,20,20,Dangerous curve right,0.7740101218223572,True
Test/00251.png,14,14,Stop,0.9999997615814209,True
Test/00252.png,0,1,Speed limit 30 km/h,0.8008288741111755,False
Test/00253.png,36,36,Go straight or right,0.9999351501464844,True
Test/00254.png,34,34,Turn left ahead,1.0,True
Test/00255.png,28,28,Children crossing,0.999998927116394,True
Test/00256.png,35,35,Ahead only,0.9997548460960388,True
Test/00257.png,13,13,Yield,1.0,True
Test/00258.png,25,25,Road work,0.9999456405639648,True
Test/00259.png,15,15,No vehicles,0.999997615814209,True
Test/00260.png,35,35,Ahead only,0.9993172883987427,True
Test/00261.png,14,14,Stop,0.9999985694885254,True
Test/00262.png,18,18,General caution,0.9457365870475769,True
Test/00263.png,25,25,Road work,0.9999998807907104,True
Test/00264.png,1,1,Speed limit 30 km/h,0.9882599115371704,True
Test/00265.png,12,25,Road work,0.23035255074501038,False
Test/00266.png,5,5,Speed limit 80 km/h,0.8778069019317627,True
Test/00267.png,25,25,Road work,1.0,True
Test/00268.png,2,2,Speed limit 50 km/h,0.998855710029602,True
Test/00269.png,18,18,General caution,0.9988566637039185,True
Test/00270.png,18,27,Pedestrians,0.5490967631340027,False
Test/00271.png,18,18,General caution,0.9672027230262756,True
Test/00272.png,34,34,Turn left ahead,0.9999914169311523,True
Test/00273.png,9,9,No passing,0.9957606196403503,True
Test/00274.png,25,25,Road work,1.0,True
Test/00275.png,18,18,General caution,0.9579510688781738,True
Test/00276.png,34,34,Turn left ahead,1.0,True
Test/00277.png,39,39,Keep left,1.0,True
Test/00278.png,31,31,Wild animals crossing,0.9869438409805298,True
Test/00279.png,1,1,Speed limit 30 km/h,0.9995085000991821,True
Test/00280.png,9,3,Speed limit 60 km/h,0.6202954053878784,False
Test/00281.png,35,35,Ahead only,0.7767083048820496,True
Test/00282.png,31,31,Wild animals crossing,0.9939409494400024,True
Test/00283.png,26,26,Traffic signals,0.9999220371246338,True
Test/00284.png,1,1,Speed limit 30 km/h,0.9987164735794067,True
Test/00285.png,1,1,Speed limit 30 km/h,0.9991705417633057,True
Test/00286.png,33,33,Turn right ahead,0.9999992847442627,True
Test/00287.png,30,30,Beware of ice or snow,0.3895808756351471,True
Test/00288.png,17,17,No entry,1.0,True
Test/00289.png,13,13,Yield,1.0,True
Test/00290.png,1,1,Speed limit 30 km/h,0.975177526473999,True
Test/00291.png,31,31,Wild animals crossing,0.9662087559700012,True
Test/00292.png,13,13,Yield,1.0,True
Test/00293.png,35,35,Ahead only,0.9996535778045654,True
Test/00294.png,5,5,Speed limit 80 km/h,0.9702993035316467,True
Test/00295.png,1,1,Speed limit 30 km/h,0.9998086094856262,True
Test/00296.png,33,33,Turn right ahead,0.9996713399887085,True
Test/00297.png,28,28,Children crossing,1.0,True
Test/00298.png,35,35,Ahead only,1.0,True
Test/00299.png,26,26,Traffic signals,0.9999990463256836,True
Test/00300.png,12,12,Priority road,0.9999144077301025,True
Test/00301.png,5,5,Speed limit 80 km/h,0.9897128343582153,True
Test/00302.png,2,2,Speed limit 50 km/h,0.9980877041816711,True
Test/00303.png,14,14,Stop,0.9999998807907104,True
Test/00304.png,4,5,Speed limit 80 km/h,0.4818519055843353,False
Test/00305.png,3,10,No passing for vehicles over 3.5 t,0.7664856314659119,False
Test/00306.png,32,32,End of all speed and passing limits,0.9688559770584106,True
Test/00307.png,1,1,Speed limit 30 km/h,0.9989033937454224,True
Test/00308.png,7,5,Speed limit 80 km/h,0.5673545598983765,False
Test/00309.png,38,38,Keep right,0.923201322555542,True
Test/00310.png,19,19,Dangerous curve left,0.9742262363433838,True
Test/00311.png,11,11,Right-of-way at next intersection,1.0,True
Test/00312.png,38,38,Keep right,0.9999842643737793,True
Test/00313.png,38,38,Keep right,0.999969482421875,True
Test/00314.png,1,1,Speed limit 30 km/h,0.9727203249931335,True
Test/00315.png,42,42,End of no passing for vehicles over 3.5 t,0.998304009437561,True
Test/00316.png,2,2,Speed limit 50 km/h,0.9891871809959412,True
Test/00317.png,40,40,Roundabout mandatory,0.9916459918022156,True
Test/00318.png,17,17,No entry,0.9998231530189514,True
Test/00319.png,4,4,Speed limit 70 km/h,0.9997391104698181,True
Test/00320.png,8,8,Speed limit 120 km/h,0.9981112480163574,True
Test/00321.png,4,4,Speed limit 70 km/h,0.9991119503974915,True
Test/00322.png,5,5,Speed limit 80 km/h,0.9582973122596741,True
Test/00323.png,6,6,End of speed limit 80 km/h,0.996323823928833,True
Test/00324.png,31,31,Wild animals crossing,0.9924633502960205,True
Test/00325.png,35,35,Ahead only,0.9999865293502808,True
Test/00326.png,9,9,No passing,0.9989570379257202,True
Test/00327.png,38,38,Keep right,0.9999990463256836,True
Test/00328.png,8,8,Speed limit 120 km/h,0.9777021408081055,True
Test/00329.png,2,2,Speed limit 50 km/h,1.0,True
Test/00330.png,4,4,Speed limit 70 km/h,0.9836666584014893,True
Test/00331.png,18,18,General caution,0.9665340781211853,True
Test/00332.png,3,3,Speed limit 60 km/h,0.8299589157104492,True
Test/00333.png,25,25,Road work,1.0,True
Test/00334.png,10,10,No passing for vehicles over 3.5 t,1.0,True
Test/00335.png,6,6,End of speed limit 80 km/h,0.7410609722137451,True
Test/00336.png,7,7,Speed limit 100 km/h,0.9938487410545349,True
Test/00337.png,34,34,Turn left ahead,1.0,True
Test/00338.png,4,4,Speed limit 70 km/h,0.9978579878807068,True
Test/00339.png,22,20,Dangerous curve right,0.4711743891239166,False
Test/00340.png,10,10,No passing for vehicles over 3.5 t,0.9999998807907104,True
Test/00341.png,29,29,Bicycles crossing,0.9995670914649963,True
Test/00342.png,9,9,No passing,0.9992526173591614,True
Test/00343.png,2,2,Speed limit 50 km/h,0.9999996423721313,True
Test/00344.png,38,38,Keep right,1.0,True
Test/00345.png,38,38,Keep right,1.0,True
Test/00346.png,18,18,General caution,0.9985846281051636,True
Test/00347.png,7,7,Speed limit 100 km/h,0.9823565483093262,True
Test/00348.png,13,13,Yield,1.0,True
Test/00349.png,28,28,Children crossing,0.996624231338501,True
Test/00350.png,17,17,No entry,1.0,True
Test/00351.png,2,2,Speed limit 50 km/h,0.9973202347755432,True
Test/00352.png,16,16,Vehicles over 3.5 t prohibited,1.0,True
Test/00353.png,14,14,Stop,1.0,True
Test/00354.png,12,12,Priority road,1.0,True
Test/00355.png,40,40,Roundabout mandatory,0.9942249655723572,True
Test/00356.png,35,35,Ahead only,1.0,True
Test/00357.png,3,3,Speed limit 60 km/h,0.9698403477668762,True
Test/00358.png,38,38,Keep right,0.9911297559738159,True
Test/00359.png,10,10,No passing for vehicles over 3.5 t,1.0,True
Test/00360.png,9,9,No passing,1.0,True
Test/00361.png,38,38,Keep right,0.9795780777931213,True
Test/00362.png,13,13,Yield,1.0,True
Test/00363.png,39,39,Keep left,0.9400115013122559,True
Test/00364.png,3,3,Speed limit 60 km/h,0.9996968507766724,True
Test/00365.png,11,11,Right-of-way at next intersection,0.9260023236274719,True
Test/00366.png,7,7,Speed limit 100 km/h,0.9928786158561707,True
Test/00367.png,38,38,Keep right,0.9675588011741638,True
Test/00368.png,19,19,Dangerous curve left,0.8440015316009521,True
Test/00369.png,13,13,Yield,1.0,True
Test/00370.png,10,10,No passing for vehicles over 3.5 t,0.9901536107063293,True
Test/00371.png,18,26,Traffic signals,0.7168325185775757,False
Test/00372.png,3,3,Speed limit 60 km/h,0.9219582676887512,True
Test/00373.png,5,5,Speed limit 80 km/h,0.9797732830047607,True
Test/00374.png,26,26,Traffic signals,0.9942996501922607,True
Test/00375.png,1,1,Speed limit 30 km/h,0.9973064661026001,True
Test/00376.png,41,41,End of no passing,0.9937385320663452,True
Test/00377.png,13,13,Yield,1.0,True
Test/00378.png,1,1,Speed limit 30 km/h,0.9999821186065674,True
Test/00379.png,18,18,General caution,0.5981937646865845,True
Test/00380.png,19,19,Dangerous curve left,0.9388131499290466,True
Test/00381.png,13,13,Yield,1.0,True
Test/00382.png,38,38,Keep right,0.9999997615814209,True
Test/00383.png,4,4,Speed limit 70 km/h,0.9984942674636841,True
Test/00384.png,35,35,Ahead only,0.9983001351356506,True
Test/00385.png,25,25,Road work,1.0,True
Test/00386.png,34,34,Turn left ahead,1.0,True
Test/00387.png,12,12,Priority road,0.9999996423721313,True
Test/00388.png,17,17,No entry,1.0,True
Test/00389.png,9,9,No passing,0.9991468191146851,True
Test/00390.png,4,4,Speed limit 70 km/h,0.9716532230377197,True
Test/00391.png,33,33,Turn right ahead,0.999998927116394,True
Test/00392.png,28,28,Children crossing,0.9987088441848755,True
Test/00393.png,2,2,Speed limit 50 km/h,0.992276132106781,True
Test/00394.png,1,1,Speed limit 30 km/h,0.5045685172080994,True
Test/00395.png,5,5,Speed limit 80 km/h,0.9347243309020996,True
Test/00396.png,4,4,Speed limit 70 km/h,0.9960421323776245,True
Test/00397.png,38,38,Keep right,1.0,True
Test/00398.png,4,4,Speed limit 70 km/h,0.9995793700218201,True
Test/00399.png,12,12,Priority road,1.0,True
Test/00400.png,38,38,Keep right,0.9999957084655762,True
Test/00401.png,36,36,Go straight or right,0.9999996423721313,True
Test/00402.png,10,10,No passing for vehicles over 3.5 t,0.9999998807907104,True
Test/00403.png,0,1,Speed limit 30 km/h,0.634576141834259,False
Test/00404.png,38,38,Keep right,1.0,True
Test/00405.png,36,36,Go straight or right,0.9941800832748413,True
Test/00406.png,8,1,Speed limit 30 km/h,0.5466081500053406,False
Test/00407.png,25,25,Road work,0.9999973773956299,True
Test/00408.png,5,5,Speed limit 80 km/h,0.9690189361572266,True
Test/00409.png,2,2,Speed limit 50 km/h,0.9999998807907104,True
Test/00410.png,25,25,Road work,0.9999997615814209,True
Test/00411.png,14,14,Stop,1.0,True
Test/00412.png,2,2,Speed limit 50 km/h,0.9999635219573975,True
Test/00413.png,26,26,Traffic signals,0.999481737613678,True
Test/00414.png,29,29,Bicycles crossing,0.9804374575614929,True
Test/00415.png,10,10,No passing for vehicles over 3.5 t,0.9999996423721313,True
Test/00416.png,10,10,No passing for vehicles over 3.5 t,0.999946117401123,True
Test/00417.png,14,14,Stop,1.0,True
Test/00418.png,9,9,No passing,0.9932326078414917,True
Test/00419.png,2,2,Speed limit 50 km/h,0.9991200566291809,True
Test/00420.png,3,3,Speed limit 60 km/h,0.9997560381889343,True
Test/00421.png,4,4,Speed limit 70 km/h,0.4164802134037018,True
Test/00422.png,19,19,Dangerous curve left,0.9999715089797974,True
Test/00423.png,9,9,No passing,0.9998144507408142,True
Test/00424.png,10,10,No passing for vehicles over 3.5 t,0.9999983310699463,True
Test/00425.png,13,13,Yield,1.0,True
Test/00426.png,13,13,Yield,1.0,True
Test/00427.png,20,28,Children crossing,0.4996439516544342,False
Test/00428.png,38,38,Keep right,0.9999942779541016,True
Test/00429.png,34,34,Turn left ahead,0.9999911785125732,True
Test/00430.png,11,21,Double curve,0.4899735450744629,False
Test/00431.png,13,13,Yield,1.0,True
Test/00432.png,34,34,Turn left ahead,1.0,True
Test/00433.png,34,34,Turn left ahead,1.0,True
Test/00434.png,12,12,Priority road,0.9999386072158813,True
Test/00435.png,6,6,End of speed limit 80 km/h,0.9961546063423157,True
Test/00436.png,10,10,No passing for vehicles over 3.5 t,1.0,True
Test/00437.png,10,10,No passing for vehicles over 3.5 t,0.9999996423721313,True
Test/00438.png,8,8,Speed limit 120 km/h,0.9970964193344116,True
Test/00439.png,3,3,Speed limit 60 km/h,0.9953742623329163,True
Test/00440.png,22,22,Bumpy road,0.983853816986084,True
Test/00441.png,17,17,No entry,1.0,True
Test/00442.png,7,7,Speed limit 100 km/h,0.9753554463386536,True
Test/00443.png,30,29,Bicycles crossing,0.9006264805793762,False
Test/00444.png,25,25,Road work,1.0,True
Test/00445.png,1,1,Speed limit 30 km/h,0.9998823404312134,True
Test/00446.png,31,31,Wild animals crossing,0.7028023600578308,True
Test/00447.png,38,38,Keep right,1.0,True
Test/00448.png,38,38,Keep right,0.9999995231628418,True
Test/00449.png,8,8,Speed limit 120 km/h,0.9976716637611389,True
Test/00450.png,9,9,No passing,0.9999998807907104,True
Test/00451.png,10,10,No passing for vehicles over 3.5 t,0.9978365302085876,True
Test/00452.png,2,2,Speed limit 50 km/h,0.9538966417312622,True
Test/00453.png,40,40,Roundabout mandatory,0.9977995753288269,True
Test/00454.png,1,1,Speed limit 30 km/h,0.9846068620681763,True
Test/00455.png,38,38,Keep right,1.0,True
Test/00456.png,14,14,Stop,0.9999985694885254,True
Test/00457.png,8,8,Speed limit 120 km/h,0.974223256111145,True
Test/00458.png,39,39,Keep left,1.0,True
Test/00459.png,6,6,End of speed limit 80 km/h,0.8614374995231628,True
Test/00460.png,35,35,Ahead only,0.9971556663513184,True
Test/00461.png,25,25,Road work,0.9992344379425049,True
Test/00462.png,25,25,Road work,0.9985283613204956,True
Test/00463.png,17,17,No entry,1.0,True
Test/00464.png,2,2,Speed limit 50 km/h,0.9993925094604492,True
Test/00465.png,38,38,Keep right,1.0,True
Test/00466.png,7,7,Speed limit 100 km/h,0.9970292448997498,True
Test/00467.png,13,13,Yield,1.0,True
Test/00468.png,14,14,Stop,1.0,True
Test/00469.png,7,7,Speed limit 100 km/h,0.7605209350585938,True
Test/00470.png,8,8,Speed limit 120 km/h,0.9827982783317566,True
Test/00471.png,35,35,Ahead only,0.9998071789741516,True
Test/00472.png,3,3,Speed limit 60 km/h,0.9947633743286133,True
Test/00473.png,1,1,Speed limit 30 km/h,0.998921275138855,True
Test/00474.png,35,35,Ahead only,0.9999984502792358,True
Test/00475.png,12,12,Priority road,0.2982398271560669,True
Test/00476.png,35,35,Ahead only,0.9993769526481628,True
Test/00477.png,36,38,Keep right,0.8845894932746887,False
Test/00478.png,24,24,Road narrows on right,0.9973828196525574,True
Test/00479.png,13,13,Yield,1.0,True
Test/00480.png,33,33,Turn right ahead,0.9993427395820618,True
Test/00481.png,2,2,Speed limit 50 km/h,0.9999576807022095,True
Test/00482.png,35,35,Ahead only,0.9999662637710571,True
Test/00483.png,6,6,End of speed limit 80 km/h,0.9249544739723206,True
Test/00484.png,2,4,Speed limit 70 km/h,0.9738314151763916,False
Test/00485.png,10,10,No passing for vehicles over 3.5 t,0.9999904632568359,True
Test/00486.png,12,12,Priority road,0.9645852446556091,True
Test/00487.png,31,31,Wild animals crossing,0.9985312223434448,True
Test/00488.png,9,9,No passing,1.0,True
Test/00489.png,14,14,Stop,0.9999960660934448,True
Test/00490.png,17,17,No entry,0.9534575343132019,True
Test/00491.png,26,26,Traffic signals,0.9954355359077454,True
Test/00492.png,4,1,Speed limit 30 km/h,0.5919355154037476,False
Test/00493.png,3,3,Speed limit 60 km/h,0.9965130686759949,True
Test/00494.png,10,10,No passing for vehicles over 3.5 t,0.9409671425819397,True
Test/00495.png,5,5,Speed limit 80 km/h,0.5119115710258484,True
Test/00496.png,30,31,Wild animals crossing,0.7690948247909546,False
Test/00497.png,9,9,No passing,1.0,True
Test/00498.png,31,31,Wild animals crossing,0.9964622855186462,True
Test/00499.png,40,40,Roundabout mandatory,0.5589467287063599,True
Test/00500.png,22,22,Bumpy road,0.9999979734420776,True
Test/00501.png,30,29,Bicycles crossing,0.6088526844978333,False
Test/00502.png,9,9,No passing,0.9999974966049194,True
Test/00503.png,7,7,Speed limit 100 km/h,0.9598737955093384,True
Test/00504.png,23,23,Slippery road,0.9699565172195435,True
Test/00505.png,4,4,Speed limit 70 km/h,0.9967370629310608,True
Test/00506.png,32,32,End of all speed and passing limits,0.985985279083252,True
Test/00507.png,42,42,End of no passing for vehicles over 3.5 t,0.9102227091789246,True
Test/00508.png,1,1,Speed limit 30 km/h,0.9977731108665466,True
Test/00509.png,3,3,Speed limit 60 km/h,0.8958583474159241,True
Test/00510.png,8,8,Speed limit 120 km/h,0.9635633230209351,True
Test/00511.png,2,2,Speed limit 50 km/h,0.9999911785125732,True
Test/00512.png,25,25,Road work,0.9999072551727295,True
Test/00513.png,22,28,Children crossing,0.5017992258071899,False
Test/00514.png,38,38,Keep right,1.0,True
Test/00515.png,33,33,Turn right ahead,0.9999996423721313,True
Test/00516.png,3,3,Speed limit 60 km/h,0.9999942779541016,True
Test/00517.png,1,1,Speed limit 30 km/h,0.9983495473861694,True
Test/00518.png,8,8,Speed limit 120 km/h,0.9999980926513672,True
Test/00519.png,4,4,Speed limit 70 km/h,0.9998121857643127,True
Test/00520.png,18,18,General caution,0.5117254853248596,True
Test/00521.png,26,26,Traffic signals,0.9999970197677612,True
Test/00522.png,31,31,Wild animals crossing,0.9909495711326599,True
Test/00523.png,14,14,Stop,1.0,True
Test/00524.png,11,11,Right-of-way at next intersection,0.9995408058166504,True
Test/00525.png,13,13,Yield,1.0,True
Test/00526.png,3,3,Speed limit 60 km/h,0.9992559552192688,True
Test/00527.png,5,5,Speed limit 80 km/h,0.9466733336448669,True
Test/00528.png,18,18,General caution,0.9838994741439819,True
Test/00529.png,4,4,Speed limit 70 km/h,0.9968242645263672,True
Test/00530.png,13,13,Yield,1.0,True
Test/00531.png,15,15,No vehicles,1.0,True
Test/00532.png,23,23,Slippery road,0.9797974228858948,True
Test/00533.png,1,1,Speed limit 30 km/h,0.9987013339996338,True
Test/00534.png,12,12,Priority road,0.9999629259109497,True
Test/00535.png,31,31,Wild animals crossing,0.9792248606681824,True
Test/00536.png,38,38,Keep right,0.9999986886978149,True
Test/00537.png,6,6,End of speed limit 80 km/h,0.6890444755554199,True
Test/00538.png,10,10,No passing for vehicles over 3.5 t,0.9999415874481201,True
Test/00539.png,35,35,Ahead only,1.0,True
Test/00540.png,8,8,Speed limit 120 km/h,0.997957706451416,True
Test/00541.png,6,6,End of speed limit 80 km/h,0.8732016086578369,True
Test/00542.png,5,2,Speed limit 50 km/h,0.8016067147254944,False
Test/00543.png,12,12,Priority road,1.0,True
Test/00544.png,4,4,Speed limit 70 km/h,0.9995761513710022,True
Test/00545.png,1,1,Speed limit 30 km/h,0.993596076965332,True
Test/00546.png,1,1,Speed limit 30 km/h,0.9999997615814209,True
Test/00547.png,1,1,Speed limit 30 km/h,0.9998434782028198,True
Test/00548.png,12,12,Priority road,1.0,True
Test/00549.png,12,12,Priority road,1.0,True
Test/00550.png,4,1,Speed limit 30 km/h,0.7824012637138367,False
Test/00551.png,5,5,Speed limit 80 km/h,0.9877308011054993,True
Test/00552.png,9,9,No passing,0.9998779296875,True
Test/00553.png,13,13,Yield,1.0,True
Test/00554.png,38,38,Keep right,0.9999308586120605,True
Test/00555.png,4,4,Speed limit 70 km/h,0.9997245669364929,True
Test/00556.png,13,13,Yield,1.0,True
Test/00557.png,8,8,Speed limit 120 km/h,0.999537467956543,True
Test/00558.png,13,13,Yield,1.0,True
Test/00559.png,24,24,Road narrows on right,0.9884839653968811,True
Test/00560.png,17,17,No entry,1.0,True
Test/00561.png,10,10,No passing for vehicles over 3.5 t,1.0,True
Test/00562.png,10,10,No passing for vehicles over 3.5 t,1.0,True
Test/00563.png,18,18,General caution,0.9476466774940491,True
Test/00564.png,12,12,Priority road,0.9971051812171936,True
Test/00565.png,23,23,Slippery road,0.7857539057731628,True
Test/00566.png,10,10,No passing for vehicles over 3.5 t,0.9999450445175171,True
Test/00567.png,10,10,No passing for vehicles over 3.5 t,0.534284234046936,True
Test/00568.png,1,1,Speed limit 30 km/h,0.9978386759757996,True
Test/00569.png,23,23,Slippery road,0.9966818690299988,True
Test/00570.png,3,3,Speed limit 60 km/h,0.9949150085449219,True
Test/00571.png,8,8,Speed limit 120 km/h,0.9993557333946228,True
Test/00572.png,41,41,End of no passing,0.8313629627227783,True
Test/00573.png,6,6,End of speed limit 80 km/h,0.9983147382736206,True
Test/00574.png,13,13,Yield,1.0,True
Test/00575.png,33,33,Turn right ahead,0.9997660517692566,True
Test/00576.png,3,3,Speed limit 60 km/h,0.997870683670044,True
Test/00577.png,2,2,Speed limit 50 km/h,0.9999998807907104,True
Test/00578.png,13,13,Yield,0.9985935091972351,True
Test/00579.png,0,1,Speed limit 30 km/h,0.8608826994895935,False
Test/00580.png,17,17,No entry,1.0,True
Test/00581.png,10,10,No passing for vehicles over 3.5 t,0.9993113279342651,True
Test/00582.png,7,7,Speed limit 100 km/h,0.840113639831543,True
Test/00583.png,1,1,Speed limit 30 km/h,0.9999408721923828,True
Test/00584.png,35,35,Ahead only,1.0,True
Test/00585.png,10,10,No passing for vehicles over 3.5 t,0.9999995231628418,True
Test/00586.png,2,2,Speed limit 50 km/h,0.5324233770370483,True
Test/00587.png,30,30,Beware of ice or snow,0.9539772272109985,True
Test/00588.png,5,5,Speed limit 80 km/h,0.9948800802230835,True
Test/00589.png,5,5,Speed limit 80 km/h,0.9973006844520569,True
Test/00590.png,35,35,Ahead only,0.9976401329040527,True
Test/00591.png,13,13,Yield,1.0,True
Test/00592.png,16,16,Vehicles over 3.5 t prohibited,0.9999997615814209,True
Test/00593.png,17,17,No entry,1.0,True
Test/00594.png,11,11,Right-of-way at next intersection,0.9999983310699463,True
Test/00595.png,3,3,Speed limit 60 km/h,0.9999852180480957,True
Test/00596.png,4,4,Speed limit 70 km/h,0.9891527891159058,True
Test/00597.png,29,29,Bicycles crossing,0.9996367692947388,True
Test/00598.png,2,2,Speed limit 50 km/h,0.9999961853027344,True
Test/00599.png,26,26,Traffic signals,0.9999986886978149,True
Test/00600.png,2,2,Speed limit 50 km/h,0.7016362547874451,True
Test/00601.png,11,30,Beware of ice or snow,0.5775425434112549,False
Test/00602.png,4,4,Speed limit 70 km/h,0.9999897480010986,True
Test/00603.png,19,19,Dangerous curve left,0.9418489933013916,True
Test/00604.png,3,3,Speed limit 60 km/h,0.9758006930351257,True
Test/00605.png,9,9,No passing,1.0,True
Test/00606.png,7,5,Speed limit 80 km/h,0.4241647720336914,False
Test/00607.png,38,38,Keep right,0.9999440908432007,True
Test/00608.png,28,28,Children crossing,0.9935035109519958,True
Test/00609.png,9,9,No passing,0.9976021647453308,True
Test/00610.png,27,27,Pedestrians,0.9786085486412048,True
Test/00611.png,41,41,End of no passing,0.9963369369506836,True
Test/00612.png,1,1,Speed limit 30 km/h,0.9995443224906921,True
Test/00613.png,29,29,Bicycles crossing,0.9999953508377075,True
Test/00614.png,11,11,Right-of-way at next intersection,0.999675989151001,True
Test/00615.png,10,10,No passing for vehicles over 3.5 t,1.0,True
Test/00616.png,25,25,Road work,0.999994158744812,True
Test/00617.png,1,1,Speed limit 30 km/h,0.9982061386108398,True
Test/00618.png,10,10,No passing for vehicles over 3.5 t,0.9997368454933167,True
Test/00619.png,38,38,Keep right,0.9963046312332153,True
Test/00620.png,30,30,Beware of ice or snow,0.9638829827308655,True
Test/00621.png,14,14,Stop,1.0,True
Test/00622.png,1,1,Speed limit 30 km/h,0.9993202686309814,True
Test/00623.png,12,12,Priority road,1.0,True
Test/00624.png,7,5,Speed limit 80 km/h,0.6480448246002197,False
Test/00625.png,13,13,Yield,1.0,True
Test/00626.png,28,28,Children crossing,0.9978718757629395,True
Test/00627.png,8,8,Speed limit 120 km/h,0.9622883200645447,True
Test/00628.png,2,2,Speed limit 50 km/h,0.9999688863754272,True
Test/00629.png,17,17,No entry,1.0,True
Test/00630.png,5,5,Speed limit 80 km/h,0.924497127532959,True
Test/00631.png,35,35,Ahead only,1.0,True
Test/00632.png,25,25,Road work,0.9997746348381042,True
Test/00633.png,8,8,Speed limit 120 km/h,0.9250084161758423,True
Test/00634.png,4,4,Speed limit 70 km/h,0.9959757924079895,True
Test/00635.png,7,7,Speed limit 100 km/h,0.9999979734420776,True
Test/00636.png,16,16,Vehicles over 3.5 t prohibited,0.999982476234436,True
Test/00637.png,29,22,Bumpy road,0.9448937773704529,False
Test/00638.png,17,17,No entry,1.0,True
Test/00639.png,9,9,No passing,1.0,True
Test/00640.png,7,7,Speed limit 100 km/h,0.9948541522026062,True
Test/00641.png,8,8,Speed limit 120 km/h,0.9941670894622803,True
Test/00642.png,17,17,No entry,0.9999988079071045,True
Test/00643.png,11,11,Right-of-way at next intersection,0.9999452829360962,True
Test/00644.png,2,2,Speed limit 50 km/h,0.9718717336654663,True
Test/00645.png,13,13,Yield,1.0,True
Test/00646.png,12,12,Priority road,1.0,True
Test/00647.png,7,7,Speed limit 100 km/h,0.9874392151832581,True
Test/00648.png,1,1,Speed limit 30 km/h,0.999553382396698,True
Test/00649.png,2,2,Speed limit 50 km/h,0.9999990463256836,True
Test/00650.png,32,6,End of speed limit 80 km/h,0.5072560906410217,False
Test/00651.png,17,17,No entry,1.0,True
Test/00652.png,13,13,Yield,1.0,True
Test/00653.png,5,5,Speed limit 80 km/h,0.9770501852035522,True
Test/00654.png,12,12,Priority road,0.9999819993972778,True
Test/00655.png,11,11,Right-of-way at next intersection,0.9999986886978149,True
Test/00656.png,29,29,Bicycles crossing,0.9999959468841553,True
Test/00657.png,13,13,Yield,1.0,True
Test/00658.png,13,13,Yield,1.0,True
Test/00659.png,10,10,No passing for vehicles over 3.5 t,1.0,True
Test/00660.png,5,8,Speed limit 120 km/h,0.7782697081565857,False
Test/00661.png,13,13,Yield,0.9635736346244812,True
Test/00662.png,2,2,Speed limit 50 km/h,0.9999998807907104,True
Test/00663.png,7,7,Speed limit 100 km/h,0.8121535181999207,True
Test/00664.png,13,13,Yield,0.9999997615814209,True
Test/00665.png,10,10,No passing for vehicles over 3.5 t,1.0,True
Test/00666.png,14,14,Stop,0.999995231628418,True
Test/00667.png,13,13,Yield,1.0,True
Test/00668.png,11,11,Right-of-way at next intersection,0.9999805688858032,True
Test/00669.png,4,4,Speed limit 70 km/h,0.9988307356834412,True
Test/00670.png,15,15,No vehicles,0.9999971389770508,True
Test/00671.png,10,10,No passing for vehicles over 3.5 t,1.0,True
Test/00672.png,36,36,Go straight or right,0.9962198138237,True
Test/00673.png,35,35,Ahead only,1.0,True
Test/00674.png,26,26,Traffic signals,0.9999974966049194,True
Test/00675.png,0,1,Speed limit 30 km/h,0.8560993075370789,False
Test/00676.png,25,25,Road work,0.999998927116394,True
Test/00677.png,18,18,General caution,0.9499850273132324,True
Test/00678.png,29,22,Bumpy road,0.5363640785217285,False
Test/00679.png,8,8,Speed limit 120 km/h,0.9998905658721924,True
Test/00680.png,13,13,Yield,1.0,True
Test/00681.png,14,14,Stop,0.9993103742599487,True
Test/00682.png,35,35,Ahead only,0.9448860883712769,True
Test/00683.png,12,12,Priority road,0.9999531507492065,True
Test/00684.png,35,35,Ahead only,0.9977346658706665,True
Test/00685.png,35,35,Ahead only,1.0,True
Test/00686.png,14,14,Stop,1.0,True
Test/00687.png,25,25,Road work,0.9999997615814209,True
Test/00688.png,17,17,No entry,1.0,True
Test/00689.png,34,34,Turn left ahead,0.9997121691703796,True
Test/00690.png,5,5,Speed limit 80 km/h,0.7893649935722351,True
Test/00691.png,4,4,Speed limit 70 km/h,0.9890908598899841,True
Test/00692.png,4,4,Speed limit 70 km/h,0.9999077320098877,True
Test/00693.png,13,13,Yield,1.0,True
Test/00694.png,29,28,Children crossing,0.7139493227005005,False
Test/00695.png,4,4,Speed limit 70 km/h,0.999855637550354,True
Test/00696.png,5,5,Speed limit 80 km/h,0.6233794689178467,True
Test/00697.png,8,8,Speed limit 120 km/h,0.9002442955970764,True
Test/00698.png,1,1,Speed limit 30 km/h,0.999717652797699,True
Test/00699.png,2,2,Speed limit 50 km/h,0.9999274015426636,True
Test/00700.png,3,3,Speed limit 60 km/h,0.9971963167190552,True
Test/00701.png,4,4,Speed limit 70 km/h,0.9999945163726807,True
Test/00702.png,39,39,Keep left,1.0,True
Test/00703.png,12,12,Priority road,1.0,True
Test/00704.png,7,7,Speed limit 100 km/h,0.9803242087364197,True
Test/00705.png,16,16,Vehicles over 3.5 t prohibited,1.0,True
Test/00706.png,12,12,Priority road,1.0,True
Test/00707.png,12,12,Priority road,0.9999980926513672,True
Test/00708.png,18,18,General caution,0.8671699166297913,True
Test/00709.png,16,16,Vehicles over 3.5 t prohibited,1.0,True
Test/00710.png,2,2,Speed limit 50 km/h,0.9958654642105103,True
Test/00711.png,36,36,Go straight or right,0.9999970197677612,True
Test/00712.png,11,11,Right-of-way at next intersection,1.0,True
Test/00713.png,39,39,Keep left,1.0,True
Test/00714.png,4,4,Speed limit 70 km/h,1.0,True
Test/00715.png,6,6,End of speed limit 80 km/h,0.9847438931465149,True
Test/00716.png,2,2,Speed limit 50 km/h,0.9999326467514038,True
Test/00717.png,36,36,Go straight or right,0.9998718500137329,True
Test/00718.png,1,1,Speed limit 30 km/h,0.9999145269393921,True
Test/00719.png,5,5,Speed limit 80 km/h,0.9995443224906921,True
Test/00720.png,10,10,No passing for vehicles over 3.5 t,0.9999996423721313,True
Test/00721.png,13,13,Yield,0.9999555349349976,True
Test/00722.png,5,5,Speed limit 80 km/h,0.9120179414749146,True
Test/00723.png,30,30,Beware of ice or snow,0.9754613041877747,True
Test/00724.png,38,38,Keep right,0.9992973804473877,True
Test/00725.png,13,13,Yield,1.0,True
Test/00726.png,14,14,Stop,0.9999969005584717,True
Test/00727.png,11,27,Pedestrians,0.5482573509216309,False
Test/00728.png,11,11,Right-of-way at next intersection,0.9999533891677856,True
Test/00729.png,35,35,Ahead only,1.0,True
Test/00730.png,25,25,Road work,0.9997467398643494,True
Test/00731.png,2,2,Speed limit 50 km/h,0.901376485824585,True
Test/00732.png,14,14,Stop,1.0,True
Test/00733.png,38,38,Keep right,0.5556836128234863,True
Test/00734.png,15,15,No vehicles,0.9986268281936646,True
Test/00735.png,38,38,Keep right,1.0,True
Test/00736.png,39,39,Keep left,1.0,True
Test/00737.png,38,38,Keep right,0.9999964237213135,True
Test/00738.png,4,4,Speed limit 70 km/h,0.9884337782859802,True
Test/00739.png,1,1,Speed limit 30 km/h,0.9877315163612366,True
Test/00740.png,3,3,Speed limit 60 km/h,0.9330230951309204,True
Test/00741.png,1,1,Speed limit 30 km/h,0.9948423504829407,True
Test/00742.png,35,35,Ahead only,1.0,True
Test/00743.png,17,17,No entry,1.0,True
Test/00744.png,4,4,Speed limit 70 km/h,0.9988918900489807,True
Test/00745.png,17,9,No passing,0.25730106234550476,False
Test/00746.png,4,4,Speed limit 70 km/h,1.0,True
Test/00747.png,2,2,Speed limit 50 km/h,0.9999998807907104,True
Test/00748.png,5,5,Speed limit 80 km/h,0.44439348578453064,True
Test/00749.png,30,29,Bicycles crossing,0.9857051372528076,False
Test/00750.png,10,10,No passing for vehicles over 3.5 t,0.9999998807907104,True
Test/00751.png,28,28,Children crossing,1.0,True
Test/00752.png,9,9,No passing,0.9999969005584717,True
Test/00753.png,28,28,Children crossing,0.9999990463256836,True
Test/00754.png,22,22,Bumpy road,0.9999862909317017,True
Test/00755.png,42,42,End of no passing for vehicles over 3.5 t,0.9118901491165161,True
Test/00756.png,2,2,Speed limit 50 km/h,1.0,True
Test/00757.png,12,12,Priority road,0.9997273087501526,True
Test/00758.png,3,3,Speed limit 60 km/h,0.9948740601539612,True
Test/00759.png,23,23,Slippery road,0.6572015881538391,True
Test/00760.png,3,3,Speed limit 60 km/h,0.9186468124389648,True
Test/00761.png,13,13,Yield,1.0,True
Test/00762.png,10,10,No passing for vehicles over 3.5 t,0.9999780654907227,True
Test/00763.png,3,3,Speed limit 60 km/h,0.965897798538208,True
Test/00764.png,12,12,Priority road,0.43154242634773254,True
Test/00765.png,4,4,Speed limit 70 km/h,0.9999005794525146,True
Test/00766.png,1,1,Speed limit 30 km/h,0.9999899864196777,True
Test/00767.png,5,5,Speed limit 80 km/h,0.7652322053909302,True
Test/00768.png,3,3,Speed limit 60 km/h,0.9962263107299805,True
Test/00769.png,9,9,No passing,0.9993127584457397,True
Test/00770.png,10,10,No passing for vehicles over 3.5 t,1.0,True
Test/00771.png,4,4,Speed limit 70 km/h,0.9999332427978516,True
Test/00772.png,13,13,Yield,1.0,True
Test/00773.png,28,28,Children crossing,0.7821792960166931,True
Test/00774.png,3,3,Speed limit 60 km/h,0.9999992847442627,True
Test/00775.png,4,4,Speed limit 70 km/h,0.9945425987243652,True
Test/00776.png,15,15,No vehicles,1.0,True
Test/00777.png,15,15,No vehicles,1.0,True
Test/00778.png,0,0,Speed limit 20 km/h,0.5488089919090271,True
Test/00779.png,33,33,Turn right ahead,1.0,True
Test/00780.png,2,1,Speed limit 30 km/h,0.5212929248809814,False
Test/00781.png,39,39,Keep left,0.9245153069496155,True
Test/00782.png,12,12,Priority road,1.0,True
Test/00783.png,38,38,Keep right,0.991309404373169,True
Test/00784.png,7,7,Speed limit 100 km/h,0.9998496770858765,True
Test/00785.png,10,10,No passing for vehicles over 3.5 t,1.0,True
Test/00786.png,2,2,Speed limit 50 km/h,0.9999960660934448,True
Test/00787.png,10,10,No passing for vehicles over 3.5 t,1.0,True
Test/00788.png,2,2,Speed limit 50 km/h,0.999957799911499,True
Test/00789.png,38,38,Keep right,0.9947425127029419,True
Test/00790.png,2,1,Speed limit 30 km/h,0.6991982460021973,False
Test/00791.png,5,5,Speed limit 80 km/h,0.9285467863082886,True
Test/00792.png,1,1,Speed limit 30 km/h,0.9841290712356567,True
Test/00793.png,3,3,Speed limit 60 km/h,0.9854773879051208,True
Test/00794.png,1,2,Speed limit 50 km/h,0.9129254221916199,False
Test/00795.png,42,42,End of no passing for vehicles over 3.5 t,0.9999005794525146,True
Test/00796.png,15,15,No vehicles,0.999994158744812,True
Test/00797.png,15,15,No vehicles,1.0,True
Test/00798.png,4,4,Speed limit 70 km/h,0.9998558759689331,True
Test/00799.png,15,15,No vehicles,1.0,True
Test/00800.png,38,38,Keep right,1.0,True
Test/00801.png,25,25,Road work,1.0,True
Test/00802.png,5,5,Speed limit 80 km/h,0.9880036115646362,True
Test/00803.png,5,5,Speed limit 80 km/h,0.977174699306488,True
Test/00804.png,12,13,Yield,0.765575110912323,False
Test/00805.png,2,1,Speed limit 30 km/h,0.8672117590904236,False
Test/00806.png,26,26,Traffic signals,0.9900552034378052,True
Test/00807.png,0,0,Speed limit 20 km/h,0.8693908452987671,True
Test/00808.png,17,17,No entry,1.0,True
Test/00809.png,0,1,Speed limit 30 km/h,0.7595375776290894,False
Test/00810.png,26,26,Traffic signals,0.9999998807907104,True
Test/00811.png,31,31,Wild animals crossing,0.9988288283348083,True
Test/00812.png,4,4,Speed limit 70 km/h,0.9992337226867676,True
Test/00813.png,13,13,Yield,0.9932727813720703,True
Test/00814.png,17,17,No entry,0.9832866191864014,True
Test/00815.png,1,1,Speed limit 30 km/h,0.9764673113822937,True
Test/00816.png,11,11,Right-of-way at next intersection,0.9972725510597229,True
Test/00817.png,8,8,Speed limit 120 km/h,0.9996132254600525,True
Test/00818.png,1,1,Speed limit 30 km/h,0.9970601201057434,True
Test/00819.png,2,2,Speed limit 50 km/h,0.9998774528503418,True
Test/00820.png,4,1,Speed limit 30 km/h,0.5665730237960815,False
Test/00821.png,14,14,Stop,0.9998196959495544,True
Test/00822.png,3,3,Speed limit 60 km/h,0.9996368885040283,True
Test/00823.png,4,4,Speed limit 70 km/h,0.9983476400375366,True
Test/00824.png,25,25,Road work,1.0,True
Test/00825.png,4,4,Speed limit 70 km/h,0.9995322227478027,True
Test/00826.png,15,15,No vehicles,1.0,True
Test/00827.png,2,2,Speed limit 50 km/h,0.6215990781784058,True
Test/00828.png,38,38,Keep right,0.9999995231628418,True
Test/00829.png,27,27,Pedestrians,0.6005614995956421,True
Test/00830.png,37,37,Go straight or left,0.9916166663169861,True
Test/00831.png,7,7,Speed limit 100 km/h,0.9997681975364685,True
Test/00832.png,1,1,Speed limit 30 km/h,0.9975671768188477,True
Test/00833.png,18,18,General caution,0.9544653296470642,True
Test/00834.png,28,28,Children crossing,0.9999990463256836,True
Test/00835.png,11,11,Right-of-way at next intersection,0.9999083280563354,True
Test/00836.png,10,10,No passing for vehicles over 3.5 t,0.9989166259765625,True
Test/00837.png,9,9,No passing,0.9999998807907104,True
Test/00838.png,15,15,No vehicles,1.0,True
Test/00839.png,11,11,Right-of-way at next intersection,0.7817181348800659,True
Test/00840.png,12,12,Priority road,1.0,True
Test/00841.png,10,10,No passing for vehicles over 3.5 t,0.9991143345832825,True
Test/00842.png,13,13,Yield,1.0,True
Test/00843.png,13,13,Yield,1.0,True
Test/00844.png,25,25,Road work,1.0,True
Test/00845.png,4,4,Speed limit 70 km/h,0.8642196655273438,True
Test/00846.png,1,1,Speed limit 30 km/h,0.9997472167015076,True
Test/00847.png,38,38,Keep right,1.0,True
Test/00848.png,12,12,Priority road,1.0,True
Test/00849.png,23,23,Slippery road,0.9955723285675049,True
Test/00850.png,10,10,No passing for vehicles over 3.5 t,1.0,True
Test/00851.png,2,2,Speed limit 50 km/h,0.999984860420227,True
Test/00852.png,1,1,Speed limit 30 km/h,0.9997861981391907,True
Test/00853.png,29,29,Bicycles crossing,0.9998809099197388,True
Test/00854.png,24,24,Road narrows on right,0.9853115081787109,True
Test/00855.png,10,10,No passing for vehicles over 3.5 t,0.9999998807907104,True
Test/00856.png,1,1,Speed limit 30 km/h,0.9981343150138855,True
Test/00857.png,28,28,Children crossing,0.9999967813491821,True
Test/00858.png,3,3,Speed limit 60 km/h,0.7235887050628662,True
Test/00859.png,11,24,Road narrows on right,0.4471040964126587,False
Test/00860.png,5,5,Speed limit 80 km/h,0.7897353768348694,True
Test/00861.png,6,6,End of speed limit 80 km/h,0.997149646282196,True
Test/00862.png,9,9,No passing,0.9999955892562866,True
Test/00863.png,2,2,Speed limit 50 km/h,0.9810065031051636,True
Test/00864.png,1,1,Speed limit 30 km/h,0.9983695149421692,True
Test/00865.png,33,33,Turn right ahead,0.9999897480010986,True
Test/00866.png,3,3,Speed limit 60 km/h,0.9885949492454529,True
Test/00867.png,9,9,No passing,0.9962003827095032,True
Test/00868.png,25,25,Road work,1.0,True
Test/00869.png,16,16,Vehicles over 3.5 t prohibited,1.0,True
Test/00870.png,42,42,End of no passing for vehicles over 3.5 t,0.9958217144012451,True
Test/00871.png,35,35,Ahead only,0.9361485242843628,True
Test/00872.png,10,10,No passing for vehicles over 3.5 t,1.0,True
Test/00873.png,28,28,Children crossing,0.9996961355209351,True
Test/00874.png,4,4,Speed limit 70 km/h,0.9997227787971497,True
Test/00875.png,1,1,Speed limit 30 km/h,0.9966625571250916,True
Test/00876.png,7,7,Speed limit 100 km/h,0.9999829530715942,True
Test/00877.png,5,5,Speed limit 80 km/h,0.9890539646148682,True
Test/00878.png,3,3,Speed limit 60 km/h,0.9808918833732605,True
Test/00879.png,23,23,Slippery road,0.8226264119148254,True
Test/00880.png,1,1,Speed limit 30 km/h,0.9999150037765503,True
Test/00881.png,1,1,Speed limit 30 km/h,0.9987899661064148,True
Test/00882.png,10,20,Dangerous curve right,0.5182533860206604,False
Test/00883.png,30,29,Bicycles crossing,0.9903426170349121,False
Test/00884.png,35,35,Ahead only,1.0,True
Test/00885.png,24,24,Road narrows on right,0.9503863453865051,True
Test/00886.png,33,33,Turn right ahead,0.987419068813324,True
Test/00887.png,1,1,Speed limit 30 km/h,0.997999370098114,True
Test/00888.png,12,12,Priority road,1.0,True
Test/00889.png,2,2,Speed limit 50 km/h,0.9986942410469055,True
Test/00890.png,13,13,Yield,1.0,True
Test/00891.png,13,13,Yield,0.9975220561027527,True
Test/00892.png,33,33,Turn right ahead,1.0,True
Test/00893.png,17,17,No entry,1.0,True
Test/00894.png,35,35,Ahead only,0.9298142790794373,True
Test/00895.png,5,5,Speed limit 80 km/h,0.9705262780189514,True
Test/00896.png,15,15,No vehicles,1.0,True
Test/00897.png,31,31,Wild animals crossing,0.9762206077575684,True
Test/00898.png,33,33,Turn right ahead,0.5012009143829346,True
Test/00899.png,42,42,End of no passing for vehicles over 3.5 t,0.5938266515731812,True
Test/00900.png,11,11,Right-of-way at next intersection,0.9999431371688843,True
Test/00901.png,24,24,Road narrows on right,0.999496579170227,True
Test/00902.png,38,38,Keep right,1.0,True
Test/00903.png,4,4,Speed limit 70 km/h,0.9969977140426636,True
Test/00904.png,27,27,Pedestrians,0.3584277927875519,True
Test/00905.png,7,7,Speed limit 100 km/h,0.9998959302902222,True
Test/00906.png,13,13,Yield,1.0,True
Test/00907.png,21,21,Double curve,0.9996150732040405,True
Test/00908.png,38,38,Keep right,0.9090208411216736,True
Test/00909.png,38,38,Keep right,1.0,True
Test/00910.png,1,1,Speed limit 30 km/h,0.9965937733650208,True
Test/00911.png,13,13,Yield,1.0,True
Test/00912.png,23,23,Slippery road,0.9957703948020935,True
Test/00913.png,13,13,Yield,0.9999971389770508,True
Test/00914.png,18,18,General caution,0.7533431649208069,True
Test/00915.png,13,13,Yield,1.0,True
Test/00916.png,13,13,Yield,1.0,True
Test/00917.png,38,38,Keep right,0.9957022070884705,True
Test/00918.png,35,35,Ahead only,0.7800557017326355,True
Test/00919.png,5,5,Speed limit 80 km/h,0.8804360628128052,True
Test/00920.png,12,12,Priority road,1.0,True
Test/00921.png,25,25,Road work,0.9999923706054688,True
Test/00922.png,4,4,Speed limit 70 km/h,0.9999998807907104,True
Test/00923.png,1,1,Speed limit 30 km/h,0.9552449584007263,True
Test/00924.png,19,19,Dangerous curve left,0.9729409217834473,True
Test/00925.png,3,3,Speed limit 60 km/h,0.998144268989563,True
Test/00926.png,9,9,No passing,1.0,True
Test/00927.png,2,2,Speed limit 50 km/h,0.9999871253967285,True
Test/00928.png,3,3,Speed limit 60 km/h,0.9428351521492004,True
Test/00929.png,17,17,No entry,1.0,True
Test/00930.png,38,38,Keep right,1.0,True
Test/00931.png,5,5,Speed limit 80 km/h,0.8755382299423218,True
Test/00932.png,5,5,Speed limit 80 km/h,0.8388401865959167,True
Test/00933.png,38,38,Keep right,0.9999997615814209,True
Test/00934.png,1,1,Speed limit 30 km/h,0.9996194839477539,True
Test/00935.png,11,11,Right-of-way at next intersection,0.9284831881523132,True
Test/00936.png,31,31,Wild animals crossing,0.9942775368690491,True
Test/00937.png,2,2,Speed limit 50 km/h,0.9767711162567139,True
Test/00938.png,42,42,End of no passing for vehicles over 3.5 t,0.9349760413169861,True
Test/00939.png,12,13,Yield,0.6138232350349426,False
Test/00940.png,35,35,Ahead only,0.9999481439590454,True
Test/00941.png,29,29,Bicycles crossing,0.9999932050704956,True
Test/00942.png,38,38,Keep right,0.9999759197235107,True
Test/00943.png,0,1,Speed limit 30 km/h,0.8276169896125793,False
Test/00944.png,38,38,Keep right,1.0,True
Test/00945.png,10,10,No passing for vehicles over 3.5 t,1.0,True
Test/00946.png,13,13,Yield,1.0,True
Test/00947.png,1,1,Speed limit 30 km/h,0.8947353959083557,True
Test/00948.png,34,34,Turn left ahead,1.0,True
Test/00949.png,22,22,Bumpy road,0.989253580570221,True
Test/00950.png,12,12,Priority road,0.9704196453094482,True
Test/00951.png,31,31,Wild animals crossing,0.4361875355243683,True
Test/00952.png,15,15,No vehicles,0.9999994039535522,True
Test/00953.png,13,13,Yield,1.0,True
Test/00954.png,31,31,Wild animals crossing,0.9962310194969177,True
Test/00955.png,1,1,Speed limit 30 km/h,0.9979427456855774,True
Test/00956.png,42,42,End of no passing for vehicles over 3.5 t,0.9009148478507996,True
Test/00957.png,36,38,Keep right,0.8734174966812134,False
Test/00958.png,7,7,Speed limit 100 km/h,0.9508182406425476,True
Test/00959.png,20,20,Dangerous curve right,0.7757756114006042,True
Test/00960.png,27,27,Pedestrians,0.9256346821784973,True
Test/00961.png,15,15,No vehicles,1.0,True
Test/00962.png,12,12,Priority road,0.9999969005584717,True
Test/00963.png,14,14,Stop,1.0,True
Test/00964.png,10,10,No passing for vehicles over 3.5 t,0.9999964237213135,True
Test/00965.png,5,5,Speed limit 80 km/h,0.8305050730705261,True
Test/00966.png,32,32,End of all speed and passing limits,0.8957046270370483,True
Test/00967.png,3,3,Speed limit 60 km/h,0.988774299621582,True
Test/00968.png,7,7,Speed limit 100 km/h,0.9999980926513672,True
Test/00969.png,13,13,Yield,1.0,True
Test/00970.png,12,12,Priority road,0.9994916915893555,True
Test/00971.png,7,7,Speed limit 100 km/h,0.9993419051170349,True
Test/00972.png,13,13,Yield,1.0,True
Test/00973.png,4,4,Speed limit 70 km/h,0.9958547949790955,True
Test/00974.png,10,10,No passing for vehicles over 3.5 t,1.0,True
Test/00975.png,8,8,Speed limit 120 km/h,0.964469313621521,True
Test/00976.png,23,23,Slippery road,0.9994097948074341,True
Test/00977.png,10,10,No passing for vehicles over 3.5 t,1.0,True
Test/00978.png,39,39,Keep left,1.0,True
Test/00979.png,2,2,Speed limit 50 km/h,0.9965290427207947,True
Test/00980.png,13,13,Yield,1.0,True
Test/00981.png,7,7,Speed limit 100 km/h,0.9612207412719727,True
Test/00982.png,1,1,Speed limit 30 km/h,0.9812796115875244,True
Test/00983.png,5,5,Speed limit 80 km/h,0.9524454474449158,True
Test/00984.png,31,28,Children crossing,0.4604780077934265,False
Test/00985.png,10,10,No passing for vehicles over 3.5 t,0.9999996423721313,True
Test/00986.png,5,5,Speed limit 80 km/h,0.9977481961250305,True
Test/00987.png,31,31,Wild animals crossing,0.9960163235664368,True
Test/00988.png,7,7,Speed limit 100 km/h,0.908591091632843,True
Test/00989.png,39,39,Keep left,1.0,True
Test/00990.png,0,1,Speed limit 30 km/h,0.6219409704208374,False
Test/00991.png,23,23,Slippery road,0.9999983310699463,True
Test/00992.png,7,7,Speed limit 100 km/h,0.8217570781707764,True
Test/00993.png,38,38,Keep right,1.0,True
Test/00994.png,35,35,Ahead only,1.0,True
Test/00995.png,38,38,Keep right,0.9910247325897217,True
Test/00996.png,25,25,Road work,0.9999998807907104,True
Test/00997.png,38,38,Keep right,1.0,True
Test/00998.png,9,9,No passing,1.0,True
Test/00999.png,16,16,Vehicles over 3.5 t prohibited,0.9999997615814209,True
Test/01000.png,17,17,No entry,1.0,True
Test/01001.png,1,1,Speed limit 30 km/h,0.9999977350234985,True
Test/01002.png,12,12,Priority road,1.0,True
Test/01003.png,12,12,Priority road,1.0,True
Test/01004.png,10,10,No passing for vehicles over 3.5 t,0.9979280233383179,True
Test/01005.png,5,5,Speed limit 80 km/h,0.9896575808525085,True
Test/01006.png,38,38,Keep right,0.9989367127418518,True
Test/01007.png,3,3,Speed limit 60 km/h,0.9999909400939941,True
Test/01008.png,12,12,Priority road,0.5502310991287231,True
Test/01009.png,12,12,Priority road,1.0,True
Test/01010.png,8,8,Speed limit 120 km/h,0.9995366334915161,True
Test/01011.png,10,10,No passing for vehicles over 3.5 t,0.43678364157676697,True
Test/01012.png,2,2,Speed limit 50 km/h,0.9930725693702698,True
Test/01013.png,10,10,No passing for vehicles over 3.5 t,0.9995043277740479,True
Test/01014.png,12,12,Priority road,1.0,True
Test/01015.png,35,35,Ahead only,1.0,True
Test/01016.png,15,15,No vehicles,0.9999984502792358,True
Test/01017.png,4,4,Speed limit 70 km/h,0.9989703893661499,True
Test/01018.png,35,35,Ahead only,0.9980641007423401,True
Test/01019.png,5,3,Speed limit 60 km/h,0.7200549244880676,False
Test/01020.png,14,14,Stop,1.0,True
Test/01021.png,1,1,Speed limit 30 km/h,0.9999841451644897,True
Test/01022.png,11,11,Right-of-way at next intersection,0.7693172097206116,True
Test/01023.png,35,35,Ahead only,0.9997501969337463,True
Test/01024.png,38,38,Keep right,1.0,True
Test/01025.png,30,30,Beware of ice or snow,0.9562098383903503,True
Test/01026.png,11,11,Right-of-way at next intersection,0.9999589920043945,True
Test/01027.png,4,4,Speed limit 70 km/h,0.9966591596603394,True
Test/01028.png,12,12,Priority road,0.999884843826294,True
Test/01029.png,1,1,Speed limit 30 km/h,0.9992293119430542,True
Test/01030.png,18,18,General caution,0.5785685181617737,True
Test/01031.png,8,8,Speed limit 120 km/h,0.8895171880722046,True
Test/01032.png,11,11,Right-of-way at next intersection,0.999998927116394,True
Test/01033.png,41,41,End of no passing,0.9952795505523682,True
Test/01034.png,10,10,No passing for vehicles over 3.5 t,0.4534984827041626,True
Test/01035.png,2,2,Speed limit 50 km/h,0.9980512857437134,True
Test/01036.png,8,8,Speed limit 120 km/h,0.9998422861099243,True
Test/01037.png,2,2,Speed limit 50 km/h,0.9997414946556091,True
Test/01038.png,35,35,Ahead only,0.7583827972412109,True
Test/01039.png,13,13,Yield,0.9996080994606018,True
Test/01040.png,38,38,Keep right,0.99483722448349,True
Test/01041.png,9,9,No passing,0.9999998807907104,True
Test/01042.png,12,12,Priority road,1.0,True
Test/01043.png,7,5,Speed limit 80 km/h,0.6039898991584778,False
Test/01044.png,12,12,Priority road,0.9994367957115173,True
Test/01045.png,31,31,Wild animals crossing,0.76939457654953,True
Test/01046.png,2,2,Speed limit 50 km/h,0.9999455213546753,True
Test/01047.png,11,11,Right-of-way at next intersection,0.9999898672103882,True
Test/01048.png,17,17,No entry,1.0,True
Test/01049.png,35,35,Ahead only,0.9968703389167786,True
Test/01050.png,4,4,Speed limit 70 km/h,0.9989433884620667,True
Test/01051.png,18,18,General caution,0.9981094598770142,True
Test/01052.png,4,4,Speed limit 70 km/h,0.9998020529747009,True
Test/01053.png,34,34,Turn left ahead,1.0,True
Test/01054.png,40,40,Roundabout mandatory,0.9963744282722473,True
Test/01055.png,11,11,Right-of-way at next intersection,1.0,True
Test/01056.png,11,11,Right-of-way at next intersection,0.9999195337295532,True
Test/01057.png,33,33,Turn right ahead,0.998163640499115,True
Test/01058.png,15,15,No vehicles,0.9999990463256836,True
Test/01059.png,13,13,Yield,1.0,True
Test/01060.png,5,5,Speed limit 80 km/h,0.9736102223396301,True
Test/01061.png,12,38,Keep right,0.231355220079422,False
Test/01062.png,13,13,Yield,1.0,True
Test/01063.png,13,13,Yield,1.0,True
Test/01064.png,12,12,Priority road,0.9999403953552246,True
Test/01065.png,7,7,Speed limit 100 km/h,0.5278377532958984,True
Test/01066.png,31,31,Wild animals crossing,0.9804469347000122,True
Test/01067.png,32,32,End of all speed and passing limits,0.9607108235359192,True
Test/01068.png,4,4,Speed limit 70 km/h,0.9999511241912842,True
Test/01069.png,41,41,End of no passing,0.8934220671653748,True
Test/01070.png,8,8,Speed limit 120 km/h,0.9929928779602051,True
Test/01071.png,2,2,Speed limit 50 km/h,0.9999949932098389,True
Test/01072.png,8,8,Speed limit 120 km/h,0.8417481780052185,True
Test/01073.png,39,39,Keep left,0.9154558181762695,True
Test/01074.png,14,14,Stop,1.0,True
Test/01075.png,42,42,End of no passing for vehicles over 3.5 t,0.9493048191070557,True
Test/01076.png,4,4,Speed limit 70 km/h,0.9995062351226807,True
Test/01077.png,7,8,Speed limit 120 km/h,0.9256893396377563,False
Test/01078.png,11,31,Wild animals crossing,0.6562309265136719,False
Test/01079.png,21,19,Dangerous curve left,0.33333122730255127,False
Test/01080.png,2,2,Speed limit 50 km/h,0.9962693452835083,True
Test/01081.png,2,2,Speed limit 50 km/h,0.9994896650314331,True
Test/01082.png,13,13,Yield,1.0,True
Test/01083.png,10,10,No passing for vehicles over 3.5 t,0.9999904632568359,True
Test/01084.png,2,2,Speed limit 50 km/h,0.9976849555969238,True
Test/01085.png,8,8,Speed limit 120 km/h,0.9765690565109253,True
Test/01086.png,18,31,Wild animals crossing,0.7257877588272095,False
Test/01087.png,4,4,Speed limit 70 km/h,0.999485969543457,True
Test/01088.png,5,5,Speed limit 80 km/h,0.8298737406730652,True
Test/01089.png,4,4,Speed limit 70 km/h,0.9996973276138306,True
Test/01090.png,16,16,Vehicles over 3.5 t prohibited,0.9999996423721313,True
Test/01091.png,33,33,Turn right ahead,0.9999992847442627,True
Test/01092.png,1,1,Speed limit 30 km/h,0.9891952276229858,True
Test/01093.png,18,18,General caution,0.9997064471244812,True
Test/01094.png,31,31,Wild animals crossing,0.9571526050567627,True
Test/01095.png,37,37,Go straight or left,0.9833047389984131,True
Test/01096.png,30,30,Beware of ice or snow,0.9781895279884338,True
Test/01097.png,9,9,No passing,1.0,True
Test/01098.png,18,18,General caution,0.9630115628242493,True
Test/01099.png,5,5,Speed limit 80 km/h,0.9125975966453552,True
Test/01100.png,35,35,Ahead only,0.9999895095825195,True
Test/01101.png,20,20,Dangerous curve right,0.9938949942588806,True
Test/01102.png,2,2,Speed limit 50 km/h,0.9999998807907104,True
Test/01103.png,20,20,Dangerous curve right,0.9719129800796509,True
Test/01104.png,23,23,Slippery road,0.5215427279472351,True
Test/01105.png,5,5,Speed limit 80 km/h,0.996599018573761,True
Test/01106.png,8,8,Speed limit 120 km/h,0.9260690808296204,True
Test/01107.png,9,9,No passing,0.9901459813117981,True
Test/01108.png,38,38,Keep right,0.9999986886978149,True
Test/01109.png,12,12,Priority road,0.9591934680938721,True
Test/01110.png,35,35,Ahead only,1.0,True
Test/01111.png,5,5,Speed limit 80 km/h,0.9920367002487183,True
Test/01112.png,11,11,Right-of-way at next intersection,0.9477006196975708,True
Test/01113.png,10,10,No passing for vehicles over 3.5 t,0.9999994039535522,True
Test/01114.png,12,12,Priority road,1.0,True
Test/01115.png,33,33,Turn right ahead,1.0,True
Test/01116.png,8,8,Speed limit 120 km/h,0.9881802797317505,True
Test/01117.png,38,38,Keep right,1.0,True
Test/01118.png,3,3,Speed limit 60 km/h,0.9973039627075195,True
Test/01119.png,32,32,End of all speed and passing limits,0.8798465132713318,True
Test/01120.png,31,31,Wild animals crossing,0.9875797629356384,True
Test/01121.png,41,9,No passing,0.9607310891151428,False
Test/01122.png,35,35,Ahead only,0.7619279623031616,True
Test/01123.png,40,40,Roundabout mandatory,0.999933123588562,True
Test/01124.png,13,13,Yield,1.0,True
Test/01125.png,7,7,Speed limit 100 km/h,0.9729428291320801,True
Test/01126.png,12,12,Priority road,1.0,True
Test/01127.png,8,8,Speed limit 120 km/h,0.9999839067459106,True
Test/01128.png,13,13,Yield,1.0,True
Test/01129.png,1,1,Speed limit 30 km/h,0.9881411790847778,True
Test/01130.png,13,13,Yield,1.0,True
Test/01131.png,8,8,Speed limit 120 km/h,0.9274454712867737,True
Test/01132.png,40,40,Roundabout mandatory,0.9965221881866455,True
Test/01133.png,4,4,Speed limit 70 km/h,0.9981619715690613,True
Test/01134.png,4,4,Speed limit 70 km/h,0.9998379945755005,True
Test/01135.png,5,5,Speed limit 80 km/h,0.8960390090942383,True
Test/01136.png,17,17,No entry,1.0,True
Test/01137.png,18,18,General caution,0.9902929067611694,True
Test/01138.png,12,12,Priority road,0.9999991655349731,True
Test/01139.png,35,35,Ahead only,0.9996988773345947,True
Test/01140.png,8,8,Speed limit 120 km/h,0.9906736016273499,True
Test/01141.png,33,33,Turn right ahead,0.9996041655540466,True
Test/01142.png,3,3,Speed limit 60 km/h,0.9999793767929077,True
Test/01143.png,15,15,No vehicles,0.9999905824661255,True
Test/01144.png,12,12,Priority road,0.9999995231628418,True
Test/01145.png,14,14,Stop,1.0,True
Test/01146.png,9,9,No passing,1.0,True
Test/01147.png,4,4,Speed limit 70 km/h,0.9999809265136719,True
Test/01148.png,5,5,Speed limit 80 km/h,0.9862106442451477,True
Test/01149.png,31,31,Wild animals crossing,0.995964765548706,True
Test/01150.png,32,32,End of all speed and passing limits,0.958775520324707,True
Test/01151.png,3,3,Speed limit 60 km/h,0.6822735071182251,True
Test/01152.png,25,25,Road work,1.0,True
Test/01153.png,1,1,Speed limit 30 km/h,0.9706823825836182,True
Test/01154.png,10,10,No passing for vehicles over 3.5 t,1.0,True
Test/01155.png,33,33,Turn right ahead,1.0,True
Test/01156.png,4,4,Speed limit 70 km/h,0.9988493919372559,True
Test/01157.png,35,35,Ahead only,0.990295946598053,True
Test/01158.png,9,9,No passing,1.0,True
Test/01159.png,1,1,Speed limit 30 km/h,0.9994124174118042,True
Test/01160.png,32,32,End of all speed and passing limits,0.9664351940155029,True
Test/01161.png,4,4,Speed limit 70 km/h,0.9999985694885254,True
Test/01162.png,13,13,Yield,1.0,True
Test/01163.png,17,17,No entry,1.0,True
Test/01164.png,4,4,Speed limit 70 km/h,0.9998747110366821,True
Test/01165.png,6,6,End of speed limit 80 km/h,0.9923766851425171,True
Test/01166.png,26,26,Traffic signals,0.9999972581863403,True
Test/01167.png,38,38,Keep right,1.0,True
Test/01168.png,2,2,Speed limit 50 km/h,0.9845863580703735,True
Test/01169.png,20,20,Dangerous curve right,0.9951077699661255,True
Test/01170.png,11,11,Right-of-way at next intersection,0.9654366970062256,True
Test/01171.png,41,41,End of no passing,0.6904090642929077,True
Test/01172.png,38,38,Keep right,1.0,True
Test/01173.png,34,34,Turn left ahead,1.0,True
Test/01174.png,38,38,Keep right,1.0,True
Test/01175.png,39,39,Keep left,1.0,True
Test/01176.png,1,1,Speed limit 30 km/h,0.9950644373893738,True
Test/01177.png,18,27,Pedestrians,0.49837225675582886,False
Test/01178.png,5,5,Speed limit 80 km/h,0.9997556805610657,True
Test/01179.png,9,9,No passing,0.9989376664161682,True
Test/01180.png,26,26,Traffic signals,0.9959006905555725,True
Test/01181.png,17,17,No entry,0.9999998807907104,True
Test/01182.png,31,31,Wild animals crossing,0.9141848683357239,True
Test/01183.png,24,24,Road narrows on right,0.9265371561050415,True
Test/01184.png,37,37,Go straight or left,0.7389343976974487,True
Test/01185.png,12,12,Priority road,1.0,True
Test/01186.png,22,22,Bumpy road,0.9997014403343201,True
Test/01187.png,5,5,Speed limit 80 km/h,0.9811747074127197,True
Test/01188.png,8,8,Speed limit 120 km/h,0.9613833427429199,True
Test/01189.png,12,4,Speed limit 70 km/h,0.8992877006530762,False
Test/01190.png,10,10,No passing for vehicles over 3.5 t,1.0,True
Test/01191.png,2,2,Speed limit 50 km/h,0.9986157417297363,True
Test/01192.png,2,2,Speed limit 50 km/h,0.9934897422790527,True
Test/01193.png,10,10,No passing for vehicles over 3.5 t,1.0,True
Test/01194.png,7,7,Speed limit 100 km/h,0.9980735778808594,True
Test/01195.png,10,10,No passing for vehicles over 3.5 t,1.0,True
Test/01196.png,14,14,Stop,0.9999998807907104,True
Test/01197.png,9,9,No passing,1.0,True
Test/01198.png,8,8,Speed limit 120 km/h,0.9748110771179199,True
Test/01199.png,14,14,Stop,0.9999946355819702,True
Test/01200.png,5,2,Speed limit 50 km/h,0.6618294715881348,False
Test/01201.png,5,5,Speed limit 80 km/h,0.8778542280197144,True
Test/01202.png,25,25,Road work,1.0,True
Test/01203.png,4,4,Speed limit 70 km/h,0.9851605892181396,True
Test/01204.png,3,3,Speed limit 60 km/h,0.637813925743103,True
Test/01205.png,29,29,Bicycles crossing,0.999954104423523,True
Test/01206.png,40,40,Roundabout mandatory,0.9987409710884094,True
Test/01207.png,16,16,Vehicles over 3.5 t prohibited,0.9999996423721313,True
Test/01208.png,35,35,Ahead only,0.966332733631134,True
Test/01209.png,11,31,Wild animals crossing,0.5754624605178833,False
Test/01210.png,18,18,General caution,0.9238821864128113,True
Test/01211.png,12,12,Priority road,0.9999998807907104,True
Test/01212.png,39,39,Keep left,0.9269890785217285,True
Test/01213.png,12,12,Priority road,0.9999996423721313,True
Test/01214.png,30,30,Beware of ice or snow,0.9423030614852905,True
Test/01215.png,12,12,Priority road,0.9999991655349731,True
Test/01216.png,13,13,Yield,1.0,True
Test/01217.png,9,9,No passing,1.0,True
Test/01218.png,9,9,No passing,1.0,True
Test/01219.png,11,11,Right-of-way at next intersection,1.0,True
Test/01220.png,13,13,Yield,1.0,True
Test/01221.png,17,17,No entry,1.0,True
Test/01222.png,29,29,Bicycles crossing,0.7663049101829529,True
Test/01223.png,14,14,Stop,0.9999996423721313,True
Test/01224.png,17,17,No entry,1.0,True
Test/01225.png,26,26,Traffic signals,0.9997808337211609,True
Test/01226.png,1,1,Speed limit 30 km/h,0.9991256594657898,True
Test/01227.png,13,13,Yield,1.0,True
Test/01228.png,11,30,Beware of ice or snow,0.501675546169281,False
Test/01229.png,10,10,No passing for vehicles over 3.5 t,1.0,True
Test/01230.png,5,3,Speed limit 60 km/h,0.5805580615997314,False
Test/01231.png,5,5,Speed limit 80 km/h,0.9937810301780701,True
Test/01232.png,4,4,Speed limit 70 km/h,0.9998125433921814,True
Test/01233.png,4,4,Speed limit 70 km/h,0.9160522222518921,True
Test/01234.png,3,3,Speed limit 60 km/h,0.2630845606327057,True
Test/01235.png,34,34,Turn left ahead,0.9999809265136719,True
Test/01236.png,23,23,Slippery road,0.9997770190238953,True
Test/01237.png,4,4,Speed limit 70 km/h,0.9697335362434387,True
Test/01238.png,7,7,Speed limit 100 km/h,0.9994562268257141,True
Test/01239.png,14,14,Stop,0.9999998807907104,True
Test/01240.png,12,12,Priority road,1.0,True
Test/01241.png,22,22,Bumpy road,0.9994341731071472,True
Test/01242.png,37,37,Go straight or left,0.9961113333702087,True
Test/01243.png,35,35,Ahead only,0.9999885559082031,True
Test/01244.png,12,12,Priority road,1.0,True
Test/01245.png,28,28,Children crossing,0.9999997615814209,True
Test/01246.png,28,28,Children crossing,0.9946367144584656,True
Test/01247.png,2,2,Speed limit 50 km/h,0.5161817073822021,True
Test/01248.png,3,3,Speed limit 60 km/h,0.9996465444564819,True
Test/01249.png,12,12,Priority road,1.0,True
Test/01250.png,10,10,No passing for vehicles over 3.5 t,1.0,True
Test/01251.png,1,1,Speed limit 30 km/h,0.9992961883544922,True
Test/01252.png,8,8,Speed limit 120 km/h,0.9867762923240662,True
Test/01253.png,17,17,No entry,1.0,True
Test/01254.png,37,37,Go straight or left,0.9978328347206116,True
Test/01255.png,12,12,Priority road,0.9998962879180908,True
Test/01256.png,31,31,Wild animals crossing,0.7771194577217102,True
Test/01257.png,11,11,Right-of-way at next intersection,0.9999933242797852,True
Test/01258.png,9,9,No passing,0.9977371692657471,True
Test/01259.png,5,5,Speed limit 80 km/h,0.9899966716766357,True
Test/01260.png,5,7,Speed limit 100 km/h,0.632785975933075,False
Test/01261.png,8,8,Speed limit 120 km/h,0.9959154725074768,True
Test/01262.png,9,9,No passing,0.9981593489646912,True
Test/01263.png,5,5,Speed limit 80 km/h,0.9888553023338318,True
Test/01264.png,10,10,No passing for vehicles over 3.5 t,1.0,True
Test/01265.png,38,38,Keep right,1.0,True
Test/01266.png,42,42,End of no passing for vehicles over 3.5 t,0.9986631870269775,True
Test/01267.png,18,18,General caution,0.9985564351081848,True
Test/01268.png,2,2,Speed limit 50 km/h,0.9831826686859131,True
Test/01269.png,14,14,Stop,0.9999998807907104,True
Test/01270.png,2,1,Speed limit 30 km/h,0.8106116056442261,False
Test/01271.png,12,12,Priority road,0.9998031258583069,True
Test/01272.png,3,3,Speed limit 60 km/h,0.6394477486610413,True
Test/01273.png,2,2,Speed limit 50 km/h,1.0,True
Test/01274.png,42,41,End of no passing,0.5761568546295166,False
Test/01275.png,8,8,Speed limit 120 km/h,0.9006099700927734,True
Test/01276.png,18,18,General caution,0.8842235803604126,True
Test/01277.png,14,14,Stop,0.999576985836029,True
Test/01278.png,5,5,Speed limit 80 km/h,0.965121328830719,True
Test/01279.png,0,0,Speed limit 20 km/h,0.8372511267662048,True
Test/01280.png,2,1,Speed limit 30 km/h,0.7229955196380615,False
Test/01281.png,1,1,Speed limit 30 km/h,0.9932162165641785,True
Test/01282.png,14,14,Stop,0.9999535083770752,True
Test/01283.png,36,36,Go straight or right,0.9999507665634155,True
Test/01284.png,11,11,Right-of-way at next intersection,0.9999723434448242,True
Test/01285.png,13,13,Yield,1.0,True
Test/01286.png,11,11,Right-of-way at next intersection,0.9999864101409912,True
Test/01287.png,10,10,No passing for vehicles over 3.5 t,1.0,True
Test/01288.png,8,8,Speed limit 120 km/h,0.9971609115600586,True
Test/01289.png,34,34,Turn left ahead,1.0,True
Test/01290.png,4,4,Speed limit 70 km/h,0.9999992847442627,True
Test/01291.png,38,38,Keep right,1.0,True
Test/01292.png,14,14,Stop,1.0,True
Test/01293.png,2,2,Speed limit 50 km/h,0.9886347055435181,True
Test/01294.png,7,7,Speed limit 100 km/h,0.9482481479644775,True
Test/01295.png,17,17,No entry,1.0,True
Test/01296.png,29,29,Bicycles crossing,0.8272557854652405,True
Test/01297.png,33,33,Turn right ahead,1.0,True
Test/01298.png,28,28,Children crossing,0.9709810018539429,True
Test/01299.png,7,7,Speed limit 100 km/h,0.9902169704437256,True
Test/01300.png,38,38,Keep right,1.0,True
Test/01301.png,18,18,General caution,0.9447762370109558,True
Test/01302.png,14,14,Stop,0.9999988079071045,True
Test/01303.png,1,1,Speed limit 30 km/h,0.9747785329818726,True
Test/01304.png,33,33,Turn right ahead,0.999390721321106,True
Test/01305.png,16,16,Vehicles over 3.5 t prohibited,1.0,True
Test/01306.png,4,4,Speed limit 70 km/h,0.9991764426231384,True
Test/01307.png,19,19,Dangerous curve left,0.844408392906189,True
Test/01308.png,23,23,Slippery road,0.9999626874923706,True
Test/01309.png,6,6,End of speed limit 80 km/h,0.9981411695480347,True
Test/01310.png,5,5,Speed limit 80 km/h,0.9267069697380066,True
Test/01311.png,8,8,Speed limit 120 km/h,0.9937331080436707,True
Test/01312.png,8,8,Speed limit 120 km/h,0.9586849212646484,True
Test/01313.png,10,10,No passing for vehicles over 3.5 t,1.0,True
Test/01314.png,34,34,Turn left ahead,1.0,True
Test/01315.png,35,35,Ahead only,0.8048776388168335,True
Test/01316.png,5,5,Speed limit 80 km/h,0.9988975524902344,True
Test/01317.png,25,25,Road work,0.912358283996582,True
Test/01318.png,13,13,Yield,1.0,True
Test/01319.png,35,35,Ahead only,0.9579772353172302,True
Test/01320.png,38,38,Keep right,0.999993085861206,True
Test/01321.png,9,9,No passing,1.0,True
Test/01322.png,15,15,No vehicles,0.9999943971633911,True
Test/01323.png,5,5,Speed limit 80 km/h,0.9990801811218262,True
Test/01324.png,14,14,Stop,0.9999217987060547,True
Test/01325.png,26,26,Traffic signals,0.9999963045120239,True
Test/01326.png,42,42,End of no passing for vehicles over 3.5 t,0.9894888997077942,True
Test/01327.png,26,26,Traffic signals,0.9999910593032837,True
Test/01328.png,13,13,Yield,1.0,True
Test/01329.png,17,17,No entry,1.0,True
Test/01330.png,10,10,No passing for vehicles over 3.5 t,1.0,True
Test/01331.png,4,4,Speed limit 70 km/h,0.9974671602249146,True
Test/01332.png,4,4,Speed limit 70 km/h,0.9803255796432495,True
Test/01333.png,9,9,No passing,1.0,True
Test/01334.png,1,1,Speed limit 30 km/h,0.9902912974357605,True
Test/01335.png,2,2,Speed limit 50 km/h,0.9999444484710693,True
Test/01336.png,34,34,Turn left ahead,1.0,True
Test/01337.png,1,1,Speed limit 30 km/h,0.9990954399108887,True
Test/01338.png,42,42,End of no passing for vehicles over 3.5 t,0.7788040041923523,True
Test/01339.png,31,31,Wild animals crossing,0.6656516790390015,True
Test/01340.png,13,13,Yield,1.0,True
Test/01341.png,9,9,No passing,1.0,True
Test/01342.png,13,13,Yield,1.0,True
Test/01343.png,12,12,Priority road,1.0,True
Test/01344.png,38,38,Keep right,1.0,True
Test/01345.png,8,8,Speed limit 120 km/h,0.9998936653137207,True
Test/01346.png,35,35,Ahead only,1.0,True
Test/01347.png,38,38,Keep right,0.9999998807907104,True
Test/01348.png,7,7,Speed limit 100 km/h,0.9996825456619263,True
Test/01349.png,2,2,Speed limit 50 km/h,0.9152310490608215,True
Test/01350.png,5,5,Speed limit 80 km/h,0.9811594486236572,True
Test/01351.png,12,12,Priority road,0.9999008178710938,True
Test/01352.png,25,25,Road work,0.9996194839477539,True
Test/01353.png,8,8,Speed limit 120 km/h,0.9963072538375854,True
Test/01354.png,2,2,Speed limit 50 km/h,0.9992838501930237,True
Test/01355.png,12,12,Priority road,1.0,True
Test/01356.png,28,28,Children crossing,0.9999260902404785,True
Test/01357.png,12,12,Priority road,1.0,True
Test/01358.png,2,2,Speed limit 50 km/h,0.9999997615814209,True
Test/01359.png,2,1,Speed limit 30 km/h,0.8397614359855652,False
Test/01360.png,26,26,Traffic signals,0.9958736300468445,True
Test/01361.png,3,3,Speed limit 60 km/h,0.99207603931427,True
Test/01362.png,8,8,Speed limit 120 km/h,0.9962765574455261,True
Test/01363.png,11,11,Right-of-way at next intersection,0.8076943159103394,True
Test/01364.png,8,8,Speed limit 120 km/h,0.9089887142181396,True
Test/01365.png,10,10,No passing for vehicles over 3.5 t,1.0,True
Test/01366.png,12,12,Priority road,1.0,True
Test/01367.png,5,5,Speed limit 80 km/h,0.9700847268104553,True
Test/01368.png,40,40,Roundabout mandatory,0.9960125684738159,True
Test/01369.png,2,2,Speed limit 50 km/h,0.9969325065612793,True
Test/01370.png,33,33,Turn right ahead,0.9999998807907104,True
Test/01371.png,25,25,Road work,0.9971683621406555,True
Test/01372.png,2,2,Speed limit 50 km/h,0.9906410574913025,True
Test/01373.png,41,41,End of no passing,0.9589925408363342,True
Test/01374.png,16,16,Vehicles over 3.5 t prohibited,1.0,True
Test/01375.png,18,18,General caution,0.9835342764854431,True
Test/01376.png,8,8,Speed limit 120 km/h,0.9998924732208252,True
Test/01377.png,3,3,Speed limit 60 km/h,0.9946132302284241,True
Test/01378.png,34,34,Turn left ahead,1.0,True
Test/01379.png,31,31,Wild animals crossing,0.9781959056854248,True
Test/01380.png,9,9,No passing,1.0,True
Test/01381.png,9,9,No passing,1.0,True
Test/01382.png,13,13,Yield,1.0,True
Test/01383.png,38,38,Keep right,1.0,True
Test/01384.png,7,5,Speed limit 80 km/h,0.6971054077148438,False
Test/01385.png,4,8,Speed limit 120 km/h,0.5908840894699097,False
Test/01386.png,4,4,Speed limit 70 km/h,0.808076798915863,True
Test/01387.png,13,13,Yield,1.0,True
Test/01388.png,12,12,Priority road,0.9999922513961792,True
Test/01389.png,18,18,General caution,0.9662135243415833,True
Test/01390.png,8,8,Speed limit 120 km/h,0.7835465669631958,True
Test/01391.png,38,38,Keep right,0.9993915557861328,True
Test/01392.png,25,25,Road work,1.0,True
Test/01393.png,5,5,Speed limit 80 km/h,0.8772087693214417,True
Test/01394.png,2,2,Speed limit 50 km/h,0.9998654127120972,True
Test/01395.png,42,42,End of no passing for vehicles over 3.5 t,0.9702391624450684,True
Test/01396.png,13,13,Yield,1.0,True
Test/01397.png,35,35,Ahead only,0.9999997615814209,True
Test/01398.png,10,10,No passing for vehicles over 3.5 t,1.0,True
Test/01399.png,12,12,Priority road,1.0,True
Test/01400.png,33,33,Turn right ahead,0.9997599720954895,True
Test/01401.png,13,13,Yield,1.0,True
Test/01402.png,30,25,Road work,0.44187602400779724,False
Test/01403.png,2,2,Speed limit 50 km/h,0.9999853372573853,True
Test/01404.png,38,38,Keep right,0.8963279724121094,True
Test/01405.png,10,10,No passing for vehicles over 3.5 t,0.9999986886978149,True
Test/01406.png,13,13,Yield,0.9999539852142334,True
Test/01407.png,17,17,No entry,1.0,True
Test/01408.png,12,12,Priority road,1.0,True
Test/01409.png,1,1,Speed limit 30 km/h,0.9745047688484192,True
Test/01410.png,15,15,No vehicles,1.0,True
Test/01411.png,7,7,Speed limit 100 km/h,0.999049961566925,True
Test/01412.png,18,18,General caution,0.9993578791618347,True
Test/01413.png,34,34,Turn left ahead,1.0,True
Test/01414.png,38,38,Keep right,1.0,True
Test/01415.png,12,12,Priority road,1.0,True
Test/01416.png,3,3,Speed limit 60 km/h,0.9978320002555847,True
Test/01417.png,3,3,Speed limit 60 km/h,0.9999977350234985,True
Test/01418.png,4,4,Speed limit 70 km/h,0.9997321963310242,True
Test/01419.png,12,12,Priority road,0.9999380111694336,True
Test/01420.png,12,12,Priority road,0.9862897992134094,True
Test/01421.png,10,10,No passing for vehicles over 3.5 t,1.0,True
Test/01422.png,30,30,Beware of ice or snow,0.7938247919082642,True
Test/01423.png,14,14,Stop,0.9999872446060181,True
Test/01424.png,12,12,Priority road,1.0,True
Test/01425.png,14,14,Stop,0.9998739957809448,True
Test/01426.png,10,10,No passing for vehicles over 3.5 t,1.0,True
Test/01427.png,4,4,Speed limit 70 km/h,0.9998558759689331,True
Test/01428.png,17,17,No entry,1.0,True
Test/01429.png,7,7,Speed limit 100 km/h,0.9997325539588928,True
Test/01430.png,13,13,Yield,1.0,True
Test/01431.png,27,25,Road work,0.32803890109062195,False
Test/01432.png,17,17,No entry,1.0,True
Test/01433.png,8,8,Speed limit 120 km/h,0.9964349269866943,True
Test/01434.png,23,23,Slippery road,0.8923932313919067,True
Test/01435.png,18,24,Road narrows on right,0.3688755929470062,False
Test/01436.png,11,11,Right-of-way at next intersection,0.9999979734420776,True
Test/01437.png,38,38,Keep right,0.9998537302017212,True
Test/01438.png,10,10,No passing for vehicles over 3.5 t,1.0,True
Test/01439.png,10,10,No passing for vehicles over 3.5 t,1.0,True
Test/01440.png,5,5,Speed limit 80 km/h,0.7348235845565796,True
Test/01441.png,25,25,Road work,1.0,True
Test/01442.png,18,18,General caution,0.9983524084091187,True
Test/01443.png,4,4,Speed limit 70 km/h,0.9997946619987488,True
Test/01444.png,11,11,Right-of-way at next intersection,0.9996291399002075,True
Test/01445.png,31,31,Wild animals crossing,0.9487015604972839,True
Test/01446.png,12,12,Priority road,1.0,True
Test/01447.png,1,1,Speed limit 30 km/h,0.999764621257782,True
Test/01448.png,8,8,Speed limit 120 km/h,0.9859532713890076,True
Test/01449.png,12,12,Priority road,0.9930753707885742,True
Test/01450.png,35,35,Ahead only,0.9993543028831482,True
Test/01451.png,11,11,Right-of-way at next intersection,0.9999359846115112,True
Test/01452.png,5,5,Speed limit 80 km/h,0.635065495967865,True
Test/01453.png,4,4,Speed limit 70 km/h,0.9987776875495911,True
Test/01454.png,2,2,Speed limit 50 km/h,0.9999960660934448,True
Test/01455.png,18,18,General caution,0.9609153866767883,True
Test/01456.png,38,38,Keep right,0.9910287857055664,True
Test/01457.png,5,5,Speed limit 80 km/h,0.571445643901825,True
Test/01458.png,38,38,Keep right,1.0,True
Test/01459.png,13,13,Yield,1.0,True
Test/01460.png,10,10,No passing for vehicles over 3.5 t,0.9999978542327881,True
Test/01461.png,3,3,Speed limit 60 km/h,0.9997732043266296,True
Test/01462.png,42,42,End of no passing for vehicles over 3.5 t,0.6514657735824585,True
Test/01463.png,34,34,Turn left ahead,1.0,True
Test/01464.png,31,31,Wild animals crossing,0.9833049774169922,True
Test/01465.png,26,26,Traffic signals,0.9999970197677612,True
Test/01466.png,8,8,Speed limit 120 km/h,0.9973301887512207,True
Test/01467.png,5,5,Speed limit 80 km/h,0.9610337615013123,True
Test/01468.png,7,7,Speed limit 100 km/h,0.9877092838287354,True
Test/01469.png,20,20,Dangerous curve right,0.920850396156311,True
Test/01470.png,15,15,No vehicles,0.9999997615814209,True
Test/01471.png,2,2,Speed limit 50 km/h,0.9834243655204773,True
Test/01472.png,3,3,Speed limit 60 km/h,0.9806171655654907,True
Test/01473.png,10,10,No passing for vehicles over 3.5 t,1.0,True
Test/01474.png,13,13,Yield,1.0,True
Test/01475.png,18,18,General caution,0.7751724123954773,True
Test/01476.png,2,2,Speed limit 50 km/h,0.8955411314964294,True
Test/01477.png,35,35,Ahead only,0.8792154788970947,True
Test/01478.png,4,4,Speed limit 70 km/h,1.0,True
Test/01479.png,31,31,Wild animals crossing,0.9986074566841125,True
Test/01480.png,25,25,Road work,1.0,True
Test/01481.png,13,13,Yield,1.0,True
Test/01482.png,1,1,Speed limit 30 km/h,0.9973892569541931,True
Test/01483.png,2,2,Speed limit 50 km/h,0.9999977350234985,True
Test/01484.png,8,8,Speed limit 120 km/h,0.989516019821167,True
Test/01485.png,12,12,Priority road,0.9995067119598389,True
Test/01486.png,2,2,Speed limit 50 km/h,1.0,True
Test/01487.png,32,32,End of all speed and passing limits,0.9797585010528564,True
Test/01488.png,12,12,Priority road,1.0,True
Test/01489.png,12,4,Speed limit 70 km/h,0.45722901821136475,False
Test/01490.png,12,12,Priority road,0.9990977048873901,True
Test/01491.png,2,2,Speed limit 50 km/h,0.877876877784729,True
Test/01492.png,5,5,Speed limit 80 km/h,0.9884728789329529,True
Test/01493.png,5,5,Speed limit 80 km/h,0.9958588480949402,True
Test/01494.png,7,7,Speed limit 100 km/h,0.9935101866722107,True
Test/01495.png,34,34,Turn left ahead,0.9999251365661621,True
Test/01496.png,38,38,Keep right,0.9759031534194946,True
Test/01497.png,7,7,Speed limit 100 km/h,0.7291650176048279,True
Test/01498.png,2,2,Speed limit 50 km/h,1.0,True
Test/01499.png,8,8,Speed limit 120 km/h,0.9919207096099854,True
Test/01500.png,2,2,Speed limit 50 km/h,0.9999998807907104,True
Test/01501.png,8,8,Speed limit 120 km/h,0.998211145401001,True
Test/01502.png,8,8,Speed limit 120 km/h,0.9870916604995728,True
Test/01503.png,9,9,No passing,0.9999847412109375,True
Test/01504.png,7,7,Speed limit 100 km/h,0.9739505648612976,True
Test/01505.png,13,13,Yield,1.0,True
Test/01506.png,1,1,Speed limit 30 km/h,0.9999641180038452,True
Test/01507.png,5,5,Speed limit 80 km/h,0.9446946382522583,True
Test/01508.png,38,38,Keep right,0.6167275309562683,True
Test/01509.png,17,17,No entry,1.0,True
Test/01510.png,5,5,Speed limit 80 km/h,0.70017409324646,True
Test/01511.png,10,10,No passing for vehicles over 3.5 t,1.0,True
Test/01512.png,18,27,Pedestrians,0.7932194471359253,False
Test/01513.png,13,13,Yield,1.0,True
Test/01514.png,30,30,Beware of ice or snow,0.9041202068328857,True
Test/01515.png,1,1,Speed limit 30 km/h,0.9972834587097168,True
Test/01516.png,3,3,Speed limit 60 km/h,0.9940240979194641,True
Test/01517.png,42,42,End of no passing for vehicles over 3.5 t,0.9932578802108765,True
Test/01518.png,16,16,Vehicles over 3.5 t prohibited,0.9999542236328125,True
Test/01519.png,0,0,Speed limit 20 km/h,0.6963359713554382,True
Test/01520.png,8,8,Speed limit 120 km/h,0.9992988109588623,True
Test/01521.png,8,8,Speed limit 120 km/h,0.999946117401123,True
Test/01522.png,17,17,No entry,0.9940659999847412,True
Test/01523.png,13,13,Yield,1.0,True
Test/01524.png,30,30,Beware of ice or snow,0.7582671642303467,True
Test/01525.png,18,18,General caution,0.8574517965316772,True
Test/01526.png,38,38,Keep right,0.9999960660934448,True
Test/01527.png,2,2,Speed limit 50 km/h,0.8520369529724121,True
Test/01528.png,12,12,Priority road,1.0,True
Test/01529.png,38,38,Keep right,1.0,True
Test/01530.png,13,13,Yield,1.0,True
Test/01531.png,1,1,Speed limit 30 km/h,0.9993681311607361,True
Test/01532.png,11,11,Right-of-way at next intersection,0.9999969005584717,True
Test/01533.png,14,14,Stop,0.9999773502349854,True
Test/01534.png,5,5,Speed limit 80 km/h,0.9075698256492615,True
Test/01535.png,3,3,Speed limit 60 km/h,0.99997878074646,True
Test/01536.png,38,38,Keep right,0.9891046285629272,True
Test/01537.png,39,39,Keep left,1.0,True
Test/01538.png,5,5,Speed limit 80 km/h,0.8150706887245178,True
Test/01539.png,25,25,Road work,0.985941469669342,True
Test/01540.png,10,10,No passing for vehicles over 3.5 t,1.0,True
Test/01541.png,29,29,Bicycles crossing,0.5743795037269592,True
Test/01542.png,3,3,Speed limit 60 km/h,0.9991940855979919,True
Test/01543.png,9,9,No passing,1.0,True
Test/01544.png,25,25,Road work,1.0,True
Test/01545.png,38,38,Keep right,1.0,True
Test/01546.png,2,2,Speed limit 50 km/h,0.9999994039535522,True
Test/01547.png,5,5,Speed limit 80 km/h,0.9647660255432129,True
Test/01548.png,25,25,Road work,1.0,True
Test/01549.png,25,25,Road work,1.0,True
Test/01550.png,13,13,Yield,1.0,True
Test/01551.png,10,10,No passing for vehicles over 3.5 t,1.0,True
Test/01552.png,5,5,Speed limit 80 km/h,0.8302291631698608,True
Test/01553.png,3,3,Speed limit 60 km/h,0.9912543892860413,True
Test/01554.png,38,38,Keep right,1.0,True
Test/01555.png,1,1,Speed limit 30 km/h,0.9999368190765381,True
Test/01556.png,4,4,Speed limit 70 km/h,0.999966025352478,True
Test/01557.png,28,28,Children crossing,0.9995467066764832,True
Test/01558.png,2,2,Speed limit 50 km/h,0.98753821849823,True
Test/01559.png,20,20,Dangerous curve right,0.9998910427093506,True
Test/01560.png,42,42,End of no passing for vehicles over 3.5 t,0.8193312287330627,True
Test/01561.png,2,2,Speed limit 50 km/h,0.7178370356559753,True
Test/01562.png,38,38,Keep right,1.0,True
Test/01563.png,38,38,Keep right,1.0,True
Test/01564.png,22,22,Bumpy road,0.999997615814209,True
Test/01565.png,1,1,Speed limit 30 km/h,0.9993835687637329,True
Test/01566.png,25,25,Road work,1.0,True
Test/01567.png,10,10,No passing for vehicles over 3.5 t,0.9997431635856628,True
Test/01568.png,2,2,Speed limit 50 km/h,0.9980542659759521,True
Test/01569.png,5,5,Speed limit 80 km/h,0.9889512658119202,True
Test/01570.png,17,17,No entry,1.0,True
Test/01571.png,1,1,Speed limit 30 km/h,0.999995231628418,True
Test/01572.png,20,20,Dangerous curve right,0.99625563621521,True
Test/01573.png,3,5,Speed limit 80 km/h,0.9390941858291626,False
Test/01574.png,9,9,No passing,0.9999252557754517,True
Test/01575.png,38,38,Keep right,0.9992735981941223,True
Test/01576.png,38,38,Keep right,1.0,True
Test/01577.png,28,28,Children crossing,0.9999967813491821,True
Test/01578.png,3,3,Speed limit 60 km/h,0.9870814681053162,True
Test/01579.png,28,28,Children crossing,0.9558655023574829,True
Test/01580.png,6,6,End of speed limit 80 km/h,0.9979573488235474,True
Test/01581.png,13,13,Yield,1.0,True
Test/01582.png,30,30,Beware of ice or snow,0.8106992244720459,True
Test/01583.png,21,19,Dangerous curve left,0.40320587158203125,False
Test/01584.png,2,2,Speed limit 50 km/h,0.9999983310699463,True
Test/01585.png,7,7,Speed limit 100 km/h,0.9485658407211304,True
Test/01586.png,17,17,No entry,1.0,True
Test/01587.png,35,35,Ahead only,0.9684365391731262,True
Test/01588.png,14,14,Stop,1.0,True
Test/01589.png,13,13,Yield,1.0,True
Test/01590.png,10,10,No passing for vehicles over 3.5 t,1.0,True
Test/01591.png,38,38,Keep right,1.0,True
Test/01592.png,17,17,No entry,0.9993951320648193,True
Test/01593.png,10,10,No passing for vehicles over 3.5 t,0.9998525381088257,True
Test/01594.png,11,11,Right-of-way at next intersection,0.9999964237213135,True
Test/01595.png,8,8,Speed limit 120 km/h,0.9995059967041016,True
Test/01596.png,15,15,No vehicles,0.9999972581863403,True
Test/01597.png,26,25,Road work,0.9220768809318542,False
Test/01598.png,2,2,Speed limit 50 km/h,0.9969314336776733,True
Test/01599.png,4,4,Speed limit 70 km/h,0.9992399215698242,True
Test/01600.png,38,38,Keep right,0.999981164932251,True
Test/01601.png,6,6,End of speed limit 80 km/h,0.9915416836738586,True
Test/01602.png,1,1,Speed limit 30 km/h,0.9999992847442627,True
Test/01603.png,25,25,Road work,1.0,True
Test/01604.png,7,7,Speed limit 100 km/h,0.99979168176651,True
Test/01605.png,8,8,Speed limit 120 km/h,0.9850813746452332,True
Test/01606.png,18,18,General caution,0.978120744228363,True
Test/01607.png,3,3,Speed limit 60 km/h,0.9998749494552612,True
Test/01608.png,8,8,Speed limit 120 km/h,0.9723429679870605,True
Test/01609.png,13,13,Yield,1.0,True
Test/01610.png,16,16,Vehicles over 3.5 t prohibited,1.0,True
Test/01611.png,23,23,Slippery road,0.99998939037323,True
Test/01612.png,42,42,End of no passing for vehicles over 3.5 t,0.7932129502296448,True
Test/01613.png,16,16,Vehicles over 3.5 t prohibited,1.0,True
Test/01614.png,12,12,Priority road,0.9983711838722229,True
Test/01615.png,2,2,Speed limit 50 km/h,0.9999420642852783,True
Test/01616.png,9,9,No passing,0.9999929666519165,True
Test/01617.png,32,32,End of all speed and passing limits,0.9731212854385376,True
Test/01618.png,12,12,Priority road,0.9712780714035034,True
Test/01619.png,2,2,Speed limit 50 km/h,0.998571515083313,True
Test/01620.png,7,7,Speed limit 100 km/h,0.9857345819473267,True
Test/01621.png,7,7,Speed limit 100 km/h,0.9999467134475708,True
Test/01622.png,38,38,Keep right,1.0,True
Test/01623.png,12,12,Priority road,1.0,True
Test/01624.png,7,7,Speed limit 100 km/h,0.9997963309288025,True
Test/01625.png,25,25,Road work,0.9962912797927856,True
Test/01626.png,38,38,Keep right,0.9999972581863403,True
Test/01627.png,38,38,Keep right,1.0,True
Test/01628.png,21,21,Double curve,0.9733008146286011,True
Test/01629.png,9,9,No passing,1.0,True
Test/01630.png,11,11,Right-of-way at next intersection,0.9999778270721436,True
Test/01631.png,10,10,No passing for vehicles over 3.5 t,1.0,True
Test/01632.png,25,25,Road work,0.9999997615814209,True
Test/01633.png,12,12,Priority road,1.0,True
Test/01634.png,20,20,Dangerous curve right,0.9441229701042175,True
Test/01635.png,5,5,Speed limit 80 km/h,0.9971893429756165,True
Test/01636.png,10,10,No passing for vehicles over 3.5 t,0.9999994039535522,True
Test/01637.png,2,2,Speed limit 50 km/h,0.9915464520454407,True
Test/01638.png,23,23,Slippery road,0.9999903440475464,True
Test/01639.png,9,9,No passing,0.9999202489852905,True
Test/01640.png,33,33,Turn right ahead,0.9999933242797852,True
Test/01641.png,13,13,Yield,1.0,True
Test/01642.png,35,35,Ahead only,0.9924873113632202,True
Test/01643.png,19,19,Dangerous curve left,0.9592704176902771,True
Test/01644.png,8,8,Speed limit 120 km/h,0.999678373336792,True
Test/01645.png,5,5,Speed limit 80 km/h,0.8884378671646118,True
Test/01646.png,34,34,Turn left ahead,1.0,True
Test/01647.png,9,9,No passing,0.9999897480010986,True
Test/01648.png,10,10,No passing for vehicles over 3.5 t,1.0,True
Test/01649.png,1,1,Speed limit 30 km/h,0.9930362105369568,True
Test/01650.png,35,35,Ahead only,0.9966822266578674,True
Test/01651.png,17,17,No entry,1.0,True
Test/01652.png,13,13,Yield,1.0,True
Test/01653.png,10,10,No passing for vehicles over 3.5 t,0.9999997615814209,True
Test/01654.png,38,38,Keep right,1.0,True
Test/01655.png,13,13,Yield,0.9999995231628418,True
Test/01656.png,7,7,Speed limit 100 km/h,0.9511563181877136,True
Test/01657.png,26,26,Traffic signals,0.9999396800994873,True
Test/01658.png,12,12,Priority road,1.0,True
Test/01659.png,14,14,Stop,0.9999991655349731,True
Test/01660.png,7,5,Speed limit 80 km/h,0.4380028545856476,False
Test/01661.png,28,28,Children crossing,0.9999924898147583,True
Test/01662.png,17,9,No passing,0.3979347348213196,False
Test/01663.png,31,31,Wild animals crossing,0.4243748188018799,True
Test/01664.png,2,2,Speed limit 50 km/h,0.9936791062355042,True
Test/01665.png,25,25,Road work,0.6934706568717957,True
Test/01666.png,16,16,Vehicles over 3.5 t prohibited,1.0,True
Test/01667.png,6,6,End of speed limit 80 km/h,0.9975032210350037,True
Test/01668.png,12,12,Priority road,1.0,True
Test/01669.png,38,38,Keep right,0.9997259974479675,True
Test/01670.png,17,17,No entry,1.0,True
Test/01671.png,10,10,No passing for vehicles over 3.5 t,0.7868449687957764,True
Test/01672.png,9,9,No passing,0.9999967813491821,True
Test/01673.png,7,7,Speed limit 100 km/h,0.9999151229858398,True
Test/01674.png,15,15,No vehicles,0.9999998807907104,True
Test/01675.png,22,22,Bumpy road,0.9951804876327515,True
Test/01676.png,7,7,Speed limit 100 km/h,0.7972394227981567,True
Test/01677.png,1,1,Speed limit 30 km/h,0.9998881816864014,True
Test/01678.png,38,38,Keep right,1.0,True
Test/01679.png,13,13,Yield,0.9999998807907104,True
Test/01680.png,13,13,Yield,1.0,True
Test/01681.png,25,25,Road work,1.0,True
Test/01682.png,17,17,No entry,0.9999068975448608,True
Test/01683.png,23,23,Slippery road,0.905796229839325,True
Test/01684.png,31,31,Wild animals crossing,0.9724307656288147,True
Test/01685.png,38,38,Keep right,0.9998143315315247,True
Test/01686.png,7,7,Speed limit 100 km/h,0.9875742793083191,True
Test/01687.png,38,38,Keep right,0.9998676776885986,True
Test/01688.png,1,1,Speed limit 30 km/h,0.9998393058776855,True
Test/01689.png,25,25,Road work,0.9999992847442627,True
Test/01690.png,7,7,Speed limit 100 km/h,0.9951194524765015,True
Test/01691.png,34,34,Turn left ahead,0.9999754428863525,True
Test/01692.png,9,9,No passing,1.0,True
Test/01693.png,17,17,No entry,1.0,True
Test/01694.png,5,5,Speed limit 80 km/h,0.8547424077987671,True
Test/01695.png,26,26,Traffic signals,0.9999960660934448,True
Test/01696.png,17,17,No entry,1.0,True
Test/01697.png,30,30,Beware of ice or snow,0.9162772297859192,True
Test/01698.png,38,38,Keep right,0.9987213015556335,True
Test/01699.png,27,27,Pedestrians,0.9989879727363586,True
Test/01700.png,6,6,End of speed limit 80 km/h,0.999089241027832,True
Test/01701.png,5,3,Speed limit 60 km/h,0.6154535412788391,False
Test/01702.png,32,32,End of all speed and passing limits,0.9313197135925293,True
Test/01703.png,25,25,Road work,1.0,True
Test/01704.png,16,16,Vehicles over 3.5 t prohibited,0.9956052899360657,True
Test/01705.png,35,35,Ahead only,0.9973915815353394,True
Test/01706.png,18,18,General caution,0.9566845297813416,True
Test/01707.png,7,7,Speed limit 100 km/h,0.9864523410797119,True
Test/01708.png,8,8,Speed limit 120 km/h,0.9995145797729492,True
Test/01709.png,30,29,Bicycles crossing,0.8306913375854492,False
Test/01710.png,1,1,Speed limit 30 km/h,0.9787024259567261,True
Test/01711.png,1,1,Speed limit 30 km/h,0.9913329482078552,True
Test/01712.png,40,40,Roundabout mandatory,0.5779107213020325,True
Test/01713.png,30,29,Bicycles crossing,0.9030596613883972,False
Test/01714.png,42,42,End of no passing for vehicles over 3.5 t,0.9830104112625122,True
Test/01715.png,10,10,No passing for vehicles over 3.5 t,0.9999918937683105,True
Test/01716.png,9,9,No passing,0.9999997615814209,True
Test/01717.png,10,10,No passing for vehicles over 3.5 t,0.9999998807907104,True
Test/01718.png,11,11,Right-of-way at next intersection,0.9945323467254639,True
Test/01719.png,10,10,No passing for vehicles over 3.5 t,0.9999598264694214,True
Test/01720.png,10,10,No passing for vehicles over 3.5 t,1.0,True
Test/01721.png,13,13,Yield,1.0,True
Test/01722.png,13,13,Yield,0.9999223947525024,True
Test/01723.png,15,15,No vehicles,1.0,True
Test/01724.png,12,12,Priority road,1.0,True
Test/01725.png,38,38,Keep right,1.0,True
Test/01726.png,10,10,No passing for vehicles over 3.5 t,0.9961380362510681,True
Test/01727.png,40,40,Roundabout mandatory,0.9997335076332092,True
Test/01728.png,31,31,Wild animals crossing,0.9555439949035645,True
Test/01729.png,4,4,Speed limit 70 km/h,0.9999066591262817,True
Test/01730.png,2,4,Speed limit 70 km/h,0.9995158910751343,False
Test/01731.png,33,33,Turn right ahead,1.0,True
Test/01732.png,18,18,General caution,0.9481235146522522,True
Test/01733.png,1,1,Speed limit 30 km/h,0.9997974038124084,True
Test/01734.png,2,2,Speed limit 50 km/h,0.9991287589073181,True
Test/01735.png,12,12,Priority road,1.0,True
Test/01736.png,4,4,Speed limit 70 km/h,0.9782147407531738,True
Test/01737.png,15,15,No vehicles,1.0,True
Test/01738.png,17,17,No entry,0.6923454403877258,True
Test/01739.png,10,10,No passing for vehicles over 3.5 t,0.9946030974388123,True
Test/01740.png,13,13,Yield,1.0,True
Test/01741.png,36,36,Go straight or right,0.9999995231628418,True
Test/01742.png,25,25,Road work,0.9999994039535522,True
Test/01743.png,2,2,Speed limit 50 km/h,0.9997866749763489,True
Test/01744.png,10,10,No passing for vehicles over 3.5 t,0.9999909400939941,True
Test/01745.png,5,5,Speed limit 80 km/h,0.9910440444946289,True
Test/01746.png,39,39,Keep left,0.9113425016403198,True
Test/01747.png,12,4,Speed limit 70 km/h,0.8205388784408569,False
Test/01748.png,8,8,Speed limit 120 km/h,0.966798722743988,True
Test/01749.png,38,38,Keep right,1.0,True
Test/01750.png,26,26,Traffic signals,0.9999977350234985,True
Test/01751.png,20,20,Dangerous curve right,0.8983213901519775,True
Test/01752.png,31,31,Wild animals crossing,0.996685802936554,True
Test/01753.png,18,27,Pedestrians,0.5044763684272766,False
Test/01754.png,38,38,Keep right,1.0,True
Test/01755.png,5,5,Speed limit 80 km/h,0.961148738861084,True
Test/01756.png,9,9,No passing,1.0,True
Test/01757.png,7,7,Speed limit 100 km/h,0.9986258745193481,True
Test/01758.png,36,36,Go straight or right,0.9999994039535522,True
Test/01759.png,21,18,General caution,0.518803596496582,False
Test/01760.png,20,20,Dangerous curve right,0.9998043179512024,True
Test/01761.png,37,39,Keep left,0.790616512298584,False
Test/01762.png,17,9,No passing,0.2661919593811035,False
Test/01763.png,41,41,End of no passing,0.9520125389099121,True
Test/01764.png,23,23,Slippery road,0.9999904632568359,True
Test/01765.png,34,34,Turn left ahead,0.9999920129776001,True
Test/01766.png,14,14,Stop,0.9999865293502808,True
Test/01767.png,2,2,Speed limit 50 km/h,0.8390407562255859,True
Test/01768.png,1,1,Speed limit 30 km/h,0.9993293285369873,True
Test/01769.png,18,18,General caution,0.9999428987503052,True
Test/01770.png,3,3,Speed limit 60 km/h,0.9999010562896729,True
Test/01771.png,3,3,Speed limit 60 km/h,0.9983410835266113,True
Test/01772.png,39,39,Keep left,0.999997615814209,True
Test/01773.png,10,10,No passing for vehicles over 3.5 t,0.9999300241470337,True
Test/01774.png,4,4,Speed limit 70 km/h,0.9833059906959534,True
Test/01775.png,12,12,Priority road,1.0,True
Test/01776.png,11,11,Right-of-way at next intersection,0.9967758059501648,True
Test/01777.png,3,3,Speed limit 60 km/h,0.9995137453079224,True
Test/01778.png,35,35,Ahead only,0.9975255131721497,True
Test/01779.png,35,35,Ahead only,0.9906291365623474,True
Test/01780.png,33,33,Turn right ahead,0.999980092048645,True
Test/01781.png,38,38,Keep right,0.7392174601554871,True
Test/01782.png,8,3,Speed limit 60 km/h,0.6023239493370056,False
Test/01783.png,10,10,No passing for vehicles over 3.5 t,1.0,True
Test/01784.png,35,35,Ahead only,0.7303557991981506,True
Test/01785.png,25,25,Road work,0.9999496936798096,True
Test/01786.png,31,31,Wild animals crossing,0.6779170632362366,True
Test/01787.png,5,5,Speed limit 80 km/h,0.6341201663017273,True
Test/01788.png,1,1,Speed limit 30 km/h,0.9891014695167542,True
Test/01789.png,7,7,Speed limit 100 km/h,0.9815946817398071,True
Test/01790.png,40,40,Roundabout mandatory,0.9943214654922485,True
Test/01791.png,11,11,Right-of-way at next intersection,1.0,True
Test/01792.png,38,38,Keep right,1.0,True
Test/01793.png,8,8,Speed limit 120 km/h,0.9868488311767578,True
Test/01794.png,25,25,Road work,0.9999997615814209,True
Test/01795.png,12,12,Priority road,1.0,True
Test/01796.png,14,14,Stop,1.0,True
Test/01797.png,31,20,Dangerous curve right,0.8638373613357544,False
Test/01798.png,7,5,Speed limit 80 km/h,0.9805341362953186,False
Test/01799.png,9,9,No passing,1.0,True
Test/01800.png,13,13,Yield,1.0,True
Test/01801.png,22,22,Bumpy road,0.9999419450759888,True
Test/01802.png,24,24,Road narrows on right,0.8563920855522156,True
Test/01803.png,7,7,Speed limit 100 km/h,0.9999397993087769,True
Test/01804.png,11,11,Right-of-way at next intersection,0.9999942779541016,True
Test/01805.png,28,28,Children crossing,0.807864248752594,True
Test/01806.png,38,38,Keep right,1.0,True
Test/01807.png,16,16,Vehicles over 3.5 t prohibited,1.0,True
Test/01808.png,9,9,No passing,1.0,True
Test/01809.png,35,35,Ahead only,0.9992548823356628,True
Test/01810.png,12,12,Priority road,1.0,True
Test/01811.png,4,4,Speed limit 70 km/h,0.9935581088066101,True
Test/01812.png,12,12,Priority road,0.9286513328552246,True
Test/01813.png,9,9,No passing,0.9999953508377075,True
Test/01814.png,36,38,Keep right,0.5248687863349915,False
Test/01815.png,10,10,No passing for vehicles over 3.5 t,0.9999992847442627,True
Test/01816.png,8,8,Speed limit 120 km/h,0.9986414313316345,True
Test/01817.png,18,18,General caution,0.8398277163505554,True
Test/01818.png,13,13,Yield,1.0,True
Test/01819.png,6,6,End of speed limit 80 km/h,0.856376588344574,True
Test/01820.png,5,5,Speed limit 80 km/h,0.8604962825775146,True
Test/01821.png,28,28,Children crossing,0.99775630235672,True
Test/01822.png,13,13,Yield,1.0,True
Test/01823.png,35,35,Ahead only,0.9953008890151978,True
Test/01824.png,30,30,Beware of ice or snow,0.9838197827339172,True
Test/01825.png,4,4,Speed limit 70 km/h,0.9991185069084167,True
Test/01826.png,14,14,Stop,1.0,True
Test/01827.png,23,23,Slippery road,0.999991774559021,True
Test/01828.png,35,35,Ahead only,0.999322772026062,True
Test/01829.png,38,38,Keep right,1.0,True
Test/01830.png,7,7,Speed limit 100 km/h,0.9946936964988708,True
Test/01831.png,5,5,Speed limit 80 km/h,0.9598492383956909,True
Test/01832.png,5,5,Speed limit 80 km/h,0.9995168447494507,True
Test/01833.png,16,16,Vehicles over 3.5 t prohibited,1.0,True
Test/01834.png,4,4,Speed limit 70 km/h,0.9985485672950745,True
Test/01835.png,2,2,Speed limit 50 km/h,0.9999933242797852,True
Test/01836.png,15,15,No vehicles,1.0,True
Test/01837.png,4,4,Speed limit 70 km/h,0.9979246854782104,True
Test/01838.png,17,17,No entry,1.0,True
Test/01839.png,35,35,Ahead only,0.9994220733642578,True
Test/01840.png,27,27,Pedestrians,0.94488525390625,True
Test/01841.png,33,33,Turn right ahead,1.0,True
Test/01842.png,2,2,Speed limit 50 km/h,0.9993127584457397,True
Test/01843.png,29,29,Bicycles crossing,0.9992270469665527,True
Test/01844.png,5,1,Speed limit 30 km/h,0.8063709735870361,False
Test/01845.png,11,11,Right-of-way at next intersection,0.9998958110809326,True
Test/01846.png,4,4,Speed limit 70 km/h,0.9746107459068298,True
Test/01847.png,10,10,No passing for vehicles over 3.5 t,0.999940037727356,True
Test/01848.png,14,14,Stop,1.0,True
Test/01849.png,13,13,Yield,1.0,True
Test/01850.png,35,35,Ahead only,0.9998177886009216,True
Test/01851.png,28,28,Children crossing,0.9914451837539673,True
Test/01852.png,13,13,Yield,1.0,True
Test/01853.png,0,1,Speed limit 30 km/h,0.8245741724967957,False
Test/01854.png,29,29,Bicycles crossing,0.5948164463043213,True
Test/01855.png,5,5,Speed limit 80 km/h,0.9950108528137207,True
Test/01856.png,24,24,Road narrows on right,0.784654974937439,True
Test/01857.png,12,12,Priority road,0.9988294243812561,True
Test/01858.png,10,10,No passing for vehicles over 3.5 t,1.0,True
Test/01859.png,38,38,Keep right,0.9999996423721313,True
Test/01860.png,9,9,No passing,0.9999247789382935,True
Test/01861.png,42,42,End of no passing for vehicles over 3.5 t,0.7492186427116394,True
Test/01862.png,5,5,Speed limit 80 km/h,0.969109833240509,True
Test/01863.png,1,1,Speed limit 30 km/h,0.9987940788269043,True
Test/01864.png,13,13,Yield,1.0,True
Test/01865.png,21,21,Double curve,0.9767357707023621,True
Test/01866.png,9,9,No passing,0.9999997615814209,True
Test/01867.png,33,33,Turn right ahead,0.9985894560813904,True
Test/01868.png,25,25,Road work,0.9999942779541016,True
Test/01869.png,25,25,Road work,1.0,True
Test/01870.png,10,10,No passing for vehicles over 3.5 t,1.0,True
Test/01871.png,33,33,Turn right ahead,1.0,True
Test/01872.png,9,9,No passing,0.9983811378479004,True
Test/01873.png,12,12,Priority road,0.9936310648918152,True
Test/01874.png,14,14,Stop,1.0,True
Test/01875.png,38,38,Keep right,1.0,True
Test/01876.png,38,38,Keep right,1.0,True
Test/01877.png,2,2,Speed limit 50 km/h,0.9907421469688416,True
Test/01878.png,7,7,Speed limit 100 km/h,0.9999018907546997,True
Test/01879.png,25,25,Road work,0.9999983310699463,True
Test/01880.png,5,5,Speed limit 80 km/h,0.9723839163780212,True
Test/01881.png,15,15,No vehicles,1.0,True
Test/01882.png,12,12,Priority road,0.9999996423721313,True
Test/01883.png,1,1,Speed limit 30 km/h,0.9999995231628418,True
Test/01884.png,5,3,Speed limit 60 km/h,0.7028617262840271,False
Test/01885.png,1,1,Speed limit 30 km/h,0.9960512518882751,True
Test/01886.png,18,18,General caution,0.9249885082244873,True
Test/01887.png,8,8,Speed limit 120 km/h,0.9301009178161621,True
Test/01888.png,16,16,Vehicles over 3.5 t prohibited,1.0,True
Test/01889.png,39,39,Keep left,0.7903785705566406,True
Test/01890.png,13,13,Yield,1.0,True
Test/01891.png,10,10,No passing for vehicles over 3.5 t,0.9996121525764465,True
Test/01892.png,1,1,Speed limit 30 km/h,0.9719876050949097,True
Test/01893.png,4,4,Speed limit 70 km/h,0.9984922409057617,True
Test/01894.png,2,2,Speed limit 50 km/h,0.9999948740005493,True
Test/01895.png,17,17,No entry,1.0,True
Test/01896.png,23,23,Slippery road,0.9999973773956299,True
Test/01897.png,9,9,No passing,1.0,True
Test/01898.png,21,19,Dangerous curve left,0.5316025018692017,False
Test/01899.png,38,38,Keep right,0.9996405839920044,True
Test/01900.png,10,10,No passing for vehicles over 3.5 t,0.9999992847442627,True
Test/01901.png,10,10,No passing for vehicles over 3.5 t,1.0,True
Test/01902.png,31,31,Wild animals crossing,0.9978019595146179,True
Test/01903.png,2,2,Speed limit 50 km/h,0.9999161958694458,True
Test/01904.png,36,38,Keep right,0.8831836581230164,False
Test/01905.png,38,38,Keep right,1.0,True
Test/01906.png,2,2,Speed limit 50 km/h,0.9689794182777405,True
Test/01907.png,31,31,Wild animals crossing,0.9116454720497131,True
Test/01908.png,38,38,Keep right,0.9999711513519287,True
Test/01909.png,8,8,Speed limit 120 km/h,0.8950238227844238,True
Test/01910.png,22,22,Bumpy road,0.8217976689338684,True
Test/01911.png,25,25,Road work,0.9999979734420776,True
Test/01912.png,9,9,No passing,0.9999997615814209,True
Test/01913.png,38,38,Keep right,1.0,True
Test/01914.png,34,34,Turn left ahead,1.0,True
Test/01915.png,38,38,Keep right,1.0,True
Test/01916.png,29,29,Bicycles crossing,0.9992534518241882,True
Test/01917.png,16,16,Vehicles over 3.5 t prohibited,0.9996148347854614,True
Test/01918.png,25,25,Road work,1.0,True
Test/01919.png,35,35,Ahead only,0.999333918094635,True
Test/01920.png,8,8,Speed limit 120 km/h,0.9964959025382996,True
Test/01921.png,22,22,Bumpy road,0.9999953508377075,True
Test/01922.png,5,5,Speed limit 80 km/h,0.5994001030921936,True
Test/01923.png,13,13,Yield,1.0,True
Test/01924.png,4,4,Speed limit 70 km/h,0.5415149927139282,True
Test/01925.png,11,11,Right-of-way at next intersection,0.9999761581420898,True
Test/01926.png,34,34,Turn left ahead,1.0,True
Test/01927.png,31,31,Wild animals crossing,0.9792712330818176,True
Test/01928.png,25,25,Road work,1.0,True
Test/01929.png,1,1,Speed limit 30 km/h,0.9998797178268433,True
Test/01930.png,13,13,Yield,1.0,True
Test/01931.png,8,8,Speed limit 120 km/h,0.9425770044326782,True
Test/01932.png,1,1,Speed limit 30 km/h,0.9981374740600586,True
Test/01933.png,12,12,Priority road,1.0,True
Test/01934.png,2,2,Speed limit 50 km/h,0.9999902248382568,True
Test/01935.png,17,1,Speed limit 30 km/h,0.27669405937194824,False
Test/01936.png,8,4,Speed limit 70 km/h,0.7230762243270874,False
Test/01937.png,23,23,Slippery road,0.9123660326004028,True
Test/01938.png,5,2,Speed limit 50 km/h,0.5545305013656616,False
Test/01939.png,5,5,Speed limit 80 km/h,0.9929500818252563,True
Test/01940.png,5,5,Speed limit 80 km/h,0.7891567349433899,True
Test/01941.png,15,15,No vehicles,1.0,True
Test/01942.png,1,1,Speed limit 30 km/h,0.9859715104103088,True
Test/01943.png,10,10,No passing for vehicles over 3.5 t,0.9434592127799988,True
Test/01944.png,11,11,Right-of-way at next intersection,0.9999752044677734,True
Test/01945.png,8,8,Speed limit 120 km/h,0.9995217323303223,True
Test/01946.png,25,25,Road work,0.9999998807907104,True
Test/01947.png,18,18,General caution,0.9281566143035889,True
Test/01948.png,17,17,No entry,1.0,True
Test/01949.png,10,10,No passing for vehicles over 3.5 t,1.0,True
Test/01950.png,15,15,No vehicles,0.9999961853027344,True
Test/01951.png,25,25,Road work,1.0,True
Test/01952.png,5,5,Speed limit 80 km/h,0.8692229390144348,True
Test/01953.png,4,4,Speed limit 70 km/h,0.9941074848175049,True
Test/01954.png,4,4,Speed limit 70 km/h,0.9796556234359741,True
Test/01955.png,1,1,Speed limit 30 km/h,0.9946610331535339,True
Test/01956.png,4,4,Speed limit 70 km/h,0.9969322681427002,True
Test/01957.png,7,7,Speed limit 100 km/h,0.980575680732727,True
Test/01958.png,40,40,Roundabout mandatory,0.9910739064216614,True
Test/01959.png,11,11,Right-of-way at next intersection,0.9998075366020203,True
Test/01960.png,1,1,Speed limit 30 km/h,0.999987006187439,True
Test/01961.png,20,20,Dangerous curve right,0.8282068371772766,True
Test/01962.png,17,17,No entry,1.0,True
Test/01963.png,26,26,Traffic signals,0.9999709129333496,True
Test/01964.png,38,38,Keep right,1.0,True
Test/01965.png,12,12,Priority road,1.0,True
Test/01966.png,7,7,Speed limit 100 km/h,0.7628376483917236,True
Test/01967.png,4,4,Speed limit 70 km/h,0.9998779296875,True
Test/01968.png,1,1,Speed limit 30 km/h,0.9640796184539795,True
Test/01969.png,40,36,Go straight or right,0.7583429217338562,False
Test/01970.png,9,9,No passing,0.9999960660934448,True
Test/01971.png,9,9,No passing,1.0,True
Test/01972.png,5,5,Speed limit 80 km/h,0.9868239164352417,True
Test/01973.png,1,1,Speed limit 30 km/h,0.999903678894043,True
Test/01974.png,34,34,Turn left ahead,1.0,True
Test/01975.png,12,12,Priority road,1.0,True
Test/01976.png,30,30,Beware of ice or snow,0.9354007244110107,True
Test/01977.png,12,12,Priority road,1.0,True
Test/01978.png,10,10,No passing for vehicles over 3.5 t,1.0,True
Test/01979.png,3,3,Speed limit 60 km/h,0.9974395036697388,True
Test/01980.png,10,10,No passing for vehicles over 3.5 t,1.0,True
Test/01981.png,17,17,No entry,1.0,True
Test/01982.png,10,10,No passing for vehicles over 3.5 t,0.9999399185180664,True
Test/01983.png,7,7,Speed limit 100 km/h,0.9681636095046997,True
Test/01984.png,10,10,No passing for vehicles over 3.5 t,0.9999994039535522,True
Test/01985.png,25,25,Road work,0.9999990463256836,True
Test/01986.png,2,2,Speed limit 50 km/h,0.9999613761901855,True
Test/01987.png,22,22,Bumpy road,0.999996542930603,True
Test/01988.png,8,8,Speed limit 120 km/h,0.998700737953186,True
Test/01989.png,38,38,Keep right,1.0,True
Test/01990.png,7,7,Speed limit 100 km/h,0.9999810457229614,True
Test/01991.png,2,2,Speed limit 50 km/h,0.9970908164978027,True
Test/01992.png,22,22,Bumpy road,0.9999793767929077,True
Test/01993.png,11,11,Right-of-way at next intersection,0.9999850988388062,True
Test/01994.png,11,11,Right-of-way at next intersection,0.988538920879364,True
Test/01995.png,13,13,Yield,1.0,True
Test/01996.png,35,35,Ahead only,0.985490083694458,True
Test/01997.png,12,12,Priority road,1.0,True
Test/01998.png,3,3,Speed limit 60 km/h,0.9053077697753906,True
Test/01999.png,3,3,Speed limit 60 km/h,0.9568007588386536,True
Test/02000.png,34,34,Turn left ahead,0.9993416666984558,True
Test/02001.png,38,38,Keep right,1.0,True
Test/02002.png,8,8,Speed limit 120 km/h,0.9595446586608887,True
Test/02003.png,11,28,Children crossing,0.6245074272155762,False
Test/02004.png,9,9,No passing,0.9999363422393799,True
Test/02005.png,26,26,Traffic signals,0.9999752044677734,True
Test/02006.png,17,17,No entry,1.0,True
Test/02007.png,2,2,Speed limit 50 km/h,0.9999551773071289,True
Test/02008.png,4,4,Speed limit 70 km/h,0.999901533126831,True
Test/02009.png,35,35,Ahead only,0.9985584616661072,True
Test/02010.png,36,36,Go straight or right,0.9994767308235168,True
Test/02011.png,12,12,Priority road,1.0,True
Test/02012.png,38,38,Keep right,1.0,True
Test/02013.png,10,10,No passing for vehicles over 3.5 t,0.9999829530715942,True
Test/02014.png,22,22,Bumpy road,0.9999998807907104,True
Test/02015.png,38,38,Keep right,0.9989239573478699,True
Test/02016.png,8,8,Speed limit 120 km/h,0.9479787349700928,True
Test/02017.png,7,5,Speed limit 80 km/h,0.6156855225563049,False
Test/02018.png,9,9,No passing,0.998143196105957,True
Test/02019.png,17,17,No entry,0.9995890259742737,True
Test/02020.png,3,3,Speed limit 60 km/h,0.9975696206092834,True
Test/02021.png,25,25,Road work,0.9956260919570923,True
Test/02022.png,7,7,Speed limit 100 km/h,0.7672802805900574,True
Test/02023.png,4,4,Speed limit 70 km/h,0.999876856803894,True
Test/02024.png,1,1,Speed limit 30 km/h,0.9969071745872498,True
Test/02025.png,4,29,Bicycles crossing,0.5082804560661316,False
Test/02026.png,1,1,Speed limit 30 km/h,0.9906609654426575,True
Test/02027.png,38,38,Keep right,0.9999836683273315,True
Test/02028.png,4,4,Speed limit 70 km/h,0.9957707524299622,True
Test/02029.png,25,25,Road work,1.0,True
Test/02030.png,10,10,No passing for vehicles over 3.5 t,1.0,True
Test/02031.png,7,7,Speed limit 100 km/h,0.9999923706054688,True
Test/02032.png,38,38,Keep right,0.9852859377861023,True
Test/02033.png,13,13,Yield,1.0,True
Test/02034.png,14,14,Stop,1.0,True
Test/02035.png,35,35,Ahead only,0.9125311970710754,True
Test/02036.png,26,26,Traffic signals,0.9991351962089539,True
Test/02037.png,35,35,Ahead only,0.9999923706054688,True
Test/02038.png,25,25,Road work,0.9999486207962036,True
Test/02039.png,12,12,Priority road,0.7962242364883423,True
Test/02040.png,13,13,Yield,0.9982458353042603,True
Test/02041.png,4,4,Speed limit 70 km/h,0.9922868013381958,True
Test/02042.png,7,7,Speed limit 100 km/h,0.9975520968437195,True
Test/02043.png,1,1,Speed limit 30 km/h,0.9995633959770203,True
Test/02044.png,3,3,Speed limit 60 km/h,0.8743278384208679,True
Test/02045.png,0,1,Speed limit 30 km/h,0.7584336400032043,False
Test/02046.png,38,38,Keep right,0.9999407529830933,True
Test/02047.png,7,7,Speed limit 100 km/h,0.9884682297706604,True
Test/02048.png,2,2,Speed limit 50 km/h,1.0,True
Test/02049.png,13,13,Yield,1.0,True
Test/02050.png,39,39,Keep left,0.9999862909317017,True
Test/02051.png,1,1,Speed limit 30 km/h,0.9992470741271973,True
Test/02052.png,25,25,Road work,0.9999767541885376,True
Test/02053.png,3,3,Speed limit 60 km/h,0.9928273558616638,True
Test/02054.png,18,18,General caution,0.7373422384262085,True
Test/02055.png,1,1,Speed limit 30 km/h,0.9970878958702087,True
Test/02056.png,32,32,End of all speed and passing limits,0.8506107330322266,True
Test/02057.png,36,38,Keep right,0.7909665703773499,False
Test/02058.png,12,12,Priority road,1.0,True
Test/02059.png,9,9,No passing,1.0,True
Test/02060.png,14,14,Stop,0.999993085861206,True
Test/02061.png,9,9,No passing,0.997133731842041,True
Test/02062.png,2,2,Speed limit 50 km/h,0.9999836683273315,True
Test/02063.png,2,2,Speed limit 50 km/h,0.9930481910705566,True
Test/02064.png,5,5,Speed limit 80 km/h,0.998198926448822,True
Test/02065.png,18,26,Traffic signals,0.6768055558204651,False
Test/02066.png,11,11,Right-of-way at next intersection,0.9999986886978149,True
Test/02067.png,12,12,Priority road,0.9998757839202881,True
Test/02068.png,15,15,No vehicles,0.9999984502792358,True
Test/02069.png,18,26,Traffic signals,0.6590961217880249,False
Test/02070.png,11,11,Right-of-way at next intersection,0.9999963045120239,True
Test/02071.png,12,12,Priority road,1.0,True
Test/02072.png,30,30,Beware of ice or snow,0.971161425113678,True
Test/02073.png,1,1,Speed limit 30 km/h,0.8938283920288086,True
Test/02074.png,9,9,No passing,0.9999997615814209,True
Test/02075.png,18,18,General caution,0.9324437379837036,True
Test/02076.png,33,33,Turn right ahead,0.9836795926094055,True
Test/02077.png,7,7,Speed limit 100 km/h,0.9720405340194702,True
Test/02078.png,38,38,Keep right,0.9928519129753113,True
Test/02079.png,17,17,No entry,0.9997432827949524,True
Test/02080.png,2,2,Speed limit 50 km/h,1.0,True
Test/02081.png,9,9,No passing,0.9999853372573853,True
Test/02082.png,15,15,No vehicles,1.0,True
Test/02083.png,13,13,Yield,1.0,True
Test/02084.png,10,10,No passing for vehicles over 3.5 t,0.9999994039535522,True
Test/02085.png,31,31,Wild animals crossing,0.9978535771369934,True
Test/02086.png,28,28,Children crossing,0.9934443235397339,True
Test/02087.png,18,31,Wild animals crossing,0.47822338342666626,False
Test/02088.png,1,1,Speed limit 30 km/h,0.9997945427894592,True
Test/02089.png,13,13,Yield,1.0,True
Test/02090.png,31,31,Wild animals crossing,0.5197523236274719,True
Test/02091.png,28,28,Children crossing,0.873037576675415,True
Test/02092.png,9,9,No passing,1.0,True
Test/02093.png,11,11,Right-of-way at next intersection,0.9991693496704102,True
Test/02094.png,25,25,Road work,0.9999977350234985,True
Test/02095.png,37,37,Go straight or left,0.9807891249656677,True
Test/02096.png,25,25,Road work,0.7020784616470337,True
Test/02097.png,12,12,Priority road,1.0,True
Test/02098.png,18,31,Wild animals crossing,0.4376673996448517,False
Test/02099.png,1,1,Speed limit 30 km/h,0.9990550875663757,True
Test/02100.png,29,29,Bicycles crossing,0.5039817690849304,True
Test/02101.png,31,31,Wild animals crossing,0.9742137789726257,True
Test/02102.png,7,5,Speed limit 80 km/h,0.686677873134613,False
Test/02103.png,2,2,Speed limit 50 km/h,0.9999496936798096,True
Test/02104.png,2,2,Speed limit 50 km/h,0.9998983144760132,True
Test/02105.png,6,6,End of speed limit 80 km/h,0.9283479452133179,True
Test/02106.png,7,7,Speed limit 100 km/h,0.9994524121284485,True
Test/02107.png,4,4,Speed limit 70 km/h,0.9963501691818237,True
Test/02108.png,36,36,Go straight or right,0.9999109506607056,True
Test/02109.png,30,11,Right-of-way at next intersection,0.4902782440185547,False
Test/02110.png,2,2,Speed limit 50 km/h,0.9999785423278809,True
Test/02111.png,17,17,No entry,1.0,True
Test/02112.png,18,26,Traffic signals,0.7839230298995972,False
Test/02113.png,5,5,Speed limit 80 km/h,0.5652088522911072,True
Test/02114.png,2,2,Speed limit 50 km/h,0.8358724117279053,True
Test/02115.png,13,13,Yield,1.0,True
Test/02116.png,26,26,Traffic signals,0.9998677968978882,True
Test/02117.png,7,7,Speed limit 100 km/h,0.9940477609634399,True
Test/02118.png,9,9,No passing,1.0,True
Test/02119.png,3,3,Speed limit 60 km/h,0.9817801117897034,True
Test/02120.png,38,38,Keep right,0.9998365640640259,True
Test/02121.png,18,18,General caution,0.9726903438568115,True
Test/02122.png,11,11,Right-of-way at next intersection,0.9999181032180786,True
Test/02123.png,13,13,Yield,1.0,True
Test/02124.png,11,21,Double curve,0.8284099698066711,False
Test/02125.png,13,13,Yield,1.0,True
Test/02126.png,10,10,No passing for vehicles over 3.5 t,0.9999998807907104,True
Test/02127.png,5,5,Speed limit 80 km/h,0.8390578031539917,True
Test/02128.png,16,16,Vehicles over 3.5 t prohibited,0.9999990463256836,True
Test/02129.png,13,13,Yield,1.0,True
Test/02130.png,16,16,Vehicles over 3.5 t prohibited,0.9999520778656006,True
Test/02131.png,9,9,No passing,1.0,True
Test/02132.png,3,3,Speed limit 60 km/h,0.9773081541061401,True
Test/02133.png,16,16,Vehicles over 3.5 t prohibited,0.9999984502792358,True
Test/02134.png,13,13,Yield,1.0,True
Test/02135.png,35,35,Ahead only,0.7015224695205688,True
Test/02136.png,13,13,Yield,1.0,True
Test/02137.png,10,10,No passing for vehicles over 3.5 t,1.0,True
Test/02138.png,36,36,Go straight or right,0.9688520431518555,True
Test/02139.png,1,1,Speed limit 30 km/h,0.9260938167572021,True
Test/02140.png,38,38,Keep right,1.0,True
Test/02141.png,17,17,No entry,1.0,True
Test/02142.png,12,12,Priority road,1.0,True
Test/02143.png,11,11,Right-of-way at next intersection,0.9999771118164062,True
Test/02144.png,2,2,Speed limit 50 km/h,0.9996912479400635,True
Test/02145.png,4,4,Speed limit 70 km/h,0.999171257019043,True
Test/02146.png,13,13,Yield,1.0,True
Test/02147.png,18,18,General caution,0.991919755935669,True
Test/02148.png,12,12,Priority road,0.9999873638153076,True
Test/02149.png,33,33,Turn right ahead,0.9994688630104065,True
Test/02150.png,11,11,Right-of-way at next intersection,0.9999998807907104,True
Test/02151.png,36,36,Go straight or right,0.9472537040710449,True
Test/02152.png,31,31,Wild animals crossing,0.9751347899436951,True
Test/02153.png,7,7,Speed limit 100 km/h,0.9836671352386475,True
Test/02154.png,1,1,Speed limit 30 km/h,0.9833855032920837,True
Test/02155.png,5,5,Speed limit 80 km/h,0.9974371194839478,True
Test/02156.png,10,10,No passing for vehicles over 3.5 t,1.0,True
Test/02157.png,27,27,Pedestrians,0.416282057762146,True
Test/02158.png,3,3,Speed limit 60 km/h,0.9999792575836182,True
Test/02159.png,40,40,Roundabout mandatory,0.9999821186065674,True
Test/02160.png,0,0,Speed limit 20 km/h,0.6576068997383118,True
Test/02161.png,4,4,Speed limit 70 km/h,0.9906941056251526,True
Test/02162.png,9,9,No passing,1.0,True
Test/02163.png,2,2,Speed limit 50 km/h,0.9998598098754883,True
Test/02164.png,2,2,Speed limit 50 km/h,0.9998223185539246,True
Test/02165.png,2,2,Speed limit 50 km/h,0.990174412727356,True
Test/02166.png,13,13,Yield,1.0,True
Test/02167.png,16,16,Vehicles over 3.5 t prohibited,0.9908707737922668,True
Test/02168.png,13,13,Yield,1.0,True
Test/02169.png,2,1,Speed limit 30 km/h,0.6086921691894531,False
Test/02170.png,18,18,General caution,0.9559342861175537,True
Test/02171.png,2,2,Speed limit 50 km/h,0.9996341466903687,True
Test/02172.png,18,18,General caution,0.8959478139877319,True
Test/02173.png,6,6,End of speed limit 80 km/h,0.8966057300567627,True
Test/02174.png,9,9,No passing,1.0,True
Test/02175.png,2,2,Speed limit 50 km/h,1.0,True
Test/02176.png,17,17,No entry,0.999995231628418,True
Test/02177.png,14,14,Stop,0.9999998807907104,True
Test/02178.png,5,5,Speed limit 80 km/h,0.9959836006164551,True
Test/02179.png,12,12,Priority road,0.8786873817443848,True
Test/02180.png,5,5,Speed limit 80 km/h,0.9623265266418457,True
Test/02181.png,26,26,Traffic signals,0.9999897480010986,True
Test/02182.png,3,3,Speed limit 60 km/h,0.9971461892127991,True
Test/02183.png,17,17,No entry,1.0,True
Test/02184.png,40,40,Roundabout mandatory,0.9999288320541382,True
Test/02185.png,38,38,Keep right,1.0,True
Test/02186.png,14,14,Stop,1.0,True
Test/02187.png,16,16,Vehicles over 3.5 t prohibited,0.9996150732040405,True
Test/02188.png,6,6,End of speed limit 80 km/h,0.9799843430519104,True
Test/02189.png,8,8,Speed limit 120 km/h,0.996249258518219,True
Test/02190.png,4,4,Speed limit 70 km/h,0.9963248372077942,True
Test/02191.png,5,3,Speed limit 60 km/h,0.6574442982673645,False
Test/02192.png,4,4,Speed limit 70 km/h,0.9977872371673584,True
Test/02193.png,11,11,Right-of-way at next intersection,0.9999997615814209,True
Test/02194.png,5,5,Speed limit 80 km/h,0.9859132170677185,True
Test/02195.png,13,13,Yield,1.0,True
Test/02196.png,2,2,Speed limit 50 km/h,0.9990766048431396,True
Test/02197.png,11,11,Right-of-way at next intersection,0.9999792575836182,True
Test/02198.png,12,12,Priority road,0.9999977350234985,True
Test/02199.png,4,4,Speed limit 70 km/h,0.999041736125946,True
Test/02200.png,7,7,Speed limit 100 km/h,0.991511881351471,True
Test/02201.png,38,38,Keep right,1.0,True
Test/02202.png,33,33,Turn right ahead,0.9999309778213501,True
Test/02203.png,10,10,No passing for vehicles over 3.5 t,1.0,True
Test/02204.png,33,33,Turn right ahead,1.0,True
Test/02205.png,12,12,Priority road,1.0,True
Test/02206.png,14,14,Stop,0.919744610786438,True
Test/02207.png,38,38,Keep right,1.0,True
Test/02208.png,1,1,Speed limit 30 km/h,0.99857497215271,True
Test/02209.png,23,23,Slippery road,0.9978378415107727,True
Test/02210.png,7,7,Speed limit 100 km/h,0.9781023859977722,True
Test/02211.png,27,27,Pedestrians,0.9913833141326904,True
Test/02212.png,35,35,Ahead only,0.6810579299926758,True
Test/02213.png,10,10,No passing for vehicles over 3.5 t,1.0,True
Test/02214.png,4,4,Speed limit 70 km/h,0.9345645308494568,True
Test/02215.png,1,1,Speed limit 30 km/h,0.9999376535415649,True
Test/02216.png,11,11,Right-of-way at next intersection,0.9995425939559937,True
Test/02217.png,35,35,Ahead only,0.9999943971633911,True
Test/02218.png,42,42,End of no passing for vehicles over 3.5 t,0.9905818700790405,True
Test/02219.png,28,28,Children crossing,0.9296044111251831,True
Test/02220.png,8,1,Speed limit 30 km/h,0.7887189984321594,False
Test/02221.png,12,12,Priority road,1.0,True
Test/02222.png,5,5,Speed limit 80 km/h,0.9502142071723938,True
Test/02223.png,18,18,General caution,0.9993594288825989,True
Test/02224.png,35,35,Ahead only,1.0,True
Test/02225.png,17,17,No entry,1.0,True
Test/02226.png,4,4,Speed limit 70 km/h,0.9999538660049438,True
Test/02227.png,8,8,Speed limit 120 km/h,0.9983239769935608,True
Test/02228.png,26,26,Traffic signals,0.9752069115638733,True
Test/02229.png,17,17,No entry,0.9999774694442749,True
Test/02230.png,14,14,Stop,1.0,True
Test/02231.png,8,8,Speed limit 120 km/h,0.9782415628433228,True
Test/02232.png,15,15,No vehicles,0.9998205304145813,True
Test/02233.png,10,10,No passing for vehicles over 3.5 t,0.9917734265327454,True
Test/02234.png,5,5,Speed limit 80 km/h,0.9437604546546936,True
Test/02235.png,8,3,Speed limit 60 km/h,0.4877364933490753,False
Test/02236.png,6,6,End of speed limit 80 km/h,0.9360882639884949,True
Test/02237.png,14,14,Stop,1.0,True
Test/02238.png,10,10,No passing for vehicles over 3.5 t,1.0,True
Test/02239.png,35,35,Ahead only,0.9995884299278259,True
Test/02240.png,1,1,Speed limit 30 km/h,0.9877637028694153,True
Test/02241.png,13,13,Yield,1.0,True
Test/02242.png,22,22,Bumpy road,0.9999998807907104,True
Test/02243.png,16,16,Vehicles over 3.5 t prohibited,1.0,True
Test/02244.png,1,1,Speed limit 30 km/h,0.9996609687805176,True
Test/02245.png,35,35,Ahead only,1.0,True
Test/02246.png,5,5,Speed limit 80 km/h,0.9846484661102295,True
Test/02247.png,13,13,Yield,1.0,True
Test/02248.png,38,38,Keep right,0.9976562261581421,True
Test/02249.png,7,8,Speed limit 120 km/h,0.6638017892837524,False
Test/02250.png,1,1,Speed limit 30 km/h,0.9982125759124756,True
Test/02251.png,4,4,Speed limit 70 km/h,1.0,True
Test/02252.png,25,25,Road work,0.9999979734420776,True
Test/02253.png,11,11,Right-of-way at next intersection,0.9999995231628418,True
Test/02254.png,3,3,Speed limit 60 km/h,0.9996750354766846,True
Test/02255.png,12,12,Priority road,0.9986956715583801,True
Test/02256.png,2,2,Speed limit 50 km/h,0.9985119700431824,True
Test/02257.png,12,12,Priority road,1.0,True
Test/02258.png,12,26,Traffic signals,0.5274355411529541,False
Test/02259.png,10,10,No passing for vehicles over 3.5 t,0.9990610480308533,True
Test/02260.png,10,10,No passing for vehicles over 3.5 t,0.9999997615814209,True
Test/02261.png,13,13,Yield,1.0,True
Test/02262.png,6,6,End of speed limit 80 km/h,0.8461450338363647,True
Test/02263.png,23,23,Slippery road,0.9999912977218628,True
Test/02264.png,13,13,Yield,1.0,True
Test/02265.png,25,25,Road work,1.0,True
Test/02266.png,2,2,Speed limit 50 km/h,0.9992237091064453,True
Test/02267.png,12,12,Priority road,1.0,True
Test/02268.png,13,13,Yield,1.0,True
Test/02269.png,2,2,Speed limit 50 km/h,0.9999986886978149,True
Test/02270.png,12,12,Priority road,1.0,True
Test/02271.png,13,13,Yield,1.0,True
Test/02272.png,4,4,Speed limit 70 km/h,0.9998200535774231,True
Test/02273.png,16,16,Vehicles over 3.5 t prohibited,0.9999997615814209,True
Test/02274.png,20,20,Dangerous curve right,0.9708071947097778,True
Test/02275.png,12,12,Priority road,0.999546468257904,True
Test/02276.png,25,25,Road work,0.9999974966049194,True
Test/02277.png,10,10,No passing for vehicles over 3.5 t,1.0,True
Test/02278.png,1,1,Speed limit 30 km/h,0.9997115731239319,True
Test/02279.png,7,7,Speed limit 100 km/h,0.7085378170013428,True
Test/02280.png,38,38,Keep right,0.998808741569519,True
Test/02281.png,5,5,Speed limit 80 km/h,0.9688690900802612,True
Test/02282.png,13,13,Yield,0.9999997615814209,True
Test/02283.png,9,9,No passing,0.9999997615814209,True
Test/02284.png,4,4,Speed limit 70 km/h,0.9981662631034851,True
Test/02285.png,38,38,Keep right,0.9933744072914124,True
Test/02286.png,10,10,No passing for vehicles over 3.5 t,0.9999994039535522,True
Test/02287.png,17,17,No entry,1.0,True
Test/02288.png,30,30,Beware of ice or snow,0.9806050062179565,True
Test/02289.png,13,13,Yield,1.0,True
Test/02290.png,1,1,Speed limit 30 km/h,0.9963458180427551,True
Test/02291.png,14,14,Stop,0.9999954700469971,True
Test/02292.png,10,10,No passing for vehicles over 3.5 t,0.9999998807907104,True
Test/02293.png,10,10,No passing for vehicles over 3.5 t,0.9999998807907104,True
Test/02294.png,33,33,Turn right ahead,0.9999608993530273,True
Test/02295.png,2,2,Speed limit 50 km/h,0.9999897480010986,True
Test/02296.png,13,13,Yield,1.0,True
Test/02297.png,2,2,Speed limit 50 km/h,0.9999077320098877,True
Test/02298.png,7,7,Speed limit 100 km/h,0.9994812607765198,True
Test/02299.png,36,36,Go straight or right,0.9994564652442932,True
Test/02300.png,6,6,End of speed limit 80 km/h,0.9973629117012024,True
Test/02301.png,1,1,Speed limit 30 km/h,0.9999052286148071,True
Test/02302.png,12,12,Priority road,1.0,True
Test/02303.png,17,17,No entry,1.0,True
Test/02304.png,17,17,No entry,1.0,True
Test/02305.png,1,1,Speed limit 30 km/h,0.9977732300758362,True
Test/02306.png,4,4,Speed limit 70 km/h,0.9965362548828125,True
Test/02307.png,1,1,Speed limit 30 km/h,0.9773892164230347,True
Test/02308.png,34,34,Turn left ahead,1.0,True
Test/02309.png,3,3,Speed limit 60 km/h,0.9976443648338318,True
Test/02310.png,5,5,Speed limit 80 km/h,0.9509978294372559,True
Test/02311.png,35,35,Ahead only,0.8309250473976135,True
Test/02312.png,1,1,Speed limit 30 km/h,0.9999490976333618,True
Test/02313.png,1,1,Speed limit 30 km/h,0.9989311099052429,True
Test/02314.png,4,4,Speed limit 70 km/h,0.9999979734420776,True
Test/02315.png,13,13,Yield,1.0,True
Test/02316.png,21,21,Double curve,0.8933413028717041,True
Test/02317.png,25,25,Road work,1.0,True
Test/02318.png,3,3,Speed limit 60 km/h,0.9878815412521362,True
Test/02319.png,7,7,Speed limit 100 km/h,0.9999616146087646,True
Test/02320.png,5,5,Speed limit 80 km/h,0.8998242616653442,True
Test/02321.png,3,3,Speed limit 60 km/h,0.9997864365577698,True
Test/02322.png,7,7,Speed limit 100 km/h,0.9789389371871948,True
Test/02323.png,2,2,Speed limit 50 km/h,0.9973050355911255,True
Test/02324.png,5,5,Speed limit 80 km/h,0.853103518486023,True
Test/02325.png,15,15,No vehicles,0.9999992847442627,True
Test/02326.png,19,19,Dangerous curve left,0.9975377321243286,True
Test/02327.png,2,4,Speed limit 70 km/h,0.9893375635147095,False
Test/02328.png,10,10,No passing for vehicles over 3.5 t,1.0,True
Test/02329.png,14,14,Stop,0.9999995231628418,True
Test/02330.png,28,28,Children crossing,0.9993005990982056,True
Test/02331.png,38,38,Keep right,1.0,True
Test/02332.png,42,42,End of no passing for vehicles over 3.5 t,0.8532578945159912,True
Test/02333.png,36,36,Go straight or right,0.9993075132369995,True
Test/02334.png,17,17,No entry,1.0,True
Test/02335.png,1,1,Speed limit 30 km/h,0.9754090905189514,True
Test/02336.png,5,4,Speed limit 70 km/h,0.6756202578544617,False
Test/02337.png,38,38,Keep right,1.0,True
Test/02338.png,8,8,Speed limit 120 km/h,0.999213457107544,True
Test/02339.png,16,16,Vehicles over 3.5 t prohibited,0.9999358654022217,True
Test/02340.png,7,5,Speed limit 80 km/h,0.5351681709289551,False
Test/02341.png,13,13,Yield,1.0,True
Test/02342.png,18,27,Pedestrians,0.5739217400550842,False
Test/02343.png,1,1,Speed limit 30 km/h,0.9989691972732544,True
Test/02344.png,25,25,Road work,1.0,True
Test/02345.png,32,32,End of all speed and passing limits,0.8354305028915405,True
Test/02346.png,5,5,Speed limit 80 km/h,0.9992820620536804,True
Test/02347.png,29,29,Bicycles crossing,0.6650953888893127,True
Test/02348.png,4,4,Speed limit 70 km/h,0.7460285425186157,True
Test/02349.png,13,3,Speed limit 60 km/h,0.4847572445869446,False
Test/02350.png,35,35,Ahead only,0.9951841235160828,True
Test/02351.png,33,33,Turn right ahead,0.999940037727356,True
Test/02352.png,5,5,Speed limit 80 km/h,0.8777043223381042,True
Test/02353.png,4,1,Speed limit 30 km/h,0.714617133140564,False
Test/02354.png,10,10,No passing for vehicles over 3.5 t,0.4616979658603668,True
Test/02355.png,18,18,General caution,0.9986099004745483,True
Test/02356.png,1,1,Speed limit 30 km/h,0.9911268353462219,True
Test/02357.png,11,11,Right-of-way at next intersection,0.5007364749908447,True
Test/02358.png,33,33,Turn right ahead,0.9999998807907104,True
Test/02359.png,10,10,No passing for vehicles over 3.5 t,0.9999945163726807,True
Test/02360.png,30,30,Beware of ice or snow,0.7418133020401001,True
Test/02361.png,30,30,Beware of ice or snow,0.7242098450660706,True
Test/02362.png,5,5,Speed limit 80 km/h,0.8667349815368652,True
Test/02363.png,31,31,Wild animals crossing,0.7946063876152039,True
Test/02364.png,12,12,Priority road,0.9999998807907104,True
Test/02365.png,2,2,Speed limit 50 km/h,0.9999996423721313,True
Test/02366.png,2,2,Speed limit 50 km/h,0.9001608490943909,True
Test/02367.png,1,1,Speed limit 30 km/h,0.9969334602355957,True
Test/02368.png,8,8,Speed limit 120 km/h,0.9997040629386902,True
Test/02369.png,13,13,Yield,1.0,True
Test/02370.png,21,23,Slippery road,0.8146510720252991,False
Test/02371.png,2,2,Speed limit 50 km/h,0.9999997615814209,True
Test/02372.png,1,2,Speed limit 50 km/h,0.6376408338546753,False
Test/02373.png,25,25,Road work,0.9365096092224121,True
Test/02374.png,8,8,Speed limit 120 km/h,0.986381471157074,True
Test/02375.png,33,33,Turn right ahead,0.9995937943458557,True
Test/02376.png,4,2,Speed limit 50 km/h,0.6127446889877319,False
Test/02377.png,17,17,No entry,1.0,True
Test/02378.png,25,18,General caution,0.3335125148296356,False
Test/02379.png,12,4,Speed limit 70 km/h,0.4981508255004883,False
Test/02380.png,26,26,Traffic signals,0.901472270488739,True
Test/02381.png,11,11,Right-of-way at next intersection,0.9999998807907104,True
Test/02382.png,2,2,Speed limit 50 km/h,0.9999972581863403,True
Test/02383.png,7,7,Speed limit 100 km/h,0.99810791015625,True
Test/02384.png,22,22,Bumpy road,0.9999982118606567,True
Test/02385.png,10,10,No passing for vehicles over 3.5 t,0.9999985694885254,True
Test/02386.png,4,4,Speed limit 70 km/h,0.9910719990730286,True
Test/02387.png,25,25,Road work,1.0,True
Test/02388.png,31,20,Dangerous curve right,0.5007676482200623,False
Test/02389.png,10,10,No passing for vehicles over 3.5 t,0.9999998807907104,True
Test/02390.png,18,18,General caution,0.952096164226532,True
Test/02391.png,1,1,Speed limit 30 km/h,0.9999909400939941,True
Test/02392.png,11,11,Right-of-way at next intersection,0.9999473094940186,True
Test/02393.png,17,17,No entry,0.9502318501472473,True
Test/02394.png,7,7,Speed limit 100 km/h,0.9670544266700745,True
Test/02395.png,2,2,Speed limit 50 km/h,0.996936559677124,True
Test/02396.png,24,24,Road narrows on right,0.9795575737953186,True
Test/02397.png,3,3,Speed limit 60 km/h,0.9356926083564758,True
Test/02398.png,7,7,Speed limit 100 km/h,0.9915034770965576,True
Test/02399.png,5,5,Speed limit 80 km/h,0.9964982271194458,True
Test/02400.png,28,28,Children crossing,0.9999997615814209,True
Test/02401.png,12,12,Priority road,1.0,True
Test/02402.png,8,8,Speed limit 120 km/h,0.9720370769500732,True
Test/02403.png,23,23,Slippery road,0.999996542930603,True
Test/02404.png,38,38,Keep right,1.0,True
Test/02405.png,1,1,Speed limit 30 km/h,0.9962027668952942,True
Test/02406.png,34,34,Turn left ahead,1.0,True
Test/02407.png,23,23,Slippery road,0.9999880790710449,True
Test/02408.png,2,1,Speed limit 30 km/h,0.599963366985321,False
Test/02409.png,8,8,Speed limit 120 km/h,0.967892587184906,True
Test/02410.png,38,38,Keep right,0.9988445043563843,True
Test/02411.png,9,9,No passing,0.99993896484375,True
Test/02412.png,38,38,Keep right,0.9853395223617554,True
Test/02413.png,8,8,Speed limit 120 km/h,0.9999877214431763,True
Test/02414.png,25,25,Road work,0.9999984502792358,True
Test/02415.png,13,13,Yield,1.0,True
Test/02416.png,38,38,Keep right,0.9999997615814209,True
Test/02417.png,13,13,Yield,1.0,True
Test/02418.png,4,4,Speed limit 70 km/h,0.9983813762664795,True
Test/02419.png,31,31,Wild animals crossing,0.9892176389694214,True
Test/02420.png,12,12,Priority road,1.0,True
Test/02421.png,8,8,Speed limit 120 km/h,0.9998660087585449,True
Test/02422.png,31,31,Wild animals crossing,0.9985784292221069,True
Test/02423.png,22,22,Bumpy road,0.9827086329460144,True
Test/02424.png,6,6,End of speed limit 80 km/h,0.9969736337661743,True
Test/02425.png,18,18,General caution,0.5855389833450317,True
Test/02426.png,10,10,No passing for vehicles over 3.5 t,0.9999947547912598,True
Test/02427.png,33,33,Turn right ahead,0.9887929558753967,True
Test/02428.png,5,8,Speed limit 120 km/h,0.4482235610485077,False
Test/02429.png,1,1,Speed limit 30 km/h,0.9998857975006104,True
Test/02430.png,4,4,Speed limit 70 km/h,0.9989266991615295,True
Test/02431.png,12,12,Priority road,1.0,True
Test/02432.png,35,35,Ahead only,0.9927225708961487,True
Test/02433.png,25,25,Road work,1.0,True
Test/02434.png,5,5,Speed limit 80 km/h,0.9887274503707886,True
Test/02435.png,11,11,Right-of-way at next intersection,0.6385065913200378,True
Test/02436.png,13,13,Yield,0.9999411106109619,True
Test/02437.png,7,7,Speed limit 100 km/h,0.9520352482795715,True
Test/02438.png,14,14,Stop,1.0,True
Test/02439.png,8,4,Speed limit 70 km/h,0.9354211688041687,False
Test/02440.png,11,11,Right-of-way at next intersection,0.9992578625679016,True
Test/02441.png,1,1,Speed limit 30 km/h,0.9997119307518005,True
Test/02442.png,11,11,Right-of-way at next intersection,0.970379650592804,True
Test/02443.png,17,17,No entry,1.0,True
Test/02444.png,35,35,Ahead only,0.9953588843345642,True
Test/02445.png,4,4,Speed limit 70 km/h,0.9999697208404541,True
Test/02446.png,26,26,Traffic signals,0.9676674008369446,True
Test/02447.png,6,6,End of speed limit 80 km/h,0.9875690340995789,True
Test/02448.png,19,19,Dangerous curve left,0.9999988079071045,True
Test/02449.png,9,9,No passing,0.9962964653968811,True
Test/02450.png,11,11,Right-of-way at next intersection,0.9873664379119873,True
Test/02451.png,35,35,Ahead only,0.9963982105255127,True
Test/02452.png,38,38,Keep right,0.9999998807907104,True
Test/02453.png,25,25,Road work,1.0,True
Test/02454.png,2,2,Speed limit 50 km/h,0.9999529123306274,True
Test/02455.png,9,9,No passing,0.9999662637710571,True
Test/02456.png,13,13,Yield,1.0,True
Test/02457.png,2,1,Speed limit 30 km/h,0.9591692090034485,False
Test/02458.png,13,13,Yield,1.0,True
Test/02459.png,18,18,General caution,0.9862200021743774,True
Test/02460.png,11,21,Double curve,0.6616080403327942,False
Test/02461.png,38,38,Keep right,1.0,True
Test/02462.png,10,10,No passing for vehicles over 3.5 t,0.9999998807907104,True
Test/02463.png,2,2,Speed limit 50 km/h,0.9998531341552734,True
Test/02464.png,9,9,No passing,1.0,True
Test/02465.png,12,12,Priority road,0.999996542930603,True
Test/02466.png,2,2,Speed limit 50 km/h,0.9954075217247009,True
Test/02467.png,9,9,No passing,0.9854433536529541,True
Test/02468.png,5,5,Speed limit 80 km/h,0.9559361338615417,True
Test/02469.png,1,1,Speed limit 30 km/h,0.8223029375076294,True
Test/02470.png,10,10,No passing for vehicles over 3.5 t,0.9999998807907104,True
Test/02471.png,25,25,Road work,0.9999991655349731,True
Test/02472.png,2,2,Speed limit 50 km/h,0.6792213320732117,True
Test/02473.png,38,38,Keep right,0.9999998807907104,True
Test/02474.png,16,16,Vehicles over 3.5 t prohibited,1.0,True
Test/02475.png,38,38,Keep right,0.9999641180038452,True
Test/02476.png,23,23,Slippery road,0.8083253502845764,True
Test/02477.png,12,12,Priority road,0.46945616602897644,True
Test/02478.png,12,12,Priority road,0.9999998807907104,True
Test/02479.png,31,20,Dangerous curve right,0.4657045900821686,False
Test/02480.png,6,42,End of no passing for vehicles over 3.5 t,0.5116223692893982,False
Test/02481.png,11,11,Right-of-way at next intersection,0.9993758797645569,True
Test/02482.png,25,25,Road work,0.9532378315925598,True
Test/02483.png,17,9,No passing,0.36830100417137146,False
Test/02484.png,25,25,Road work,0.9999988079071045,True
Test/02485.png,36,36,Go straight or right,0.9999995231628418,True
Test/02486.png,9,9,No passing,0.813993513584137,True
Test/02487.png,40,40,Roundabout mandatory,0.9999518394470215,True
Test/02488.png,13,13,Yield,1.0,True
Test/02489.png,25,25,Road work,1.0,True
Test/02490.png,4,4,Speed limit 70 km/h,0.9958091974258423,True
Test/02491.png,9,9,No passing,1.0,True
Test/02492.png,22,22,Bumpy road,0.9999973773956299,True
Test/02493.png,2,2,Speed limit 50 km/h,0.9999982118606567,True
Test/02494.png,2,1,Speed limit 30 km/h,0.9797008037567139,False
Test/02495.png,13,13,Yield,1.0,True
Test/02496.png,3,3,Speed limit 60 km/h,0.9706382155418396,True
Test/02497.png,4,4,Speed limit 70 km/h,0.9933043122291565,True
Test/02498.png,38,38,Keep right,0.9996927976608276,True
Test/02499.png,12,12,Priority road,1.0,True
Test/02500.png,32,32,End of all speed and passing limits,0.9616090655326843,True
Test/02501.png,12,12,Priority road,1.0,True
Test/02502.png,23,23,Slippery road,0.7345339059829712,True
Test/02503.png,39,39,Keep left,0.7213534712791443,True
Test/02504.png,35,35,Ahead only,0.9991402626037598,True
Test/02505.png,31,31,Wild animals crossing,0.9955317974090576,True
Test/02506.png,40,40,Roundabout mandatory,0.9964317083358765,True
Test/02507.png,2,2,Speed limit 50 km/h,0.9999504089355469,True
Test/02508.png,9,9,No passing,0.9998893737792969,True
Test/02509.png,5,7,Speed limit 100 km/h,0.5491142868995667,False
Test/02510.png,8,8,Speed limit 120 km/h,0.9808812141418457,True
Test/02511.png,20,20,Dangerous curve right,0.999755322933197,True
Test/02512.png,5,5,Speed limit 80 km/h,0.9926405549049377,True
Test/02513.png,9,9,No passing,1.0,True
Test/02514.png,2,2,Speed limit 50 km/h,0.9968094229698181,True
Test/02515.png,11,11,Right-of-way at next intersection,0.999977707862854,True
Test/02516.png,12,12,Priority road,1.0,True
Test/02517.png,29,29,Bicycles crossing,0.7984365820884705,True
Test/02518.png,17,17,No entry,0.9945845007896423,True
Test/02519.png,8,8,Speed limit 120 km/h,0.9953852295875549,True
Test/02520.png,3,3,Speed limit 60 km/h,0.9084619879722595,True
Test/02521.png,15,15,No vehicles,0.9999995231628418,True
Test/02522.png,3,3,Speed limit 60 km/h,0.9798790216445923,True
Test/02523.png,13,13,Yield,1.0,True
Test/02524.png,10,10,No passing for vehicles over 3.5 t,0.9262921214103699,True
Test/02525.png,13,13,Yield,1.0,True
Test/02526.png,4,4,Speed limit 70 km/h,0.9999464750289917,True
Test/02527.png,1,1,Speed limit 30 km/h,0.9999275207519531,True
Test/02528.png,25,25,Road work,0.8490696549415588,True
Test/02529.png,5,5,Speed limit 80 km/h,0.6648074388504028,True
Test/02530.png,26,26,Traffic signals,0.9999955892562866,True
Test/02531.png,25,25,Road work,0.9441307187080383,True
Test/02532.png,10,10,No passing for vehicles over 3.5 t,0.9999996423721313,True
Test/02533.png,1,1,Speed limit 30 km/h,0.9998112320899963,True
Test/02534.png,8,8,Speed limit 120 km/h,0.9998875856399536,True
Test/02535.png,40,40,Roundabout mandatory,0.994968593120575,True
Test/02536.png,9,9,No passing,1.0,True
Test/02537.png,10,10,No passing for vehicles over 3.5 t,0.9999997615814209,True
Test/02538.png,3,3,Speed limit 60 km/h,0.9268020987510681,True
Test/02539.png,25,25,Road work,0.9999833106994629,True
Test/02540.png,25,25,Road work,1.0,True
Test/02541.png,12,12,Priority road,1.0,True
Test/02542.png,10,10,No passing for vehicles over 3.5 t,1.0,True
Test/02543.png,13,13,Yield,1.0,True
Test/02544.png,39,39,Keep left,0.9999997615814209,True
Test/02545.png,17,17,No entry,0.999992847442627,True
Test/02546.png,7,7,Speed limit 100 km/h,0.9962804913520813,True
Test/02547.png,17,9,No passing,0.5093016028404236,False
Test/02548.png,9,9,No passing,1.0,True
Test/02549.png,12,12,Priority road,1.0,True
Test/02550.png,1,1,Speed limit 30 km/h,0.9873954057693481,True
Test/02551.png,9,9,No passing,0.9999995231628418,True
Test/02552.png,10,10,No passing for vehicles over 3.5 t,1.0,True
Test/02553.png,4,4,Speed limit 70 km/h,0.9923847913742065,True
Test/02554.png,9,9,No passing,0.9991887211799622,True
Test/02555.png,18,18,General caution,0.9809499382972717,True
Test/02556.png,7,7,Speed limit 100 km/h,0.9388919472694397,True
Test/02557.png,4,4,Speed limit 70 km/h,1.0,True
Test/02558.png,1,1,Speed limit 30 km/h,0.9990932941436768,True
Test/02559.png,23,23,Slippery road,0.515819251537323,True
Test/02560.png,2,2,Speed limit 50 km/h,0.9992104768753052,True
Test/02561.png,4,4,Speed limit 70 km/h,0.9642633199691772,True
Test/02562.png,35,35,Ahead only,0.9991378784179688,True
Test/02563.png,11,11,Right-of-way at next intersection,0.9999853372573853,True
Test/02564.png,9,9,No passing,0.9999871253967285,True
Test/02565.png,5,5,Speed limit 80 km/h,0.9631739258766174,True
Test/02566.png,2,2,Speed limit 50 km/h,0.9927518367767334,True
Test/02567.png,7,7,Speed limit 100 km/h,0.9696914553642273,True
Test/02568.png,25,25,Road work,0.9967030882835388,True
Test/02569.png,14,14,Stop,1.0,True
Test/02570.png,26,26,Traffic signals,0.9996339082717896,True
Test/02571.png,23,23,Slippery road,0.9999971389770508,True
Test/02572.png,5,3,Speed limit 60 km/h,0.6246251463890076,False
Test/02573.png,18,18,General caution,0.9100927710533142,True
Test/02574.png,2,2,Speed limit 50 km/h,0.9999908208847046,True
Test/02575.png,29,29,Bicycles crossing,0.9996328353881836,True
Test/02576.png,25,25,Road work,1.0,True
Test/02577.png,4,28,Children crossing,0.9780080914497375,False
Test/02578.png,22,22,Bumpy road,0.9999547004699707,True
Test/02579.png,12,12,Priority road,0.9999743700027466,True
Test/02580.png,1,1,Speed limit 30 km/h,0.9994816184043884,True
Test/02581.png,14,14,Stop,0.9990695118904114,True
Test/02582.png,34,34,Turn left ahead,1.0,True
Test/02583.png,33,33,Turn right ahead,0.9992610812187195,True
Test/02584.png,19,19,Dangerous curve left,0.9999990463256836,True
Test/02585.png,2,2,Speed limit 50 km/h,0.9856350421905518,True
Test/02586.png,12,12,Priority road,1.0,True
Test/02587.png,9,9,No passing,1.0,True
Test/02588.png,17,17,No entry,1.0,True
Test/02589.png,26,26,Traffic signals,0.9999994039535522,True
Test/02590.png,13,13,Yield,1.0,True
Test/02591.png,14,14,Stop,0.9999935626983643,True
Test/02592.png,3,3,Speed limit 60 km/h,0.9868751764297485,True
Test/02593.png,2,2,Speed limit 50 km/h,0.9999940395355225,True
Test/02594.png,2,1,Speed limit 30 km/h,0.5655906796455383,False
Test/02595.png,5,5,Speed limit 80 km/h,0.9378549456596375,True
Test/02596.png,17,17,No entry,1.0,True
Test/02597.png,25,25,Road work,1.0,True
Test/02598.png,17,17,No entry,1.0,True
Test/02599.png,30,30,Beware of ice or snow,0.9823317527770996,True
Test/02600.png,30,30,Beware of ice or snow,0.9538174271583557,True
Test/02601.png,38,38,Keep right,0.8268170356750488,True
Test/02602.png,35,35,Ahead only,0.9990156888961792,True
Test/02603.png,4,4,Speed limit 70 km/h,0.999355137348175,True
Test/02604.png,2,2,Speed limit 50 km/h,0.9867100119590759,True
Test/02605.png,2,2,Speed limit 50 km/h,0.9999520778656006,True
Test/02606.png,28,28,Children crossing,0.999984860420227,True
Test/02607.png,33,33,Turn right ahead,1.0,True
Test/02608.png,33,33,Turn right ahead,1.0,True
Test/02609.png,33,33,Turn right ahead,0.9997478127479553,True
Test/02610.png,27,27,Pedestrians,0.9961524605751038,True
Test/02611.png,24,24,Road narrows on right,0.982275128364563,True
Test/02612.png,25,25,Road work,0.9999382495880127,True
Test/02613.png,9,9,No passing,1.0,True
Test/02614.png,16,16,Vehicles over 3.5 t prohibited,1.0,True
Test/02615.png,12,38,Keep right,0.7981664538383484,False
Test/02616.png,1,2,Speed limit 50 km/h,0.5867733359336853,False
Test/02617.png,5,5,Speed limit 80 km/h,0.966702938079834,True
Test/02618.png,34,34,Turn left ahead,0.9999951124191284,True
Test/02619.png,10,10,No passing for vehicles over 3.5 t,0.9999270439147949,True
Test/02620.png,25,25,Road work,1.0,True
Test/02621.png,25,25,Road work,0.9999996423721313,True
Test/02622.png,35,35,Ahead only,1.0,True
Test/02623.png,5,5,Speed limit 80 km/h,0.9103487730026245,True
Test/02624.png,13,13,Yield,1.0,True
Test/02625.png,5,8,Speed limit 120 km/h,0.9812011122703552,False
Test/02626.png,7,7,Speed limit 100 km/h,0.9989818930625916,True
Test/02627.png,4,4,Speed limit 70 km/h,0.9998098015785217,True
Test/02628.png,34,34,Turn left ahead,1.0,True
Test/02629.png,15,15,No vehicles,1.0,True
Test/02630.png,7,8,Speed limit 120 km/h,0.7090797424316406,False
Test/02631.png,13,13,Yield,1.0,True
Test/02632.png,1,1,Speed limit 30 km/h,0.9996134638786316,True
Test/02633.png,23,23,Slippery road,0.9999498128890991,True
Test/02634.png,35,35,Ahead only,1.0,True
Test/02635.png,5,3,Speed limit 60 km/h,0.7785833477973938,False
Test/02636.png,13,13,Yield,1.0,True
Test/02637.png,5,5,Speed limit 80 km/h,0.9557504057884216,True
Test/02638.png,28,28,Children crossing,0.9999969005584717,True
Test/02639.png,13,13,Yield,1.0,True
Test/02640.png,12,12,Priority road,1.0,True
Test/02641.png,11,11,Right-of-way at next intersection,0.9994969367980957,True
Test/02642.png,25,25,Road work,0.9999841451644897,True
Test/02643.png,34,34,Turn left ahead,1.0,True
Test/02644.png,10,10,No passing for vehicles over 3.5 t,1.0,True
Test/02645.png,3,3,Speed limit 60 km/h,0.9164077043533325,True
Test/02646.png,5,5,Speed limit 80 km/h,0.986611008644104,True
Test/02647.png,31,31,Wild animals crossing,0.9905625581741333,True
Test/02648.png,11,11,Right-of-way at next intersection,0.9999988079071045,True
Test/02649.png,11,11,Right-of-way at next intersection,0.9997506737709045,True
Test/02650.png,37,37,Go straight or left,0.9739410877227783,True
Test/02651.png,12,13,Yield,0.7785922288894653,False
Test/02652.png,25,25,Road work,1.0,True
Test/02653.png,9,9,No passing,0.9999692440032959,True
Test/02654.png,13,13,Yield,1.0,True
Test/02655.png,30,30,Beware of ice or snow,0.967606246471405,True
Test/02656.png,25,25,Road work,0.9971340894699097,True
Test/02657.png,25,25,Road work,0.9999998807907104,True
Test/02658.png,12,12,Priority road,1.0,True
Test/02659.png,12,12,Priority road,1.0,True
Test/02660.png,30,29,Bicycles crossing,0.9987713694572449,False
Test/02661.png,15,15,No vehicles,1.0,True
Test/02662.png,13,13,Yield,1.0,True
Test/02663.png,1,1,Speed limit 30 km/h,0.9999610185623169,True
Test/02664.png,25,25,Road work,0.9999468326568604,True
Test/02665.png,8,8,Speed limit 120 km/h,0.9974982142448425,True
Test/02666.png,13,13,Yield,1.0,True
Test/02667.png,3,3,Speed limit 60 km/h,0.9943006038665771,True
Test/02668.png,10,10,No passing for vehicles over 3.5 t,0.9999998807907104,True
Test/02669.png,18,26,Traffic signals,0.6282949447631836,False
Test/02670.png,42,42,End of no passing for vehicles over 3.5 t,0.9769464135169983,True
Test/02671.png,9,9,No passing,0.9999990463256836,True
Test/02672.png,16,16,Vehicles over 3.5 t prohibited,1.0,True
Test/02673.png,4,4,Speed limit 70 km/h,0.9998363256454468,True
Test/02674.png,12,12,Priority road,1.0,True
Test/02675.png,15,15,No vehicles,1.0,True
Test/02676.png,25,25,Road work,1.0,True
Test/02677.png,6,6,End of speed limit 80 km/h,0.9991523027420044,True
Test/02678.png,41,41,End of no passing,0.937495768070221,True
Test/02679.png,1,1,Speed limit 30 km/h,0.7116689682006836,True
Test/02680.png,1,1,Speed limit 30 km/h,0.9997523427009583,True
Test/02681.png,2,2,Speed limit 50 km/h,0.9999955892562866,True
Test/02682.png,30,30,Beware of ice or snow,0.49489134550094604,True
Test/02683.png,13,13,Yield,1.0,True
Test/02684.png,33,33,Turn right ahead,0.9999984502792358,True
Test/02685.png,38,38,Keep right,1.0,True
Test/02686.png,4,4,Speed limit 70 km/h,0.9999942779541016,True
Test/02687.png,5,8,Speed limit 120 km/h,0.5459776520729065,False
Test/02688.png,7,7,Speed limit 100 km/h,0.9968345761299133,True
Test/02689.png,2,1,Speed limit 30 km/h,0.7053894996643066,False
Test/02690.png,35,35,Ahead only,0.9997217059135437,True
Test/02691.png,10,10,No passing for vehicles over 3.5 t,1.0,True
Test/02692.png,38,38,Keep right,1.0,True
Test/02693.png,4,4,Speed limit 70 km/h,0.9985867738723755,True
Test/02694.png,1,1,Speed limit 30 km/h,0.9881799221038818,True
Test/02695.png,13,13,Yield,1.0,True
Test/02696.png,11,11,Right-of-way at next intersection,0.9999936819076538,True
Test/02697.png,38,38,Keep right,1.0,True
Test/02698.png,7,7,Speed limit 100 km/h,0.9970076680183411,True
Test/02699.png,5,8,Speed limit 120 km/h,0.697637140750885,False
Test/02700.png,5,5,Speed limit 80 km/h,0.9994117021560669,True
Test/02701.png,35,35,Ahead only,1.0,True
Test/02702.png,37,37,Go straight or left,0.9878870248794556,True
Test/02703.png,38,38,Keep right,1.0,True
Test/02704.png,38,38,Keep right,0.9999990463256836,True
Test/02705.png,1,1,Speed limit 30 km/h,0.9819222688674927,True
Test/02706.png,33,33,Turn right ahead,0.9999998807907104,True
Test/02707.png,29,29,Bicycles crossing,0.9870713353157043,True
Test/02708.png,26,26,Traffic signals,0.8306908011436462,True
Test/02709.png,25,25,Road work,0.9999991655349731,True
Test/02710.png,25,25,Road work,0.9999980926513672,True
Test/02711.png,10,10,No passing for vehicles over 3.5 t,0.9999995231628418,True
Test/02712.png,1,1,Speed limit 30 km/h,0.9976807832717896,True
Test/02713.png,1,1,Speed limit 30 km/h,0.9998201727867126,True
Test/02714.png,1,1,Speed limit 30 km/h,0.9957684278488159,True
Test/02715.png,16,16,Vehicles over 3.5 t prohibited,0.9999862909317017,True
Test/02716.png,5,5,Speed limit 80 km/h,0.7777153253555298,True
Test/02717.png,23,23,Slippery road,0.9978018403053284,True
Test/02718.png,10,10,No passing for vehicles over 3.5 t,1.0,True
Test/02719.png,9,16,Vehicles over 3.5 t prohibited,0.5435872077941895,False
Test/02720.png,17,17,No entry,0.9993410706520081,True
Test/02721.png,2,2,Speed limit 50 km/h,0.9969768524169922,True
Test/02722.png,12,12,Priority road,1.0,True
Test/02723.png,9,9,No passing,1.0,True
Test/02724.png,18,18,General caution,0.9876728653907776,True
Test/02725.png,35,35,Ahead only,0.9471490979194641,True
Test/02726.png,10,10,No passing for vehicles over 3.5 t,1.0,True
Test/02727.png,2,2,Speed limit 50 km/h,0.9999996423721313,True
Test/02728.png,15,15,No vehicles,0.9999958276748657,True
Test/02729.png,12,12,Priority road,1.0,True
Test/02730.png,4,4,Speed limit 70 km/h,0.9998358488082886,True
Test/02731.png,25,25,Road work,0.8005643486976624,True
Test/02732.png,10,10,No passing for vehicles over 3.5 t,0.9981709718704224,True
Test/02733.png,12,12,Priority road,1.0,True
Test/02734.png,5,5,Speed limit 80 km/h,0.989388108253479,True
Test/02735.png,13,13,Yield,1.0,True
Test/02736.png,2,2,Speed limit 50 km/h,0.9996042847633362,True
Test/02737.png,3,3,Speed limit 60 km/h,0.9896966218948364,True
Test/02738.png,28,28,Children crossing,0.9998836517333984,True
Test/02739.png,1,1,Speed limit 30 km/h,0.9840325713157654,True
Test/02740.png,23,23,Slippery road,0.8167980909347534,True
Test/02741.png,2,1,Speed limit 30 km/h,0.6896035671234131,False
Test/02742.png,1,1,Speed limit 30 km/h,0.8870221376419067,True
Test/02743.png,9,9,No passing,0.9999736547470093,True
Test/02744.png,5,1,Speed limit 30 km/h,0.9901830554008484,False
Test/02745.png,38,38,Keep right,1.0,True
Test/02746.png,12,12,Priority road,1.0,True
Test/02747.png,1,1,Speed limit 30 km/h,0.9951053857803345,True
Test/02748.png,27,21,Double curve,0.27014654874801636,False
Test/02749.png,13,13,Yield,1.0,True
Test/02750.png,9,9,No passing,1.0,True
Test/02751.png,24,28,Children crossing,0.42901256680488586,False
Test/02752.png,0,0,Speed limit 20 km/h,0.6954594254493713,True
Test/02753.png,5,5,Speed limit 80 km/h,0.7103099822998047,True
Test/02754.png,38,38,Keep right,0.999907374382019,True
Test/02755.png,5,5,Speed limit 80 km/h,0.9970226883888245,True
Test/02756.png,4,4,Speed limit 70 km/h,0.9996292591094971,True
Test/02757.png,18,27,Pedestrians,0.3281298577785492,False
Test/02758.png,5,5,Speed limit 80 km/h,0.7048256397247314,True
Test/02759.png,36,38,Keep right,0.6098241209983826,False
Test/02760.png,30,30,Beware of ice or snow,0.8725233674049377,True
Test/02761.png,10,10,No passing for vehicles over 3.5 t,0.9999994039535522,True
Test/02762.png,38,38,Keep right,1.0,True
Test/02763.png,16,16,Vehicles over 3.5 t prohibited,0.9999207258224487,True
Test/02764.png,2,2,Speed limit 50 km/h,0.9997956156730652,True
Test/02765.png,31,23,Slippery road,0.6062269806861877,False
Test/02766.png,24,24,Road narrows on right,0.9936741590499878,True
Test/02767.png,38,38,Keep right,0.9998358488082886,True
Test/02768.png,25,30,Beware of ice or snow,0.30254003405570984,False
Test/02769.png,17,17,No entry,1.0,True
Test/02770.png,12,12,Priority road,1.0,True
Test/02771.png,29,29,Bicycles crossing,0.9968125224113464,True
Test/02772.png,4,4,Speed limit 70 km/h,0.9999545812606812,True
Test/02773.png,10,10,No passing for vehicles over 3.5 t,0.9999992847442627,True
Test/02774.png,14,14,Stop,1.0,True
Test/02775.png,11,11,Right-of-way at next intersection,0.9997859597206116,True
Test/02776.png,25,25,Road work,0.9999951124191284,True
Test/02777.png,18,18,General caution,0.9870322942733765,True
Test/02778.png,4,4,Speed limit 70 km/h,0.9995959401130676,True
Test/02779.png,4,4,Speed limit 70 km/h,0.9999673366546631,True
Test/02780.png,8,8,Speed limit 120 km/h,0.9968570470809937,True
Test/02781.png,25,25,Road work,0.9973410964012146,True
Test/02782.png,18,18,General caution,0.7708138823509216,True
Test/02783.png,7,7,Speed limit 100 km/h,0.9691856503486633,True
Test/02784.png,38,38,Keep right,0.9998947381973267,True
Test/02785.png,3,3,Speed limit 60 km/h,0.9989436268806458,True
Test/02786.png,13,13,Yield,1.0,True
Test/02787.png,31,31,Wild animals crossing,0.9965834021568298,True
Test/02788.png,8,8,Speed limit 120 km/h,0.9990174770355225,True
Test/02789.png,21,21,Double curve,0.8887954354286194,True
Test/02790.png,31,31,Wild animals crossing,0.9964922070503235,True
Test/02791.png,38,38,Keep right,0.6948516368865967,True
Test/02792.png,2,2,Speed limit 50 km/h,0.9999996423721313,True
Test/02793.png,2,2,Speed limit 50 km/h,0.9306882619857788,True
Test/02794.png,34,34,Turn left ahead,1.0,True
Test/02795.png,10,10,No passing for vehicles over 3.5 t,1.0,True
Test/02796.png,7,7,Speed limit 100 km/h,0.994253933429718,True
Test/02797.png,10,10,No passing for vehicles over 3.5 t,0.9999943971633911,True
Test/02798.png,38,38,Keep right,0.9902229309082031,True
Test/02799.png,8,8,Speed limit 120 km/h,0.9916201829910278,True
Test/02800.png,4,4,Speed limit 70 km/h,0.9916360378265381,True
Test/02801.png,12,12,Priority road,1.0,True
Test/02802.png,28,28,Children crossing,0.9438431262969971,True
Test/02803.png,5,5,Speed limit 80 km/h,0.9019009470939636,True
Test/02804.png,39,39,Keep left,0.9999971389770508,True
Test/02805.png,41,41,End of no passing,0.8563928604125977,True
Test/02806.png,10,10,No passing for vehicles over 3.5 t,1.0,True
Test/02807.png,13,13,Yield,1.0,True
Test/02808.png,38,38,Keep right,1.0,True
Test/02809.png,38,38,Keep right,1.0,True
Test/02810.png,19,19,Dangerous curve left,0.9904106855392456,True
Test/02811.png,1,1,Speed limit 30 km/h,0.9998666048049927,True
Test/02812.png,7,5,Speed limit 80 km/h,0.6245232820510864,False
Test/02813.png,6,6,End of speed limit 80 km/h,0.9948784112930298,True
Test/02814.png,39,39,Keep left,0.9127302765846252,True
Test/02815.png,3,3,Speed limit 60 km/h,0.9877298474311829,True
Test/02816.png,1,1,Speed limit 30 km/h,0.9991581439971924,True
Test/02817.png,19,19,Dangerous curve left,0.793143093585968,True
Test/02818.png,32,32,End of all speed and passing limits,0.673769474029541,True
Test/02819.png,38,38,Keep right,1.0,True
Test/02820.png,12,12,Priority road,0.999860405921936,True
Test/02821.png,8,8,Speed limit 120 km/h,0.9644066691398621,True
Test/02822.png,35,35,Ahead only,0.9979186654090881,True
Test/02823.png,12,12,Priority road,1.0,True
Test/02824.png,38,38,Keep right,1.0,True
Test/02825.png,17,17,No entry,1.0,True
Test/02826.png,2,2,Speed limit 50 km/h,0.9904663562774658,True
Test/02827.png,1,1,Speed limit 30 km/h,0.9735616445541382,True
Test/02828.png,14,14,Stop,0.9999998807907104,True
Test/02829.png,35,35,Ahead only,0.9906696081161499,True
Test/02830.png,12,12,Priority road,0.9999529123306274,True
Test/02831.png,35,35,Ahead only,0.9976280331611633,True
Test/02832.png,34,34,Turn left ahead,1.0,True
Test/02833.png,17,9,No passing,0.730333149433136,False
Test/02834.png,42,42,End of no passing for vehicles over 3.5 t,0.9704506993293762,True
Test/02835.png,1,1,Speed limit 30 km/h,0.9984205961227417,True
Test/02836.png,5,8,Speed limit 120 km/h,0.7665030360221863,False
Test/02837.png,31,31,Wild animals crossing,0.9796879887580872,True
Test/02838.png,6,6,End of speed limit 80 km/h,0.9946929812431335,True
Test/02839.png,28,28,Children crossing,0.9997919201850891,True
Test/02840.png,12,12,Priority road,1.0,True
Test/02841.png,38,38,Keep right,1.0,True
Test/02842.png,11,11,Right-of-way at next intersection,0.6808955669403076,True
Test/02843.png,5,1,Speed limit 30 km/h,0.45920178294181824,False
Test/02844.png,8,8,Speed limit 120 km/h,0.9925952553749084,True
Test/02845.png,8,8,Speed limit 120 km/h,0.982543408870697,True
Test/02846.png,23,23,Slippery road,0.8540657162666321,True
Test/02847.png,27,27,Pedestrians,0.44578123092651367,True
Test/02848.png,2,2,Speed limit 50 km/h,0.9999414682388306,True
Test/02849.png,1,1,Speed limit 30 km/h,0.9986679553985596,True
Test/02850.png,25,25,Road work,0.9999966621398926,True
Test/02851.png,10,10,No passing for vehicles over 3.5 t,1.0,True
Test/02852.png,31,31,Wild animals crossing,0.9417308568954468,True
Test/02853.png,3,3,Speed limit 60 km/h,0.9939947724342346,True
Test/02854.png,18,18,General caution,0.5967687368392944,True
Test/02855.png,18,18,General caution,0.9441297650337219,True
Test/02856.png,13,13,Yield,1.0,True
Test/02857.png,18,18,General caution,0.9823125004768372,True
Test/02858.png,13,13,Yield,1.0,True
Test/02859.png,34,34,Turn left ahead,0.9998984336853027,True
Test/02860.png,5,5,Speed limit 80 km/h,0.9889946579933167,True
Test/02861.png,4,4,Speed limit 70 km/h,0.9999037981033325,True
Test/02862.png,1,1,Speed limit 30 km/h,0.9997634291648865,True
Test/02863.png,23,23,Slippery road,0.9791660904884338,True
Test/02864.png,30,30,Beware of ice or snow,0.34759849309921265,True
Test/02865.png,4,4,Speed limit 70 km/h,0.999561607837677,True
Test/02866.png,12,12,Priority road,1.0,True
Test/02867.png,1,1,Speed limit 30 km/h,0.9999681711196899,True
Test/02868.png,38,38,Keep right,0.9999996423721313,True
Test/02869.png,1,1,Speed limit 30 km/h,0.9498858451843262,True
Test/02870.png,12,12,Priority road,1.0,True
Test/02871.png,25,25,Road work,0.9999896287918091,True
Test/02872.png,14,14,Stop,0.999998927116394,True
Test/02873.png,38,38,Keep right,0.9995330572128296,True
Test/02874.png,1,1,Speed limit 30 km/h,0.9997422099113464,True
Test/02875.png,17,17,No entry,1.0,True
Test/02876.png,9,9,No passing,1.0,True
Test/02877.png,16,16,Vehicles over 3.5 t prohibited,1.0,True
Test/02878.png,13,13,Yield,1.0,True
Test/02879.png,7,5,Speed limit 80 km/h,0.764083206653595,False
Test/02880.png,39,39,Keep left,0.922102689743042,True
Test/02881.png,2,1,Speed limit 30 km/h,0.8789103031158447,False
Test/02882.png,8,8,Speed limit 120 km/h,0.9835589528083801,True
Test/02883.png,2,2,Speed limit 50 km/h,0.9999902248382568,True
Test/02884.png,10,10,No passing for vehicles over 3.5 t,1.0,True
Test/02885.png,25,25,Road work,1.0,True
Test/02886.png,10,10,No passing for vehicles over 3.5 t,0.9999990463256836,True
Test/02887.png,4,4,Speed limit 70 km/h,0.9206691384315491,True
Test/02888.png,4,4,Speed limit 70 km/h,0.9999858140945435,True
Test/02889.png,10,10,No passing for vehicles over 3.5 t,1.0,True
Test/02890.png,9,9,No passing,0.9999998807907104,True
Test/02891.png,39,39,Keep left,0.9139469265937805,True
Test/02892.png,7,7,Speed limit 100 km/h,0.9999890327453613,True
Test/02893.png,22,22,Bumpy road,0.999804675579071,True
Test/02894.png,40,40,Roundabout mandatory,0.9998140931129456,True
Test/02895.png,4,4,Speed limit 70 km/h,0.994130551815033,True
Test/02896.png,12,13,Yield,0.5732505917549133,False
Test/02897.png,10,10,No passing for vehicles over 3.5 t,0.9999986886978149,True
Test/02898.png,15,15,No vehicles,0.9313276410102844,True
Test/02899.png,12,12,Priority road,1.0,True
Test/02900.png,13,13,Yield,1.0,True
Test/02901.png,34,34,Turn left ahead,1.0,True
Test/02902.png,4,4,Speed limit 70 km/h,0.9962182641029358,True
Test/02903.png,2,2,Speed limit 50 km/h,0.9999083280563354,True
Test/02904.png,5,5,Speed limit 80 km/h,0.8311094641685486,True
Test/02905.png,25,25,Road work,0.9999990463256836,True
Test/02906.png,37,37,Go straight or left,0.9897993803024292,True
Test/02907.png,17,17,No entry,0.9999974966049194,True
Test/02908.png,15,15,No vehicles,1.0,True
Test/02909.png,14,14,Stop,0.9999639987945557,True
Test/02910.png,15,15,No vehicles,0.9999992847442627,True
Test/02911.png,12,12,Priority road,1.0,True
Test/02912.png,26,26,Traffic signals,0.9988176226615906,True
Test/02913.png,18,18,General caution,0.8278847336769104,True
Test/02914.png,9,9,No passing,1.0,True
Test/02915.png,17,17,No entry,1.0,True
Test/02916.png,1,1,Speed limit 30 km/h,0.9996392726898193,True
Test/02917.png,7,7,Speed limit 100 km/h,0.9897045493125916,True
Test/02918.png,23,23,Slippery road,0.44081801176071167,True
Test/02919.png,1,1,Speed limit 30 km/h,0.9999321699142456,True
Test/02920.png,35,35,Ahead only,0.9270680546760559,True
Test/02921.png,11,11,Right-of-way at next intersection,0.34524622559547424,True
Test/02922.png,7,7,Speed limit 100 km/h,0.9575366377830505,True
Test/02923.png,10,10,No passing for vehicles over 3.5 t,0.9998632669448853,True
Test/02924.png,5,1,Speed limit 30 km/h,0.9149435758590698,False
Test/02925.png,13,13,Yield,1.0,True
Test/02926.png,10,10,No passing for vehicles over 3.5 t,0.9999916553497314,True
Test/02927.png,9,9,No passing,0.9999998807907104,True
Test/02928.png,1,1,Speed limit 30 km/h,0.9993556141853333,True
Test/02929.png,10,10,No passing for vehicles over 3.5 t,0.9999974966049194,True
Test/02930.png,0,0,Speed limit 20 km/h,0.7302649021148682,True
Test/02931.png,1,1,Speed limit 30 km/h,0.8118870854377747,True
Test/02932.png,13,13,Yield,1.0,True
Test/02933.png,10,10,No passing for vehicles over 3.5 t,0.9999984502792358,True
Test/02934.png,13,13,Yield,1.0,True
Test/02935.png,2,2,Speed limit 50 km/h,0.9999947547912598,True
Test/02936.png,18,18,General caution,0.999334990978241,True
Test/02937.png,13,13,Yield,1.0,True
Test/02938.png,4,4,Speed limit 70 km/h,0.9988030195236206,True
Test/02939.png,2,2,Speed limit 50 km/h,0.7754863500595093,True
Test/02940.png,8,8,Speed limit 120 km/h,0.9811176657676697,True
Test/02941.png,16,16,Vehicles over 3.5 t prohibited,1.0,True
Test/02942.png,17,17,No entry,1.0,True
Test/02943.png,18,18,General caution,0.9768194556236267,True
Test/02944.png,39,39,Keep left,1.0,True
Test/02945.png,15,15,No vehicles,0.9999967813491821,True
Test/02946.png,5,2,Speed limit 50 km/h,0.6932545900344849,False
Test/02947.png,9,9,No passing,0.9996870756149292,True
Test/02948.png,15,15,No vehicles,0.9999933242797852,True
Test/02949.png,17,17,No entry,0.999976634979248,True
Test/02950.png,2,2,Speed limit 50 km/h,0.9999995231628418,True
Test/02951.png,8,8,Speed limit 120 km/h,0.999805748462677,True
Test/02952.png,33,33,Turn right ahead,0.9999998807907104,True
Test/02953.png,33,33,Turn right ahead,0.99979168176651,True
Test/02954.png,23,23,Slippery road,0.5086638331413269,True
Test/02955.png,1,1,Speed limit 30 km/h,0.9999356269836426,True
Test/02956.png,11,11,Right-of-way at next intersection,0.9991497993469238,True
Test/02957.png,28,28,Children crossing,0.9990864992141724,True
Test/02958.png,9,9,No passing,1.0,True
Test/02959.png,4,4,Speed limit 70 km/h,0.9999966621398926,True
Test/02960.png,14,14,Stop,1.0,True
Test/02961.png,3,3,Speed limit 60 km/h,0.9975842237472534,True
Test/02962.png,22,22,Bumpy road,0.9746282696723938,True
Test/02963.png,17,17,No entry,0.9999995231628418,True
Test/02964.png,9,9,No passing,1.0,True
Test/02965.png,3,3,Speed limit 60 km/h,0.987210750579834,True
Test/02966.png,26,26,Traffic signals,0.9999974966049194,True
Test/02967.png,2,2,Speed limit 50 km/h,1.0,True
Test/02968.png,16,16,Vehicles over 3.5 t prohibited,1.0,True
Test/02969.png,17,17,No entry,0.9995433688163757,True
Test/02970.png,18,18,General caution,0.9598371386528015,True
Test/02971.png,12,12,Priority road,0.9999998807907104,True
Test/02972.png,29,29,Bicycles crossing,0.6898781061172485,True
Test/02973.png,11,11,Right-of-way at next intersection,1.0,True
Test/02974.png,18,18,General caution,0.9995001554489136,True
Test/02975.png,1,1,Speed limit 30 km/h,0.999910831451416,True
Test/02976.png,2,2,Speed limit 50 km/h,0.9982604384422302,True
Test/02977.png,38,38,Keep right,0.9993979930877686,True
Test/02978.png,36,38,Keep right,0.9811854958534241,False
Test/02979.png,25,25,Road work,1.0,True
Test/02980.png,41,41,End of no passing,0.9680522084236145,True
Test/02981.png,5,5,Speed limit 80 km/h,0.9687193632125854,True
Test/02982.png,12,12,Priority road,1.0,True
Test/02983.png,7,7,Speed limit 100 km/h,0.9849351644515991,True
Test/02984.png,17,17,No entry,1.0,True
Test/02985.png,4,4,Speed limit 70 km/h,0.9985374212265015,True
Test/02986.png,25,25,Road work,0.999943733215332,True
Test/02987.png,6,6,End of speed limit 80 km/h,0.9713737368583679,True
Test/02988.png,36,36,Go straight or right,0.999996542930603,True
Test/02989.png,26,26,Traffic signals,0.9974427223205566,True
Test/02990.png,9,9,No passing,1.0,True
Test/02991.png,7,7,Speed limit 100 km/h,0.9990435242652893,True
Test/02992.png,14,14,Stop,1.0,True
Test/02993.png,30,30,Beware of ice or snow,0.988145112991333,True
Test/02994.png,17,17,No entry,1.0,True
Test/02995.png,20,20,Dangerous curve right,0.9855040907859802,True
Test/02996.png,18,18,General caution,0.9548871517181396,True
Test/02997.png,12,12,Priority road,1.0,True
Test/02998.png,41,41,End of no passing,0.9959779977798462,True
Test/02999.png,5,5,Speed limit 80 km/h,0.9746062755584717,True
Test/03000.png,11,11,Right-of-way at next intersection,0.9999117851257324,True
Test/03001.png,36,36,Go straight or right,0.9999974966049194,True
Test/03002.png,1,1,Speed limit 30 km/h,0.9887235164642334,True
Test/03003.png,15,15,No vehicles,1.0,True
Test/03004.png,11,11,Right-of-way at next intersection,0.5028104186058044,True
Test/03005.png,12,12,Priority road,1.0,True
Test/03006.png,34,34,Turn left ahead,0.9999419450759888,True
Test/03007.png,33,33,Turn right ahead,0.9953293800354004,True
Test/03008.png,21,21,Double curve,0.9754759073257446,True
Test/03009.png,0,0,Speed limit 20 km/h,0.8635262846946716,True
Test/03010.png,9,9,No passing,0.9999904632568359,True
Test/03011.png,9,9,No passing,0.9992103576660156,True
Test/03012.png,27,27,Pedestrians,0.9468131065368652,True
Test/03013.png,3,3,Speed limit 60 km/h,0.9844093918800354,True
Test/03014.png,18,18,General caution,0.9977012276649475,True
Test/03015.png,31,31,Wild animals crossing,0.7603337168693542,True
Test/03016.png,2,2,Speed limit 50 km/h,0.9999587535858154,True
Test/03017.png,26,26,Traffic signals,0.999985933303833,True
Test/03018.png,25,25,Road work,0.9994410872459412,True
Test/03019.png,38,38,Keep right,0.9592885375022888,True
Test/03020.png,12,12,Priority road,1.0,True
Test/03021.png,6,6,End of speed limit 80 km/h,0.9946208000183105,True
Test/03022.png,28,28,Children crossing,0.9949376583099365,True
Test/03023.png,35,35,Ahead only,1.0,True
Test/03024.png,5,5,Speed limit 80 km/h,0.9540449380874634,True
Test/03025.png,30,28,Children crossing,0.4474298357963562,False
Test/03026.png,4,4,Speed limit 70 km/h,0.9998806715011597,True
Test/03027.png,8,8,Speed limit 120 km/h,0.49947619438171387,True
Test/03028.png,12,12,Priority road,0.27690303325653076,True
Test/03029.png,17,17,No entry,1.0,True
Test/03030.png,18,18,General caution,0.9823974370956421,True
Test/03031.png,1,1,Speed limit 30 km/h,0.9997718930244446,True
Test/03032.png,38,38,Keep right,0.9999998807907104,True
Test/03033.png,38,38,Keep right,0.9999995231628418,True
Test/03034.png,9,9,No passing,0.9999996423721313,True
Test/03035.png,25,25,Road work,1.0,True
Test/03036.png,5,5,Speed limit 80 km/h,0.8111984729766846,True
Test/03037.png,1,1,Speed limit 30 km/h,0.9972767233848572,True
Test/03038.png,1,1,Speed limit 30 km/h,0.9976867437362671,True
Test/03039.png,42,41,End of no passing,0.8232654929161072,False
Test/03040.png,13,13,Yield,1.0,True
Test/03041.png,13,13,Yield,1.0,True
Test/03042.png,2,2,Speed limit 50 km/h,0.9870861768722534,True
Test/03043.png,30,29,Bicycles crossing,0.9621838927268982,False
Test/03044.png,10,10,No passing for vehicles over 3.5 t,1.0,True
Test/03045.png,35,35,Ahead only,0.999527096748352,True
Test/03046.png,28,28,Children crossing,0.9990094900131226,True
Test/03047.png,5,2,Speed limit 50 km/h,0.6004763841629028,False
Test/03048.png,11,11,Right-of-way at next intersection,0.9999707937240601,True
Test/03049.png,30,30,Beware of ice or snow,0.9833613038063049,True
Test/03050.png,11,11,Right-of-way at next intersection,0.9999638795852661,True
Test/03051.png,1,1,Speed limit 30 km/h,0.9303043484687805,True
Test/03052.png,25,25,Road work,0.9973893761634827,True
Test/03053.png,38,38,Keep right,0.9999969005584717,True
Test/03054.png,38,38,Keep right,1.0,True
Test/03055.png,31,28,Children crossing,0.9122569561004639,False
Test/03056.png,19,19,Dangerous curve left,0.8886735439300537,True
Test/03057.png,13,13,Yield,0.9800826907157898,True
Test/03058.png,21,21,Double curve,0.9994373917579651,True
Test/03059.png,20,20,Dangerous curve right,0.9958534240722656,True
Test/03060.png,8,8,Speed limit 120 km/h,0.9991662502288818,True
Test/03061.png,38,38,Keep right,1.0,True
Test/03062.png,22,22,Bumpy road,0.9997130036354065,True
Test/03063.png,28,28,Children crossing,0.9999984502792358,True
Test/03064.png,12,12,Priority road,1.0,True
Test/03065.png,17,17,No entry,1.0,True
Test/03066.png,12,12,Priority road,1.0,True
Test/03067.png,35,35,Ahead only,0.8760452270507812,True
Test/03068.png,10,10,No passing for vehicles over 3.5 t,0.9999033212661743,True
Test/03069.png,13,13,Yield,1.0,True
Test/03070.png,12,12,Priority road,1.0,True
Test/03071.png,1,1,Speed limit 30 km/h,0.9867383241653442,True
Test/03072.png,2,2,Speed limit 50 km/h,0.988716721534729,True
Test/03073.png,10,10,No passing for vehicles over 3.5 t,0.9997988343238831,True
Test/03074.png,5,3,Speed limit 60 km/h,0.8716405630111694,False
Test/03075.png,13,13,Yield,1.0,True
Test/03076.png,34,34,Turn left ahead,1.0,True
Test/03077.png,2,1,Speed limit 30 km/h,0.911643385887146,False
Test/03078.png,2,2,Speed limit 50 km/h,0.6402370929718018,True
Test/03079.png,17,17,No entry,1.0,True
Test/03080.png,9,9,No passing,1.0,True
Test/03081.png,13,13,Yield,1.0,True
Test/03082.png,34,34,Turn left ahead,1.0,True
Test/03083.png,2,2,Speed limit 50 km/h,0.9999988079071045,True
Test/03084.png,13,13,Yield,1.0,True
Test/03085.png,10,10,No passing for vehicles over 3.5 t,0.999998927116394,True
Test/03086.png,8,8,Speed limit 120 km/h,0.7767629623413086,True
Test/03087.png,4,4,Speed limit 70 km/h,0.9999017715454102,True
Test/03088.png,38,38,Keep right,1.0,True
Test/03089.png,10,10,No passing for vehicles over 3.5 t,0.9999998807907104,True
Test/03090.png,4,4,Speed limit 70 km/h,0.99994957447052,True
Test/03091.png,1,1,Speed limit 30 km/h,0.9682995080947876,True
Test/03092.png,33,33,Turn right ahead,1.0,True
Test/03093.png,2,2,Speed limit 50 km/h,0.9999996423721313,True
Test/03094.png,14,14,Stop,1.0,True
Test/03095.png,35,35,Ahead only,0.9934816360473633,True
Test/03096.png,10,10,No passing for vehicles over 3.5 t,0.9999997615814209,True
Test/03097.png,13,13,Yield,1.0,True
Test/03098.png,9,9,No passing,0.9999994039535522,True
Test/03099.png,5,5,Speed limit 80 km/h,0.7594828605651855,True
Test/03100.png,35,35,Ahead only,0.9933369159698486,True
Test/03101.png,18,18,General caution,0.5746827721595764,True
Test/03102.png,25,25,Road work,0.9999997615814209,True
Test/03103.png,40,40,Roundabout mandatory,0.9985449314117432,True
Test/03104.png,3,3,Speed limit 60 km/h,0.9622114896774292,True
Test/03105.png,13,13,Yield,0.9629380702972412,True
Test/03106.png,31,31,Wild animals crossing,0.9973860383033752,True
Test/03107.png,22,22,Bumpy road,0.9806796312332153,True
Test/03108.png,38,38,Keep right,1.0,True
Test/03109.png,39,39,Keep left,0.8835464119911194,True
Test/03110.png,2,2,Speed limit 50 km/h,0.9999996423721313,True
Test/03111.png,25,25,Road work,0.9999959468841553,True
Test/03112.png,23,23,Slippery road,0.7769587635993958,True
Test/03113.png,11,11,Right-of-way at next intersection,0.9985365867614746,True
Test/03114.png,23,23,Slippery road,0.8373430371284485,True
Test/03115.png,12,12,Priority road,1.0,True
Test/03116.png,17,17,No entry,1.0,True
Test/03117.png,36,36,Go straight or right,0.993545413017273,True
Test/03118.png,1,1,Speed limit 30 km/h,0.9968546032905579,True
Test/03119.png,38,38,Keep right,1.0,True
Test/03120.png,2,2,Speed limit 50 km/h,0.9999666213989258,True
Test/03121.png,8,8,Speed limit 120 km/h,0.9998354911804199,True
Test/03122.png,18,18,General caution,0.9991959929466248,True
Test/03123.png,4,4,Speed limit 70 km/h,0.9980010390281677,True
Test/03124.png,10,10,No passing for vehicles over 3.5 t,0.9991487264633179,True
Test/03125.png,7,7,Speed limit 100 km/h,0.9999891519546509,True
Test/03126.png,38,38,Keep right,0.9999997615814209,True
Test/03127.png,14,14,Stop,1.0,True
Test/03128.png,10,10,No passing for vehicles over 3.5 t,1.0,True
Test/03129.png,38,38,Keep right,0.9995536208152771,True
Test/03130.png,9,9,No passing,0.9999936819076538,True
Test/03131.png,14,14,Stop,0.9999997615814209,True
Test/03132.png,1,1,Speed limit 30 km/h,0.9807886481285095,True
Test/03133.png,25,25,Road work,1.0,True
Test/03134.png,14,14,Stop,0.9999996423721313,True
Test/03135.png,1,1,Speed limit 30 km/h,0.994073212146759,True
Test/03136.png,1,1,Speed limit 30 km/h,0.9983540773391724,True
Test/03137.png,25,25,Road work,0.9999984502792358,True
Test/03138.png,7,7,Speed limit 100 km/h,0.9532734155654907,True
Test/03139.png,10,10,No passing for vehicles over 3.5 t,1.0,True
Test/03140.png,5,5,Speed limit 80 km/h,0.9221959710121155,True
Test/03141.png,40,40,Roundabout mandatory,0.8541587591171265,True
Test/03142.png,28,28,Children crossing,0.9618601202964783,True
Test/03143.png,20,20,Dangerous curve right,0.8765884041786194,True
Test/03144.png,4,4,Speed limit 70 km/h,0.521317720413208,True
Test/03145.png,9,9,No passing,0.9973825812339783,True
Test/03146.png,3,3,Speed limit 60 km/h,0.7893340587615967,True
Test/03147.png,1,8,Speed limit 120 km/h,0.29334449768066406,False
Test/03148.png,35,35,Ahead only,0.5317560434341431,True
Test/03149.png,2,2,Speed limit 50 km/h,0.9999910593032837,True
Test/03150.png,22,22,Bumpy road,0.9999979734420776,True
Test/03151.png,2,2,Speed limit 50 km/h,0.9999980926513672,True
Test/03152.png,2,2,Speed limit 50 km/h,0.9433552026748657,True
Test/03153.png,1,1,Speed limit 30 km/h,0.999873161315918,True
Test/03154.png,14,14,Stop,1.0,True
Test/03155.png,4,4,Speed limit 70 km/h,0.9958444237709045,True
Test/03156.png,3,3,Speed limit 60 km/h,0.9954221844673157,True
Test/03157.png,11,11,Right-of-way at next intersection,0.9993925094604492,True
Test/03158.png,10,10,No passing for vehicles over 3.5 t,1.0,True
Test/03159.png,5,5,Speed limit 80 km/h,0.7820049524307251,True
Test/03160.png,29,29,Bicycles crossing,0.9997926354408264,True
Test/03161.png,10,20,Dangerous curve right,0.7851732969284058,False
Test/03162.png,33,33,Turn right ahead,0.9999994039535522,True
Test/03163.png,38,38,Keep right,0.9999911785125732,True
Test/03164.png,12,12,Priority road,1.0,True
Test/03165.png,17,17,No entry,1.0,True
Test/03166.png,16,16,Vehicles over 3.5 t prohibited,1.0,True
Test/03167.png,12,12,Priority road,0.9686662554740906,True
Test/03168.png,3,3,Speed limit 60 km/h,0.9944561123847961,True
Test/03169.png,4,8,Speed limit 120 km/h,0.8566219806671143,False
Test/03170.png,10,10,No passing for vehicles over 3.5 t,0.9999861717224121,True
Test/03171.png,8,8,Speed limit 120 km/h,0.9691550731658936,True
Test/03172.png,18,30,Beware of ice or snow,0.5812040567398071,False
Test/03173.png,38,38,Keep right,0.5660882592201233,True
Test/03174.png,35,35,Ahead only,0.998460054397583,True
Test/03175.png,1,1,Speed limit 30 km/h,0.991624653339386,True
Test/03176.png,17,17,No entry,1.0,True
Test/03177.png,26,26,Traffic signals,1.0,True
Test/03178.png,34,34,Turn left ahead,1.0,True
Test/03179.png,7,7,Speed limit 100 km/h,0.9408984184265137,True
Test/03180.png,8,8,Speed limit 120 km/h,0.998933732509613,True
Test/03181.png,10,10,No passing for vehicles over 3.5 t,1.0,True
Test/03182.png,7,7,Speed limit 100 km/h,0.9999692440032959,True
Test/03183.png,17,17,No entry,1.0,True
Test/03184.png,3,3,Speed limit 60 km/h,0.9925497770309448,True
Test/03185.png,12,12,Priority road,1.0,True
Test/03186.png,13,13,Yield,0.9999995231628418,True
Test/03187.png,31,31,Wild animals crossing,0.7841439247131348,True
Test/03188.png,36,36,Go straight or right,0.9999891519546509,True
Test/03189.png,7,7,Speed limit 100 km/h,0.9858723282814026,True
Test/03190.png,8,8,Speed limit 120 km/h,0.813301682472229,True
Test/03191.png,12,12,Priority road,1.0,True
Test/03192.png,3,3,Speed limit 60 km/h,0.9968817234039307,True
Test/03193.png,5,3,Speed limit 60 km/h,0.7913647294044495,False
Test/03194.png,24,24,Road narrows on right,0.9998195767402649,True
Test/03195.png,11,11,Right-of-way at next intersection,0.9999990463256836,True
Test/03196.png,28,28,Children crossing,0.9962185025215149,True
Test/03197.png,2,2,Speed limit 50 km/h,1.0,True
Test/03198.png,1,1,Speed limit 30 km/h,0.9847730398178101,True
Test/03199.png,5,3,Speed limit 60 km/h,0.5170162916183472,False
Test/03200.png,5,5,Speed limit 80 km/h,0.9505071043968201,True
Test/03201.png,9,9,No passing,0.9906718730926514,True
Test/03202.png,1,1,Speed limit 30 km/h,0.9999839067459106,True
Test/03203.png,13,13,Yield,1.0,True
Test/03204.png,13,13,Yield,1.0,True
Test/03205.png,13,13,Yield,1.0,True
Test/03206.png,7,7,Speed limit 100 km/h,0.9993725419044495,True
Test/03207.png,31,30,Beware of ice or snow,0.6308428049087524,False
Test/03208.png,1,1,Speed limit 30 km/h,0.9999923706054688,True
Test/03209.png,2,4,Speed limit 70 km/h,0.5603012442588806,False
Test/03210.png,7,5,Speed limit 80 km/h,0.7300848960876465,False
Test/03211.png,1,1,Speed limit 30 km/h,0.9981046915054321,True
Test/03212.png,2,2,Speed limit 50 km/h,0.9960699081420898,True
Test/03213.png,12,12,Priority road,1.0,True
Test/03214.png,2,2,Speed limit 50 km/h,0.9999614953994751,True
Test/03215.png,4,4,Speed limit 70 km/h,0.9978315234184265,True
Test/03216.png,11,11,Right-of-way at next intersection,0.999998927116394,True
Test/03217.png,24,24,Road narrows on right,0.7754336595535278,True
Test/03218.png,38,38,Keep right,1.0,True
Test/03219.png,10,10,No passing for vehicles over 3.5 t,0.9999998807907104,True
Test/03220.png,24,24,Road narrows on right,0.3807794451713562,True
Test/03221.png,26,26,Traffic signals,0.9989494681358337,True
Test/03222.png,6,6,End of speed limit 80 km/h,0.9968242645263672,True
Test/03223.png,4,4,Speed limit 70 km/h,1.0,True
Test/03224.png,11,11,Right-of-way at next intersection,0.3086623251438141,True
Test/03225.png,23,23,Slippery road,0.9907874464988708,True
Test/03226.png,4,4,Speed limit 70 km/h,0.784534752368927,True
Test/03227.png,35,35,Ahead only,1.0,True
Test/03228.png,7,7,Speed limit 100 km/h,0.9659963250160217,True
Test/03229.png,15,15,No vehicles,1.0,True
Test/03230.png,31,31,Wild animals crossing,0.6854851245880127,True
Test/03231.png,23,23,Slippery road,0.8689715266227722,True
Test/03232.png,11,11,Right-of-way at next intersection,1.0,True
Test/03233.png,25,25,Road work,0.9924004077911377,True
Test/03234.png,18,18,General caution,0.34711626172065735,True
Test/03235.png,27,27,Pedestrians,0.9992561936378479,True
Test/03236.png,41,41,End of no passing,0.9999545812606812,True
Test/03237.png,1,1,Speed limit 30 km/h,0.999908447265625,True
Test/03238.png,23,23,Slippery road,0.5922483801841736,True
Test/03239.png,8,8,Speed limit 120 km/h,0.9998934268951416,True
Test/03240.png,4,4,Speed limit 70 km/h,0.9992700219154358,True
Test/03241.png,15,15,No vehicles,0.9999990463256836,True
Test/03242.png,7,5,Speed limit 80 km/h,0.7041010856628418,False
Test/03243.png,25,25,Road work,1.0,True
Test/03244.png,12,12,Priority road,1.0,True
Test/03245.png,9,9,No passing,0.9987378716468811,True
Test/03246.png,20,20,Dangerous curve right,0.911891758441925,True
Test/03247.png,1,1,Speed limit 30 km/h,0.9717307090759277,True
Test/03248.png,1,1,Speed limit 30 km/h,0.9999730587005615,True
Test/03249.png,11,11,Right-of-way at next intersection,0.9976922273635864,True
Test/03250.png,27,27,Pedestrians,0.34915655851364136,True
Test/03251.png,13,13,Yield,1.0,True
Test/03252.png,13,13,Yield,1.0,True
Test/03253.png,15,15,No vehicles,1.0,True
Test/03254.png,35,35,Ahead only,0.9971728324890137,True
Test/03255.png,25,25,Road work,0.9965923428535461,True
Test/03256.png,11,11,Right-of-way at next intersection,0.7061722874641418,True
Test/03257.png,8,8,Speed limit 120 km/h,0.9999905824661255,True
Test/03258.png,36,36,Go straight or right,0.9989778995513916,True
Test/03259.png,2,2,Speed limit 50 km/h,0.9989523887634277,True
Test/03260.png,10,30,Beware of ice or snow,0.4729037582874298,False
Test/03261.png,12,12,Priority road,0.9998539686203003,True
Test/03262.png,2,2,Speed limit 50 km/h,0.9082621932029724,True
Test/03263.png,3,3,Speed limit 60 km/h,0.9999170303344727,True
Test/03264.png,34,34,Turn left ahead,1.0,True
Test/03265.png,16,16,Vehicles over 3.5 t prohibited,0.9967688322067261,True
Test/03266.png,8,8,Speed limit 120 km/h,0.9310811161994934,True
Test/03267.png,10,10,No passing for vehicles over 3.5 t,1.0,True
Test/03268.png,12,12,Priority road,0.9999643564224243,True
Test/03269.png,9,9,No passing,1.0,True
Test/03270.png,11,11,Right-of-way at next intersection,0.9999998807907104,True
Test/03271.png,11,11,Right-of-way at next intersection,0.9999598264694214,True
Test/03272.png,35,35,Ahead only,0.9317548871040344,True
Test/03273.png,30,30,Beware of ice or snow,0.9444670677185059,True
Test/03274.png,40,40,Roundabout mandatory,0.9926700592041016,True
Test/03275.png,4,4,Speed limit 70 km/h,0.9998008608818054,True
Test/03276.png,2,2,Speed limit 50 km/h,0.9985778331756592,True
Test/03277.png,1,1,Speed limit 30 km/h,0.9997312426567078,True
Test/03278.png,18,18,General caution,0.9951502680778503,True
Test/03279.png,17,17,No entry,1.0,True
Test/03280.png,35,35,Ahead only,1.0,True
Test/03281.png,0,0,Speed limit 20 km/h,0.8180661201477051,True
Test/03282.png,2,2,Speed limit 50 km/h,0.9998186230659485,True
Test/03283.png,12,12,Priority road,1.0,True
Test/03284.png,12,12,Priority road,1.0,True
Test/03285.png,12,12,Priority road,0.9999994039535522,True
Test/03286.png,14,14,Stop,0.9999998807907104,True
Test/03287.png,8,8,Speed limit 120 km/h,0.9987118244171143,True
Test/03288.png,31,31,Wild animals crossing,0.9900506138801575,True
Test/03289.png,1,1,Speed limit 30 km/h,0.9999825954437256,True
Test/03290.png,26,26,Traffic signals,0.9992693066596985,True
Test/03291.png,7,7,Speed limit 100 km/h,0.8550530076026917,True
Test/03292.png,10,10,No passing for vehicles over 3.5 t,0.9999992847442627,True
Test/03293.png,5,5,Speed limit 80 km/h,0.9997419714927673,True
Test/03294.png,21,21,Double curve,0.8734948635101318,True
Test/03295.png,13,13,Yield,1.0,True
Test/03296.png,3,5,Speed limit 80 km/h,0.6130057573318481,False
Test/03297.png,13,13,Yield,1.0,True
Test/03298.png,18,18,General caution,0.8898975849151611,True
Test/03299.png,2,2,Speed limit 50 km/h,0.9994774460792542,True
Test/03300.png,25,25,Road work,0.9993502497673035,True
Test/03301.png,10,10,No passing for vehicles over 3.5 t,1.0,True
Test/03302.png,1,1,Speed limit 30 km/h,0.9924454092979431,True
Test/03303.png,6,6,End of speed limit 80 km/h,0.9171485900878906,True
Test/03304.png,1,1,Speed limit 30 km/h,0.9999984502792358,True
Test/03305.png,7,7,Speed limit 100 km/h,0.9999716281890869,True
Test/03306.png,34,34,Turn left ahead,1.0,True
Test/03307.png,14,14,Stop,0.9999971389770508,True
Test/03308.png,7,7,Speed limit 100 km/h,0.9097645878791809,True
Test/03309.png,2,2,Speed limit 50 km/h,0.9936354160308838,True
Test/03310.png,25,25,Road work,1.0,True
Test/03311.png,15,15,No vehicles,1.0,True
Test/03312.png,8,8,Speed limit 120 km/h,0.9852419495582581,True
Test/03313.png,33,33,Turn right ahead,1.0,True
Test/03314.png,10,10,No passing for vehicles over 3.5 t,1.0,True
Test/03315.png,10,10,No passing for vehicles over 3.5 t,1.0,True
Test/03316.png,3,3,Speed limit 60 km/h,0.992253839969635,True
Test/03317.png,17,17,No entry,1.0,True
Test/03318.png,13,13,Yield,1.0,True
Test/03319.png,11,11,Right-of-way at next intersection,0.9999992847442627,True
Test/03320.png,25,25,Road work,0.9999443292617798,True
Test/03321.png,1,1,Speed limit 30 km/h,0.9967213273048401,True
Test/03322.png,15,15,No vehicles,1.0,True
Test/03323.png,1,1,Speed limit 30 km/h,0.9995682835578918,True
Test/03324.png,35,35,Ahead only,0.9228649735450745,True
Test/03325.png,14,14,Stop,0.9999970197677612,True
Test/03326.png,9,9,No passing,1.0,True
Test/03327.png,13,13,Yield,1.0,True
Test/03328.png,9,9,No passing,1.0,True
Test/03329.png,25,25,Road work,0.9774532318115234,True
Test/03330.png,4,4,Speed limit 70 km/h,0.9999877214431763,True
Test/03331.png,1,1,Speed limit 30 km/h,0.9949605464935303,True
Test/03332.png,7,7,Speed limit 100 km/h,0.9999969005584717,True
Test/03333.png,31,31,Wild animals crossing,0.9508474469184875,True
Test/03334.png,3,3,Speed limit 60 km/h,0.9992977380752563,True
Test/03335.png,1,1,Speed limit 30 km/h,0.9995474219322205,True
Test/03336.png,2,2,Speed limit 50 km/h,1.0,True
Test/03337.png,20,20,Dangerous curve right,0.9992388486862183,True
Test/03338.png,18,18,General caution,0.9970284104347229,True
Test/03339.png,38,38,Keep right,0.999809205532074,True
Test/03340.png,0,0,Speed limit 20 km/h,0.7951281070709229,True
Test/03341.png,39,39,Keep left,0.9193727374076843,True
Test/03342.png,3,3,Speed limit 60 km/h,0.9999872446060181,True
Test/03343.png,15,15,No vehicles,0.999998927116394,True
Test/03344.png,12,12,Priority road,0.9980231523513794,True
Test/03345.png,2,2,Speed limit 50 km/h,0.9989610910415649,True
Test/03346.png,3,3,Speed limit 60 km/h,0.9998958110809326,True
Test/03347.png,35,35,Ahead only,1.0,True
Test/03348.png,5,5,Speed limit 80 km/h,0.9998632669448853,True
Test/03349.png,11,11,Right-of-way at next intersection,0.9999868869781494,True
Test/03350.png,3,3,Speed limit 60 km/h,0.9958459734916687,True
Test/03351.png,1,1,Speed limit 30 km/h,0.9909008741378784,True
Test/03352.png,9,9,No passing,1.0,True
Test/03353.png,37,37,Go straight or left,0.9928411245346069,True
Test/03354.png,12,12,Priority road,1.0,True
Test/03355.png,7,7,Speed limit 100 km/h,0.9970242381095886,True
Test/03356.png,2,2,Speed limit 50 km/h,0.9991162419319153,True
Test/03357.png,38,38,Keep right,0.9234100580215454,True
Test/03358.png,22,22,Bumpy road,0.9991843104362488,True
Test/03359.png,16,16,Vehicles over 3.5 t prohibited,1.0,True
Test/03360.png,41,41,End of no passing,0.9986264705657959,True
Test/03361.png,31,31,Wild animals crossing,0.9983803033828735,True
Test/03362.png,25,25,Road work,0.9999997615814209,True
Test/03363.png,29,22,Bumpy road,0.8270097374916077,False
Test/03364.png,10,10,No passing for vehicles over 3.5 t,0.9999721050262451,True
Test/03365.png,16,16,Vehicles over 3.5 t prohibited,0.9999533891677856,True
Test/03366.png,2,2,Speed limit 50 km/h,0.9998694658279419,True
Test/03367.png,29,29,Bicycles crossing,0.9962453246116638,True
Test/03368.png,13,13,Yield,1.0,True
Test/03369.png,22,22,Bumpy road,0.9999839067459106,True
Test/03370.png,12,25,Road work,0.2971050441265106,False
Test/03371.png,12,12,Priority road,1.0,True
Test/03372.png,9,9,No passing,1.0,True
Test/03373.png,23,23,Slippery road,0.4557032287120819,True
Test/03374.png,15,15,No vehicles,1.0,True
Test/03375.png,13,13,Yield,1.0,True
Test/03376.png,3,3,Speed limit 60 km/h,0.9993226528167725,True
Test/03377.png,12,12,Priority road,1.0,True
Test/03378.png,40,40,Roundabout mandatory,0.9999796152114868,True
Test/03379.png,25,25,Road work,1.0,True
Test/03380.png,38,38,Keep right,0.9994742274284363,True
Test/03381.png,10,10,No passing for vehicles over 3.5 t,1.0,True
Test/03382.png,1,1,Speed limit 30 km/h,0.9999972581863403,True
Test/03383.png,11,11,Right-of-way at next intersection,1.0,True
Test/03384.png,4,4,Speed limit 70 km/h,0.9980125427246094,True
Test/03385.png,36,36,Go straight or right,0.9999784231185913,True
Test/03386.png,42,42,End of no passing for vehicles over 3.5 t,0.9935948252677917,True
Test/03387.png,30,30,Beware of ice or snow,0.9871298670768738,True
Test/03388.png,22,22,Bumpy road,0.9909704923629761,True
Test/03389.png,5,5,Speed limit 80 km/h,0.9997954964637756,True
Test/03390.png,4,4,Speed limit 70 km/h,0.9924771189689636,True
Test/03391.png,31,31,Wild animals crossing,0.9809377789497375,True
Test/03392.png,4,4,Speed limit 70 km/h,0.999985933303833,True
Test/03393.png,9,9,No passing,0.9840324521064758,True
Test/03394.png,28,28,Children crossing,0.9999946355819702,True
Test/03395.png,13,13,Yield,0.9999793767929077,True
Test/03396.png,13,13,Yield,1.0,True
Test/03397.png,16,16,Vehicles over 3.5 t prohibited,1.0,True
Test/03398.png,7,7,Speed limit 100 km/h,0.962451159954071,True
Test/03399.png,5,5,Speed limit 80 km/h,0.9321818947792053,True
Test/03400.png,3,3,Speed limit 60 km/h,0.9783855080604553,True
Test/03401.png,9,9,No passing,0.9999996423721313,True
Test/03402.png,15,15,No vehicles,1.0,True
Test/03403.png,14,14,Stop,1.0,True
Test/03404.png,9,9,No passing,0.9999862909317017,True
Test/03405.png,19,19,Dangerous curve left,0.9997692704200745,True
Test/03406.png,5,5,Speed limit 80 km/h,0.9939675331115723,True
Test/03407.png,5,5,Speed limit 80 km/h,0.9789734482765198,True
Test/03408.png,1,1,Speed limit 30 km/h,0.9998786449432373,True
Test/03409.png,13,13,Yield,1.0,True
Test/03410.png,28,28,Children crossing,0.999984860420227,True
Test/03411.png,8,8,Speed limit 120 km/h,0.9999251365661621,True
Test/03412.png,14,14,Stop,0.9999148845672607,True
Test/03413.png,6,6,End of speed limit 80 km/h,0.9932223558425903,True
Test/03414.png,10,10,No passing for vehicles over 3.5 t,0.9999991655349731,True
Test/03415.png,1,1,Speed limit 30 km/h,0.9990001320838928,True
Test/03416.png,23,23,Slippery road,0.9996988773345947,True
Test/03417.png,13,13,Yield,1.0,True
Test/03418.png,36,36,Go straight or right,0.9999418258666992,True
Test/03419.png,2,2,Speed limit 50 km/h,0.9788768887519836,True
Test/03420.png,0,0,Speed limit 20 km/h,0.9192201495170593,True
Test/03421.png,28,28,Children crossing,0.9948731064796448,True
Test/03422.png,40,40,Roundabout mandatory,0.9983466863632202,True
Test/03423.png,2,2,Speed limit 50 km/h,0.9746428728103638,True
Test/03424.png,12,12,Priority road,1.0,True
Test/03425.png,15,15,No vehicles,0.9999924898147583,True
Test/03426.png,5,5,Speed limit 80 km/h,0.8790521025657654,True
Test/03427.png,4,4,Speed limit 70 km/h,0.9999260902404785,True
Test/03428.png,13,13,Yield,1.0,True
Test/03429.png,35,35,Ahead only,1.0,True
Test/03430.png,12,12,Priority road,1.0,True
Test/03431.png,4,4,Speed limit 70 km/h,0.9994513392448425,True
Test/03432.png,5,5,Speed limit 80 km/h,0.8576658964157104,True
Test/03433.png,11,11,Right-of-way at next intersection,0.9998272061347961,True
Test/03434.png,5,1,Speed limit 30 km/h,0.29823940992355347,False
Test/03435.png,2,2,Speed limit 50 km/h,0.9971074461936951,True
Test/03436.png,9,9,No passing,1.0,True
Test/03437.png,18,18,General caution,0.9980940222740173,True
Test/03438.png,7,7,Speed limit 100 km/h,0.9994009733200073,True
Test/03439.png,1,1,Speed limit 30 km/h,0.8188374638557434,True
Test/03440.png,18,18,General caution,0.9400991201400757,True
Test/03441.png,2,2,Speed limit 50 km/h,0.9998346567153931,True
Test/03442.png,3,3,Speed limit 60 km/h,0.9991262555122375,True
Test/03443.png,12,12,Priority road,1.0,True
Test/03444.png,8,8,Speed limit 120 km/h,0.6956073045730591,True
Test/03445.png,1,1,Speed limit 30 km/h,0.9927421808242798,True
Test/03446.png,4,4,Speed limit 70 km/h,0.9982107877731323,True
Test/03447.png,4,4,Speed limit 70 km/h,0.999985933303833,True
Test/03448.png,15,15,No vehicles,0.9999997615814209,True
Test/03449.png,14,14,Stop,0.9999983310699463,True
Test/03450.png,8,8,Speed limit 120 km/h,0.9989050626754761,True
Test/03451.png,2,2,Speed limit 50 km/h,1.0,True
Test/03452.png,1,1,Speed limit 30 km/h,0.9990001320838928,True
Test/03453.png,8,3,Speed limit 60 km/h,0.6723901033401489,False
Test/03454.png,40,40,Roundabout mandatory,0.9985665678977966,True
Test/03455.png,5,5,Speed limit 80 km/h,0.9926321506500244,True
Test/03456.png,35,35,Ahead only,0.9835847616195679,True
Test/03457.png,22,25,Road work,0.5143778920173645,False
Test/03458.png,5,5,Speed limit 80 km/h,0.9939852356910706,True
Test/03459.png,35,35,Ahead only,0.9996533393859863,True
Test/03460.png,12,12,Priority road,1.0,True
Test/03461.png,1,1,Speed limit 30 km/h,0.9998860359191895,True
Test/03462.png,35,35,Ahead only,1.0,True
Test/03463.png,12,12,Priority road,1.0,True
Test/03464.png,10,10,No passing for vehicles over 3.5 t,1.0,True
Test/03465.png,38,38,Keep right,0.999923825263977,True
Test/03466.png,11,11,Right-of-way at next intersection,0.9999977350234985,True
Test/03467.png,38,38,Keep right,1.0,True
Test/03468.png,1,1,Speed limit 30 km/h,0.9988465309143066,True
Test/03469.png,36,36,Go straight or right,0.999339759349823,True
Test/03470.png,8,4,Speed limit 70 km/h,0.5706444978713989,False
Test/03471.png,11,11,Right-of-way at next intersection,0.9999985694885254,True
Test/03472.png,16,16,Vehicles over 3.5 t prohibited,0.9999995231628418,True
Test/03473.png,42,42,End of no passing for vehicles over 3.5 t,0.9997954964637756,True
Test/03474.png,0,0,Speed limit 20 km/h,0.7094373106956482,True
Test/03475.png,1,1,Speed limit 30 km/h,0.9998538494110107,True
Test/03476.png,16,16,Vehicles over 3.5 t prohibited,0.9999984502792358,True
Test/03477.png,12,12,Priority road,1.0,True
Test/03478.png,11,11,Right-of-way at next intersection,0.9999380111694336,True
Test/03479.png,15,15,No vehicles,0.9999967813491821,True
Test/03480.png,25,25,Road work,1.0,True
Test/03481.png,20,20,Dangerous curve right,0.99982088804245,True
Test/03482.png,17,17,No entry,1.0,True
Test/03483.png,1,1,Speed limit 30 km/h,0.9992935657501221,True
Test/03484.png,4,4,Speed limit 70 km/h,0.9998053908348083,True
Test/03485.png,18,31,Wild animals crossing,0.7377299666404724,False
Test/03486.png,15,15,No vehicles,1.0,True
Test/03487.png,25,25,Road work,1.0,True
Test/03488.png,35,35,Ahead only,1.0,True
Test/03489.png,12,12,Priority road,1.0,True
Test/03490.png,11,24,Road narrows on right,0.46836739778518677,False
Test/03491.png,2,2,Speed limit 50 km/h,0.9998874664306641,True
Test/03492.png,18,18,General caution,0.9986722469329834,True
Test/03493.png,24,24,Road narrows on right,0.9999953508377075,True
Test/03494.png,25,25,Road work,0.9999984502792358,True
Test/03495.png,18,18,General caution,0.9576427936553955,True
Test/03496.png,7,7,Speed limit 100 km/h,0.9904184937477112,True
Test/03497.png,9,9,No passing,1.0,True
Test/03498.png,5,1,Speed limit 30 km/h,0.8892329931259155,False
Test/03499.png,8,8,Speed limit 120 km/h,0.9982470273971558,True
Test/03500.png,2,2,Speed limit 50 km/h,0.9996057152748108,True
Test/03501.png,32,32,End of all speed and passing limits,0.9436421394348145,True
Test/03502.png,8,8,Speed limit 120 km/h,0.9999028444290161,True
Test/03503.png,10,10,No passing for vehicles over 3.5 t,1.0,True
Test/03504.png,12,12,Priority road,1.0,True
Test/03505.png,13,13,Yield,1.0,True
Test/03506.png,16,16,Vehicles over 3.5 t prohibited,0.9999781847000122,True
Test/03507.png,12,12,Priority road,0.9999110698699951,True
Test/03508.png,14,14,Stop,0.9999865293502808,True
Test/03509.png,38,38,Keep right,0.999387264251709,True
Test/03510.png,4,4,Speed limit 70 km/h,0.9999988079071045,True
Test/03511.png,38,38,Keep right,0.9999992847442627,True
Test/03512.png,18,18,General caution,0.9748784899711609,True
Test/03513.png,38,38,Keep right,0.9998764991760254,True
Test/03514.png,12,12,Priority road,1.0,True
Test/03515.png,7,7,Speed limit 100 km/h,0.995069146156311,True
Test/03516.png,9,9,No passing,0.996117353439331,True
Test/03517.png,38,38,Keep right,0.9999948740005493,True
Test/03518.png,2,2,Speed limit 50 km/h,0.9999914169311523,True
Test/03519.png,2,2,Speed limit 50 km/h,0.9999862909317017,True
Test/03520.png,2,2,Speed limit 50 km/h,0.6610936522483826,True
Test/03521.png,24,24,Road narrows on right,0.9938780665397644,True
Test/03522.png,1,1,Speed limit 30 km/h,0.9993464350700378,True
Test/03523.png,6,6,End of speed limit 80 km/h,0.9726768136024475,True
Test/03524.png,1,1,Speed limit 30 km/h,0.9994562268257141,True
Test/03525.png,5,5,Speed limit 80 km/h,0.7752416729927063,True
Test/03526.png,10,10,No passing for vehicles over 3.5 t,0.9999998807907104,True
Test/03527.png,9,9,No passing,1.0,True
Test/03528.png,38,38,Keep right,1.0,True
Test/03529.png,18,18,General caution,0.9944129586219788,True
Test/03530.png,4,4,Speed limit 70 km/h,0.7027186155319214,True
Test/03531.png,4,4,Speed limit 70 km/h,0.9983217120170593,True
Test/03532.png,17,17,No entry,1.0,True
Test/03533.png,12,12,Priority road,0.9972043633460999,True
Test/03534.png,1,1,Speed limit 30 km/h,0.9703530669212341,True
Test/03535.png,35,35,Ahead only,0.890238881111145,True
Test/03536.png,13,13,Yield,1.0,True
Test/03537.png,9,9,No passing,1.0,True
Test/03538.png,10,10,No passing for vehicles over 3.5 t,1.0,True
Test/03539.png,17,17,No entry,1.0,True
Test/03540.png,10,10,No passing for vehicles over 3.5 t,1.0,True
Test/03541.png,5,5,Speed limit 80 km/h,0.90329909324646,True
Test/03542.png,11,11,Right-of-way at next intersection,0.9999998807907104,True
Test/03543.png,8,4,Speed limit 70 km/h,0.8524053692817688,False
Test/03544.png,2,2,Speed limit 50 km/h,0.979478120803833,True
Test/03545.png,13,13,Yield,0.9999998807907104,True
Test/03546.png,14,14,Stop,0.9999929666519165,True
Test/03547.png,11,11,Right-of-way at next intersection,0.9999996423721313,True
Test/03548.png,38,38,Keep right,0.9999995231628418,True
Test/03549.png,10,10,No passing for vehicles over 3.5 t,1.0,True
Test/03550.png,14,14,Stop,0.9999946355819702,True
Test/03551.png,18,18,General caution,0.9992234706878662,True
Test/03552.png,19,19,Dangerous curve left,0.8750544786453247,True
Test/03553.png,32,32,End of all speed and passing limits,0.5591539144515991,True
Test/03554.png,8,8,Speed limit 120 km/h,0.9946263432502747,True
Test/03555.png,5,5,Speed limit 80 km/h,0.9810555577278137,True
Test/03556.png,2,2,Speed limit 50 km/h,0.9990919828414917,True
Test/03557.png,12,12,Priority road,0.9999958276748657,True
Test/03558.png,22,22,Bumpy road,0.9999607801437378,True
Test/03559.png,2,2,Speed limit 50 km/h,0.9999686479568481,True
Test/03560.png,17,17,No entry,0.9996204376220703,True
Test/03561.png,6,6,End of speed limit 80 km/h,0.7891574501991272,True
Test/03562.png,5,5,Speed limit 80 km/h,0.9815924763679504,True
Test/03563.png,35,35,Ahead only,1.0,True
Test/03564.png,27,27,Pedestrians,0.4248831868171692,True
Test/03565.png,9,9,No passing,1.0,True
Test/03566.png,5,1,Speed limit 30 km/h,0.8325707316398621,False
Test/03567.png,30,30,Beware of ice or snow,0.3359088897705078,True
Test/03568.png,13,13,Yield,1.0,True
Test/03569.png,13,13,Yield,1.0,True
Test/03570.png,13,13,Yield,1.0,True
Test/03571.png,11,11,Right-of-way at next intersection,0.9975159168243408,True
Test/03572.png,38,38,Keep right,1.0,True
Test/03573.png,10,10,No passing for vehicles over 3.5 t,1.0,True
Test/03574.png,12,13,Yield,0.40023982524871826,False
Test/03575.png,8,8,Speed limit 120 km/h,0.9644796252250671,True
Test/03576.png,8,8,Speed limit 120 km/h,0.9999980926513672,True
Test/03577.png,8,8,Speed limit 120 km/h,0.9894651174545288,True
Test/03578.png,4,4,Speed limit 70 km/h,0.986865222454071,True
Test/03579.png,38,38,Keep right,0.9999998807907104,True
Test/03580.png,24,24,Road narrows on right,0.9878129363059998,True
Test/03581.png,35,35,Ahead only,0.9934705495834351,True
Test/03582.png,38,38,Keep right,0.9988731741905212,True
Test/03583.png,17,17,No entry,0.9999874830245972,True
Test/03584.png,38,38,Keep right,1.0,True
Test/03585.png,10,10,No passing for vehicles over 3.5 t,1.0,True
Test/03586.png,18,18,General caution,0.9655139446258545,True
Test/03587.png,11,11,Right-of-way at next intersection,1.0,True
Test/03588.png,25,25,Road work,0.9999998807907104,True
Test/03589.png,3,3,Speed limit 60 km/h,0.9985260367393494,True
Test/03590.png,17,3,Speed limit 60 km/h,0.21288983523845673,False
Test/03591.png,7,8,Speed limit 120 km/h,0.44171616435050964,False
Test/03592.png,35,35,Ahead only,0.9939461350440979,True
Test/03593.png,41,41,End of no passing,0.9367918968200684,True
Test/03594.png,14,14,Stop,0.9999977350234985,True
Test/03595.png,3,3,Speed limit 60 km/h,0.8417026400566101,True
Test/03596.png,38,38,Keep right,0.8125036954879761,True
Test/03597.png,12,12,Priority road,0.9991162419319153,True
Test/03598.png,20,20,Dangerous curve right,0.9973565340042114,True
Test/03599.png,38,38,Keep right,0.9999995231628418,True
Test/03600.png,6,6,End of speed limit 80 km/h,0.9991599321365356,True
Test/03601.png,14,14,Stop,1.0,True
Test/03602.png,2,2,Speed limit 50 km/h,0.9999145269393921,True
Test/03603.png,4,4,Speed limit 70 km/h,0.9986476302146912,True
Test/03604.png,2,2,Speed limit 50 km/h,0.9997839331626892,True
Test/03605.png,37,37,Go straight or left,0.9813933968544006,True
Test/03606.png,12,12,Priority road,1.0,True
Test/03607.png,8,8,Speed limit 120 km/h,0.9878867864608765,True
Test/03608.png,9,9,No passing,1.0,True
Test/03609.png,38,38,Keep right,0.9999961853027344,True
Test/03610.png,12,12,Priority road,0.9999916553497314,True
Test/03611.png,4,4,Speed limit 70 km/h,0.9983698725700378,True
Test/03612.png,38,38,Keep right,1.0,True
Test/03613.png,9,9,No passing,1.0,True
Test/03614.png,35,35,Ahead only,0.9975952506065369,True
Test/03615.png,4,4,Speed limit 70 km/h,0.9867875576019287,True
Test/03616.png,37,37,Go straight or left,0.9978100657463074,True
Test/03617.png,21,21,Double curve,0.9999582767486572,True
Test/03618.png,10,10,No passing for vehicles over 3.5 t,1.0,True
Test/03619.png,2,2,Speed limit 50 km/h,0.9999938011169434,True
Test/03620.png,16,16,Vehicles over 3.5 t prohibited,0.9999969005584717,True
Test/03621.png,23,23,Slippery road,0.9999915361404419,True
Test/03622.png,3,3,Speed limit 60 km/h,0.9697127938270569,True
Test/03623.png,2,2,Speed limit 50 km/h,0.9999964237213135,True
Test/03624.png,11,11,Right-of-way at next intersection,0.9999837875366211,True
Test/03625.png,25,25,Road work,0.9999614953994751,True
Test/03626.png,11,11,Right-of-way at next intersection,0.4690190255641937,True
Test/03627.png,1,1,Speed limit 30 km/h,0.999552309513092,True
Test/03628.png,5,2,Speed limit 50 km/h,0.6713915467262268,False
Test/03629.png,1,1,Speed limit 30 km/h,0.9997431635856628,True
Test/03630.png,35,33,Turn right ahead,0.5968912839889526,False
Test/03631.png,10,10,No passing for vehicles over 3.5 t,0.9999980926513672,True
Test/03632.png,2,2,Speed limit 50 km/h,0.9999991655349731,True
Test/03633.png,5,5,Speed limit 80 km/h,0.8371919393539429,True
Test/03634.png,1,1,Speed limit 30 km/h,0.9995684027671814,True
Test/03635.png,12,12,Priority road,0.9999759197235107,True
Test/03636.png,7,7,Speed limit 100 km/h,0.999139666557312,True
Test/03637.png,7,7,Speed limit 100 km/h,0.9774636626243591,True
Test/03638.png,1,1,Speed limit 30 km/h,0.9993811845779419,True
Test/03639.png,38,38,Keep right,0.9999998807907104,True
Test/03640.png,17,17,No entry,1.0,True
Test/03641.png,10,10,No passing for vehicles over 3.5 t,1.0,True
Test/03642.png,10,10,No passing for vehicles over 3.5 t,1.0,True
Test/03643.png,18,27,Pedestrians,0.6620875597000122,False
Test/03644.png,17,17,No entry,0.9990330934524536,True
Test/03645.png,1,1,Speed limit 30 km/h,0.999976396560669,True
Test/03646.png,1,1,Speed limit 30 km/h,0.9895596504211426,True
Test/03647.png,14,14,Stop,1.0,True
Test/03648.png,12,12,Priority road,1.0,True
Test/03649.png,7,7,Speed limit 100 km/h,0.9969594478607178,True
Test/03650.png,4,4,Speed limit 70 km/h,1.0,True
Test/03651.png,14,14,Stop,1.0,True
Test/03652.png,17,17,No entry,0.9937250018119812,True
Test/03653.png,38,38,Keep right,0.9985610842704773,True
Test/03654.png,3,3,Speed limit 60 km/h,0.9989537000656128,True
Test/03655.png,3,3,Speed limit 60 km/h,0.9097537994384766,True
Test/03656.png,25,25,Road work,0.9999998807907104,True
Test/03657.png,25,25,Road work,0.9985032081604004,True
Test/03658.png,10,10,No passing for vehicles over 3.5 t,1.0,True
Test/03659.png,13,13,Yield,1.0,True
Test/03660.png,8,8,Speed limit 120 km/h,0.8320165276527405,True
Test/03661.png,2,2,Speed limit 50 km/h,0.9990150928497314,True
Test/03662.png,18,18,General caution,0.7106033563613892,True
Test/03663.png,31,31,Wild animals crossing,0.7713086009025574,True
Test/03664.png,14,14,Stop,0.9999997615814209,True
Test/03665.png,26,26,Traffic signals,1.0,True
Test/03666.png,31,31,Wild animals crossing,0.9820870161056519,True
Test/03667.png,14,14,Stop,0.9999998807907104,True
Test/03668.png,14,14,Stop,1.0,True
Test/03669.png,9,9,No passing,0.9999995231628418,True
Test/03670.png,35,35,Ahead only,0.9949219822883606,True
Test/03671.png,3,3,Speed limit 60 km/h,0.9963087439537048,True
Test/03672.png,33,33,Turn right ahead,0.9999998807907104,True
Test/03673.png,1,1,Speed limit 30 km/h,0.9995089769363403,True
Test/03674.png,14,14,Stop,1.0,True
Test/03675.png,25,25,Road work,0.9999333620071411,True
Test/03676.png,2,2,Speed limit 50 km/h,0.9997506737709045,True
Test/03677.png,0,0,Speed limit 20 km/h,0.782823383808136,True
Test/03678.png,10,10,No passing for vehicles over 3.5 t,1.0,True
Test/03679.png,17,17,No entry,1.0,True
Test/03680.png,2,2,Speed limit 50 km/h,0.9999998807907104,True
Test/03681.png,25,25,Road work,0.9999591112136841,True
Test/03682.png,13,13,Yield,1.0,True
Test/03683.png,4,4,Speed limit 70 km/h,0.9998588562011719,True
Test/03684.png,39,39,Keep left,1.0,True
Test/03685.png,5,5,Speed limit 80 km/h,0.9531524777412415,True
Test/03686.png,31,31,Wild animals crossing,0.8525868654251099,True
Test/03687.png,10,10,No passing for vehicles over 3.5 t,0.9999995231628418,True
Test/03688.png,4,4,Speed limit 70 km/h,0.9999969005584717,True
Test/03689.png,4,4,Speed limit 70 km/h,0.9756245017051697,True
Test/03690.png,24,24,Road narrows on right,0.996091902256012,True
Test/03691.png,1,1,Speed limit 30 km/h,0.9995760321617126,True
Test/03692.png,12,12,Priority road,1.0,True
Test/03693.png,8,8,Speed limit 120 km/h,0.7097281813621521,True
Test/03694.png,2,1,Speed limit 30 km/h,0.9655951857566833,False
Test/03695.png,41,41,End of no passing,0.759358823299408,True
Test/03696.png,4,4,Speed limit 70 km/h,0.9999117851257324,True
Test/03697.png,12,12,Priority road,1.0,True
Test/03698.png,12,12,Priority road,1.0,True
Test/03699.png,10,10,No passing for vehicles over 3.5 t,0.9999990463256836,True
Test/03700.png,35,35,Ahead only,0.8949146866798401,True
Test/03701.png,21,21,Double curve,0.9623395204544067,True
Test/03702.png,22,22,Bumpy road,0.9995666146278381,True
Test/03703.png,2,2,Speed limit 50 km/h,0.9988870024681091,True
Test/03704.png,40,40,Roundabout mandatory,0.23576825857162476,True
Test/03705.png,6,6,End of speed limit 80 km/h,0.9992176294326782,True
Test/03706.png,35,35,Ahead only,0.9978762865066528,True
Test/03707.png,3,3,Speed limit 60 km/h,0.9998691082000732,True
Test/03708.png,14,14,Stop,1.0,True
Test/03709.png,2,2,Speed limit 50 km/h,0.9897710084915161,True
Test/03710.png,17,17,No entry,1.0,True
Test/03711.png,2,2,Speed limit 50 km/h,0.9999986886978149,True
Test/03712.png,17,17,No entry,1.0,True
Test/03713.png,11,27,Pedestrians,0.8349980115890503,False
Test/03714.png,19,19,Dangerous curve left,0.9881155490875244,True
Test/03715.png,33,33,Turn right ahead,0.9984003901481628,True
Test/03716.png,2,2,Speed limit 50 km/h,0.9999998807907104,True
Test/03717.png,4,4,Speed limit 70 km/h,0.9992413520812988,True
Test/03718.png,33,33,Turn right ahead,0.9999977350234985,True
Test/03719.png,28,28,Children crossing,0.9762061834335327,True
Test/03720.png,41,41,End of no passing,0.9979875087738037,True
Test/03721.png,6,6,End of speed limit 80 km/h,0.9989225268363953,True
Test/03722.png,28,28,Children crossing,0.9999997615814209,True
Test/03723.png,38,38,Keep right,0.9992722868919373,True
Test/03724.png,38,38,Keep right,0.8658524751663208,True
Test/03725.png,11,30,Beware of ice or snow,0.48177430033683777,False
Test/03726.png,7,7,Speed limit 100 km/h,0.8909452557563782,True
Test/03727.png,26,26,Traffic signals,0.9610756039619446,True
Test/03728.png,18,18,General caution,0.6367759108543396,True
Test/03729.png,10,10,No passing for vehicles over 3.5 t,0.97978276014328,True
Test/03730.png,25,25,Road work,0.9999997615814209,True
Test/03731.png,13,13,Yield,1.0,True
Test/03732.png,3,3,Speed limit 60 km/h,0.9980648159980774,True
Test/03733.png,11,11,Right-of-way at next intersection,0.9485349655151367,True
Test/03734.png,38,38,Keep right,0.8821818232536316,True
Test/03735.png,35,35,Ahead only,0.9992792010307312,True
Test/03736.png,17,17,No entry,0.9548969268798828,True
Test/03737.png,22,22,Bumpy road,0.9999973773956299,True
Test/03738.png,31,31,Wild animals crossing,0.9965940117835999,True
Test/03739.png,18,27,Pedestrians,0.5866503119468689,False
Test/03740.png,11,11,Right-of-way at next intersection,0.9999873638153076,True
Test/03741.png,25,25,Road work,0.9961695075035095,True
Test/03742.png,25,25,Road work,1.0,True
Test/03743.png,31,31,Wild animals crossing,0.9567294716835022,True
Test/03744.png,12,4,Speed limit 70 km/h,0.8940214514732361,False
Test/03745.png,30,29,Bicycles crossing,0.9036681652069092,False
Test/03746.png,28,28,Children crossing,0.9943708777427673,True
Test/03747.png,12,12,Priority road,1.0,True
Test/03748.png,12,12,Priority road,0.9950218200683594,True
Test/03749.png,31,31,Wild animals crossing,0.9754818081855774,True
Test/03750.png,35,35,Ahead only,0.9999991655349731,True
Test/03751.png,34,34,Turn left ahead,1.0,True
Test/03752.png,28,28,Children crossing,0.7862630486488342,True
Test/03753.png,29,29,Bicycles crossing,0.9981365203857422,True
Test/03754.png,10,10,No passing for vehicles over 3.5 t,1.0,True
Test/03755.png,9,9,No passing,0.9999997615814209,True
Test/03756.png,13,13,Yield,1.0,True
Test/03757.png,31,31,Wild animals crossing,0.9943570494651794,True
Test/03758.png,10,10,No passing for vehicles over 3.5 t,1.0,True
Test/03759.png,1,1,Speed limit 30 km/h,0.9913263916969299,True
Test/03760.png,10,10,No passing for vehicles over 3.5 t,1.0,True
Test/03761.png,6,6,End of speed limit 80 km/h,0.9925360679626465,True
Test/03762.png,11,11,Right-of-way at next intersection,0.9999775886535645,True
Test/03763.png,13,13,Yield,1.0,True
Test/03764.png,38,38,Keep right,1.0,True
Test/03765.png,4,4,Speed limit 70 km/h,0.9855138063430786,True
Test/03766.png,13,13,Yield,1.0,True
Test/03767.png,13,13,Yield,1.0,True
Test/03768.png,7,7,Speed limit 100 km/h,0.9998691082000732,True
Test/03769.png,1,1,Speed limit 30 km/h,0.9999995231628418,True
Test/03770.png,18,18,General caution,0.5173771977424622,True
Test/03771.png,7,7,Speed limit 100 km/h,0.9987220168113708,True
Test/03772.png,1,1,Speed limit 30 km/h,0.9954909682273865,True
Test/03773.png,2,2,Speed limit 50 km/h,0.9978253841400146,True
Test/03774.png,31,31,Wild animals crossing,0.9155018329620361,True
Test/03775.png,11,11,Right-of-way at next intersection,0.9992087483406067,True
Test/03776.png,0,1,Speed limit 30 km/h,0.8557634353637695,False
Test/03777.png,11,21,Double curve,0.5110726356506348,False
Test/03778.png,30,25,Road work,0.3187762200832367,False
Test/03779.png,0,1,Speed limit 30 km/h,0.7554232478141785,False
Test/03780.png,25,25,Road work,1.0,True
Test/03781.png,18,18,General caution,0.9478594064712524,True
Test/03782.png,30,30,Beware of ice or snow,0.7943072319030762,True
Test/03783.png,23,23,Slippery road,0.7007783055305481,True
Test/03784.png,1,1,Speed limit 30 km/h,0.9990260601043701,True
Test/03785.png,1,1,Speed limit 30 km/h,0.9998106360435486,True
Test/03786.png,25,25,Road work,0.9999879598617554,True
Test/03787.png,13,13,Yield,1.0,True
Test/03788.png,10,10,No passing for vehicles over 3.5 t,1.0,True
Test/03789.png,37,37,Go straight or left,0.979949414730072,True
Test/03790.png,15,15,No vehicles,0.9999994039535522,True
Test/03791.png,5,5,Speed limit 80 km/h,0.9056496620178223,True
Test/03792.png,11,11,Right-of-way at next intersection,0.9999667406082153,True
Test/03793.png,12,4,Speed limit 70 km/h,0.9360230565071106,False
Test/03794.png,9,9,No passing,0.9999890327453613,True
Test/03795.png,11,11,Right-of-way at next intersection,0.9999030828475952,True
Test/03796.png,5,5,Speed limit 80 km/h,0.9880708456039429,True
Test/03797.png,2,2,Speed limit 50 km/h,0.9876580238342285,True
Test/03798.png,13,13,Yield,1.0,True
Test/03799.png,30,31,Wild animals crossing,0.5056300759315491,False
Test/03800.png,25,25,Road work,1.0,True
Test/03801.png,9,9,No passing,0.9999579191207886,True
Test/03802.png,5,3,Speed limit 60 km/h,0.8377462029457092,False
Test/03803.png,13,13,Yield,1.0,True
Test/03804.png,20,20,Dangerous curve right,0.5803772807121277,True
Test/03805.png,3,3,Speed limit 60 km/h,0.5462342500686646,True
Test/03806.png,11,11,Right-of-way at next intersection,0.2893444001674652,True
Test/03807.png,10,10,No passing for vehicles over 3.5 t,1.0,True
Test/03808.png,10,10,No passing for vehicles over 3.5 t,1.0,True
Test/03809.png,14,14,Stop,1.0,True
Test/03810.png,1,1,Speed limit 30 km/h,0.9977231621742249,True
Test/03811.png,25,25,Road work,0.9997759461402893,True
Test/03812.png,3,3,Speed limit 60 km/h,0.9999958276748657,True
Test/03813.png,10,10,No passing for vehicles over 3.5 t,1.0,True
Test/03814.png,13,13,Yield,1.0,True
Test/03815.png,35,35,Ahead only,0.9916336536407471,True
Test/03816.png,18,18,General caution,0.9979798197746277,True
Test/03817.png,18,18,General caution,0.5634357333183289,True
Test/03818.png,10,10,No passing for vehicles over 3.5 t,1.0,True
Test/03819.png,4,1,Speed limit 30 km/h,0.7272847890853882,False
Test/03820.png,26,26,Traffic signals,0.9999611377716064,True
Test/03821.png,28,28,Children crossing,1.0,True
Test/03822.png,15,15,No vehicles,0.9978650212287903,True
Test/03823.png,17,17,No entry,1.0,True
Test/03824.png,17,9,No passing,0.2196827381849289,False
Test/03825.png,14,14,Stop,0.9999998807907104,True
Test/03826.png,35,35,Ahead only,0.9948318004608154,True
Test/03827.png,12,12,Priority road,0.9997686743736267,True
Test/03828.png,7,7,Speed limit 100 km/h,0.5927422046661377,True
Test/03829.png,38,38,Keep right,1.0,True
Test/03830.png,1,1,Speed limit 30 km/h,0.9946855306625366,True
Test/03831.png,1,1,Speed limit 30 km/h,0.9955266118049622,True
Test/03832.png,41,41,End of no passing,0.998671293258667,True
Test/03833.png,7,5,Speed limit 80 km/h,0.40011855959892273,False
Test/03834.png,5,5,Speed limit 80 km/h,0.9979346990585327,True
Test/03835.png,20,20,Dangerous curve right,0.9878475666046143,True
Test/03836.png,1,1,Speed limit 30 km/h,0.9957526922225952,True
Test/03837.png,6,6,End of speed limit 80 km/h,0.9814070463180542,True
Test/03838.png,2,3,Speed limit 60 km/h,0.4499211013317108,False
Test/03839.png,2,2,Speed limit 50 km/h,0.6978495121002197,True
Test/03840.png,23,23,Slippery road,0.9395878911018372,True
Test/03841.png,11,11,Right-of-way at next intersection,0.9996212720870972,True
Test/03842.png,12,12,Priority road,0.9997087121009827,True
Test/03843.png,1,1,Speed limit 30 km/h,0.8806054592132568,True
Test/03844.png,13,13,Yield,0.9993835687637329,True
Test/03845.png,35,35,Ahead only,1.0,True
Test/03846.png,15,15,No vehicles,0.999995231628418,True
Test/03847.png,25,25,Road work,0.999974250793457,True
Test/03848.png,10,10,No passing for vehicles over 3.5 t,0.9999997615814209,True
Test/03849.png,38,38,Keep right,1.0,True
Test/03850.png,5,5,Speed limit 80 km/h,0.9991452693939209,True
Test/03851.png,28,28,Children crossing,0.9999376535415649,True
Test/03852.png,9,9,No passing,0.9999997615814209,True
Test/03853.png,34,34,Turn left ahead,0.999937891960144,True
Test/03854.png,1,1,Speed limit 30 km/h,0.9998780488967896,True
Test/03855.png,38,38,Keep right,1.0,True
Test/03856.png,9,9,No passing,1.0,True
Test/03857.png,5,5,Speed limit 80 km/h,0.9683924913406372,True
Test/03858.png,4,4,Speed limit 70 km/h,0.7105145454406738,True
Test/03859.png,16,16,Vehicles over 3.5 t prohibited,1.0,True
Test/03860.png,25,25,Road work,0.9563800096511841,True
Test/03861.png,23,23,Slippery road,0.9999977350234985,True
Test/03862.png,10,10,No passing for vehicles over 3.5 t,0.9999834299087524,True
Test/03863.png,0,0,Speed limit 20 km/h,0.5847556591033936,True
Test/03864.png,39,39,Keep left,1.0,True
Test/03865.png,12,12,Priority road,1.0,True
Test/03866.png,10,10,No passing for vehicles over 3.5 t,0.999941349029541,True
Test/03867.png,41,41,End of no passing,0.9905259609222412,True
Test/03868.png,25,25,Road work,0.9999904632568359,True
Test/03869.png,33,33,Turn right ahead,0.9999940395355225,True
Test/03870.png,15,15,No vehicles,1.0,True
Test/03871.png,33,33,Turn right ahead,0.9997020363807678,True
Test/03872.png,25,25,Road work,1.0,True
Test/03873.png,27,27,Pedestrians,0.9863017797470093,True
Test/03874.png,7,7,Speed limit 100 km/h,0.9863606691360474,True
Test/03875.png,13,13,Yield,1.0,True
Test/03876.png,11,11,Right-of-way at next intersection,0.9999606609344482,True
Test/03877.png,1,1,Speed limit 30 km/h,0.9996922016143799,True
Test/03878.png,1,1,Speed limit 30 km/h,0.9383625984191895,True
Test/03879.png,7,7,Speed limit 100 km/h,0.934414267539978,True
Test/03880.png,28,28,Children crossing,0.9999748468399048,True
Test/03881.png,17,17,No entry,1.0,True
Test/03882.png,12,12,Priority road,0.9998238682746887,True
Test/03883.png,7,7,Speed limit 100 km/h,0.9926292896270752,True
Test/03884.png,12,12,Priority road,1.0,True
Test/03885.png,31,31,Wild animals crossing,0.879609227180481,True
Test/03886.png,5,1,Speed limit 30 km/h,0.9882178902626038,False
Test/03887.png,38,38,Keep right,0.9998903274536133,True
Test/03888.png,13,13,Yield,0.9990228414535522,True
Test/03889.png,24,24,Road narrows on right,0.9690114259719849,True
Test/03890.png,13,13,Yield,1.0,True
Test/03891.png,14,14,Stop,0.9999970197677612,True
Test/03892.png,10,10,No passing for vehicles over 3.5 t,1.0,True
Test/03893.png,1,1,Speed limit 30 km/h,0.9644450545310974,True
Test/03894.png,25,27,Pedestrians,0.3275910019874573,False
Test/03895.png,5,5,Speed limit 80 km/h,0.9985438585281372,True
Test/03896.png,22,22,Bumpy road,0.9190403819084167,True
Test/03897.png,1,1,Speed limit 30 km/h,0.9999935626983643,True
Test/03898.png,15,15,No vehicles,0.9999895095825195,True
Test/03899.png,8,8,Speed limit 120 km/h,0.998894989490509,True
Test/03900.png,1,1,Speed limit 30 km/h,0.9958112239837646,True
Test/03901.png,25,25,Road work,0.9991387128829956,True
Test/03902.png,13,13,Yield,1.0,True
Test/03903.png,12,12,Priority road,0.5683428645133972,True
Test/03904.png,28,28,Children crossing,0.9558791518211365,True
Test/03905.png,41,41,End of no passing,0.9995790123939514,True
Test/03906.png,38,38,Keep right,0.9999990463256836,True
Test/03907.png,17,17,No entry,0.9999363422393799,True
Test/03908.png,7,7,Speed limit 100 km/h,0.9417783617973328,True
Test/03909.png,33,33,Turn right ahead,0.9999972581863403,True
Test/03910.png,38,38,Keep right,1.0,True
Test/03911.png,3,3,Speed limit 60 km/h,0.9993564486503601,True
Test/03912.png,28,28,Children crossing,0.9999960660934448,True
Test/03913.png,35,35,Ahead only,1.0,True
Test/03914.png,4,4,Speed limit 70 km/h,0.9971292614936829,True
Test/03915.png,4,4,Speed limit 70 km/h,0.9906814694404602,True
Test/03916.png,2,2,Speed limit 50 km/h,0.9999744892120361,True
Test/03917.png,31,23,Slippery road,0.7624056339263916,False
Test/03918.png,16,16,Vehicles over 3.5 t prohibited,0.9999793767929077,True
Test/03919.png,12,13,Yield,0.49178627133369446,False
Test/03920.png,12,12,Priority road,1.0,True
Test/03921.png,12,12,Priority road,1.0,True
Test/03922.png,0,0,Speed limit 20 km/h,0.8565142154693604,True
Test/03923.png,2,2,Speed limit 50 km/h,0.9999902248382568,True
Test/03924.png,9,9,No passing,0.9999783039093018,True
Test/03925.png,4,4,Speed limit 70 km/h,0.9991379976272583,True
Test/03926.png,20,20,Dangerous curve right,0.840869128704071,True
Test/03927.png,31,31,Wild animals crossing,0.9928452372550964,True
Test/03928.png,7,7,Speed limit 100 km/h,0.5483176112174988,True
Test/03929.png,4,4,Speed limit 70 km/h,0.9999459981918335,True
Test/03930.png,8,8,Speed limit 120 km/h,0.9517545104026794,True
Test/03931.png,9,9,No passing,1.0,True
Test/03932.png,35,35,Ahead only,0.9976334571838379,True
Test/03933.png,13,13,Yield,1.0,True
Test/03934.png,9,9,No passing,0.9999933242797852,True
Test/03935.png,38,38,Keep right,0.6429838538169861,True
Test/03936.png,12,12,Priority road,1.0,True
Test/03937.png,7,7,Speed limit 100 km/h,0.9593912363052368,True
Test/03938.png,32,32,End of all speed and passing limits,0.8657976984977722,True
Test/03939.png,9,9,No passing,0.9999997615814209,True
Test/03940.png,11,11,Right-of-way at next intersection,0.698777437210083,True
Test/03941.png,7,7,Speed limit 100 km/h,0.999914288520813,True
Test/03942.png,5,5,Speed limit 80 km/h,0.7209734320640564,True
Test/03943.png,13,13,Yield,1.0,True
Test/03944.png,7,8,Speed limit 120 km/h,0.6594992280006409,False
Test/03945.png,12,12,Priority road,1.0,True
Test/03946.png,11,11,Right-of-way at next intersection,0.9999998807907104,True
Test/03947.png,1,1,Speed limit 30 km/h,0.998974084854126,True
Test/03948.png,25,25,Road work,0.9999687671661377,True
Test/03949.png,12,12,Priority road,0.9999816417694092,True
Test/03950.png,4,4,Speed limit 70 km/h,0.9997480511665344,True
Test/03951.png,17,17,No entry,1.0,True
Test/03952.png,6,6,End of speed limit 80 km/h,0.9986141920089722,True
Test/03953.png,38,38,Keep right,0.9999994039535522,True
Test/03954.png,38,38,Keep right,1.0,True
Test/03955.png,12,12,Priority road,0.9999995231628418,True
Test/03956.png,31,31,Wild animals crossing,0.9871407747268677,True
Test/03957.png,6,6,End of speed limit 80 km/h,0.9979390501976013,True
Test/03958.png,22,22,Bumpy road,0.9998917579650879,True
Test/03959.png,4,4,Speed limit 70 km/h,0.9228577613830566,True
Test/03960.png,18,18,General caution,0.38431432843208313,True
Test/03961.png,15,15,No vehicles,1.0,True
Test/03962.png,1,1,Speed limit 30 km/h,0.9849137663841248,True
Test/03963.png,8,8,Speed limit 120 km/h,0.9901137351989746,True
Test/03964.png,40,40,Roundabout mandatory,0.9998865127563477,True
Test/03965.png,26,26,Traffic signals,0.9998794794082642,True
Test/03966.png,9,9,No passing,0.9999998807907104,True
Test/03967.png,3,3,Speed limit 60 km/h,0.9983581900596619,True
Test/03968.png,40,40,Roundabout mandatory,0.9994885921478271,True
Test/03969.png,13,13,Yield,1.0,True
Test/03970.png,8,8,Speed limit 120 km/h,0.9870823621749878,True
Test/03971.png,34,34,Turn left ahead,1.0,True
Test/03972.png,17,17,No entry,0.9999997615814209,True
Test/03973.png,36,36,Go straight or right,0.7774106860160828,True
Test/03974.png,12,12,Priority road,0.9974361062049866,True
Test/03975.png,40,40,Roundabout mandatory,0.9984195232391357,True
Test/03976.png,38,38,Keep right,1.0,True
Test/03977.png,4,4,Speed limit 70 km/h,0.9928094148635864,True
Test/03978.png,31,31,Wild animals crossing,0.9820957183837891,True
Test/03979.png,35,35,Ahead only,0.8087193965911865,True
Test/03980.png,31,31,Wild animals crossing,0.9911726117134094,True
Test/03981.png,18,18,General caution,0.5677180886268616,True
Test/03982.png,13,13,Yield,1.0,True
Test/03983.png,25,25,Road work,1.0,True
Test/03984.png,1,1,Speed limit 30 km/h,0.8672719597816467,True
Test/03985.png,1,1,Speed limit 30 km/h,0.9970297813415527,True
Test/03986.png,17,7,Speed limit 100 km/h,0.23008660972118378,False
Test/03987.png,31,31,Wild animals crossing,0.99825519323349,True
Test/03988.png,16,16,Vehicles over 3.5 t prohibited,0.9999864101409912,True
Test/03989.png,10,10,No passing for vehicles over 3.5 t,1.0,True
Test/03990.png,12,12,Priority road,1.0,True
Test/03991.png,42,6,End of speed limit 80 km/h,0.5554062128067017,False
Test/03992.png,9,9,No passing,0.7586522102355957,True
Test/03993.png,39,39,Keep left,1.0,True
Test/03994.png,35,35,Ahead only,0.5653249621391296,True
Test/03995.png,13,13,Yield,1.0,True
Test/03996.png,10,10,No passing for vehicles over 3.5 t,0.9999991655349731,True
Test/03997.png,13,13,Yield,1.0,True
Test/03998.png,4,4,Speed limit 70 km/h,0.9958113431930542,True
Test/03999.png,4,4,Speed limit 70 km/h,0.9997093081474304,True
Test/04000.png,25,25,Road work,0.9999306201934814,True
Test/04001.png,34,34,Turn left ahead,0.9999896287918091,True
Test/04002.png,12,12,Priority road,0.9998641014099121,True
Test/04003.png,2,2,Speed limit 50 km/h,0.9999064207077026,True
Test/04004.png,8,8,Speed limit 120 km/h,0.9995904564857483,True
Test/04005.png,29,29,Bicycles crossing,0.6854678988456726,True
Test/04006.png,31,31,Wild animals crossing,0.9552119970321655,True
Test/04007.png,4,4,Speed limit 70 km/h,0.9999858140945435,True
Test/04008.png,1,1,Speed limit 30 km/h,0.9219397306442261,True
Test/04009.png,8,8,Speed limit 120 km/h,0.9755768775939941,True
Test/04010.png,4,4,Speed limit 70 km/h,0.9994644522666931,True
Test/04011.png,30,20,Dangerous curve right,0.8047061562538147,False
Test/04012.png,0,0,Speed limit 20 km/h,0.8681111335754395,True
Test/04013.png,15,15,No vehicles,0.9999990463256836,True
Test/04014.png,13,13,Yield,1.0,True
Test/04015.png,25,25,Road work,0.9998655319213867,True
Test/04016.png,2,2,Speed limit 50 km/h,0.9998471736907959,True
Test/04017.png,4,4,Speed limit 70 km/h,0.9999997615814209,True
Test/04018.png,2,2,Speed limit 50 km/h,0.9999961853027344,True
Test/04019.png,12,12,Priority road,1.0,True
Test/04020.png,28,28,Children crossing,0.9996291399002075,True
Test/04021.png,11,11,Right-of-way at next intersection,0.9938378930091858,True
Test/04022.png,35,35,Ahead only,0.9997774958610535,True
Test/04023.png,4,4,Speed limit 70 km/h,0.9869036674499512,True
Test/04024.png,10,10,No passing for vehicles over 3.5 t,1.0,True
Test/04025.png,38,38,Keep right,1.0,True
Test/04026.png,31,23,Slippery road,0.7010188102722168,False
Test/04027.png,12,12,Priority road,1.0,True
Test/04028.png,7,7,Speed limit 100 km/h,0.9970690608024597,True
Test/04029.png,16,16,Vehicles over 3.5 t prohibited,1.0,True
Test/04030.png,6,6,End of speed limit 80 km/h,0.5898598432540894,True
Test/04031.png,1,1,Speed limit 30 km/h,0.9955894947052002,True
Test/04032.png,21,21,Double curve,0.9986295700073242,True
Test/04033.png,5,7,Speed limit 100 km/h,0.5334203243255615,False
Test/04034.png,13,13,Yield,1.0,True
Test/04035.png,2,1,Speed limit 30 km/h,0.747854471206665,False
Test/04036.png,38,38,Keep right,0.9362649321556091,True
Test/04037.png,2,2,Speed limit 50 km/h,0.9958885312080383,True
Test/04038.png,24,24,Road narrows on right,0.992214024066925,True
Test/04039.png,5,5,Speed limit 80 km/h,0.9909265041351318,True
Test/04040.png,34,34,Turn left ahead,0.9999593496322632,True
Test/04041.png,9,9,No passing,0.9999998807907104,True
Test/04042.png,17,17,No entry,1.0,True
Test/04043.png,26,26,Traffic signals,0.9999896287918091,True
Test/04044.png,25,25,Road work,0.9999997615814209,True
Test/04045.png,24,24,Road narrows on right,0.9996738433837891,True
Test/04046.png,12,12,Priority road,0.9999845027923584,True
Test/04047.png,17,17,No entry,1.0,True
Test/04048.png,27,27,Pedestrians,0.9871106147766113,True
Test/04049.png,35,35,Ahead only,1.0,True
Test/04050.png,29,29,Bicycles crossing,0.9975765347480774,True
Test/04051.png,8,8,Speed limit 120 km/h,0.9976512789726257,True
Test/04052.png,31,31,Wild animals crossing,0.9939245581626892,True
Test/04053.png,5,5,Speed limit 80 km/h,0.9781085252761841,True
Test/04054.png,15,15,No vehicles,1.0,True
Test/04055.png,22,22,Bumpy road,0.7264204621315002,True
Test/04056.png,10,10,No passing for vehicles over 3.5 t,1.0,True
Test/04057.png,28,28,Children crossing,0.9996345043182373,True
Test/04058.png,25,25,Road work,0.9999977350234985,True
Test/04059.png,12,12,Priority road,1.0,True
Test/04060.png,8,8,Speed limit 120 km/h,0.9968975782394409,True
Test/04061.png,9,9,No passing,1.0,True
Test/04062.png,11,11,Right-of-way at next intersection,1.0,True
Test/04063.png,1,1,Speed limit 30 km/h,0.9972018003463745,True
Test/04064.png,17,17,No entry,1.0,True
Test/04065.png,29,29,Bicycles crossing,0.5808455944061279,True
Test/04066.png,38,38,Keep right,1.0,True
Test/04067.png,2,2,Speed limit 50 km/h,0.6094511151313782,True
Test/04068.png,36,38,Keep right,0.6969829201698303,False
Test/04069.png,30,11,Right-of-way at next intersection,0.5096996426582336,False
Test/04070.png,30,30,Beware of ice or snow,0.9902278184890747,True
Test/04071.png,1,1,Speed limit 30 km/h,0.9999210834503174,True
Test/04072.png,8,8,Speed limit 120 km/h,0.9676223993301392,True
Test/04073.png,13,13,Yield,1.0,True
Test/04074.png,38,38,Keep right,1.0,True
Test/04075.png,1,1,Speed limit 30 km/h,0.9950592517852783,True
Test/04076.png,5,5,Speed limit 80 km/h,0.9508793354034424,True
Test/04077.png,29,29,Bicycles crossing,0.9999324083328247,True
Test/04078.png,11,11,Right-of-way at next intersection,0.9785303473472595,True
Test/04079.png,18,28,Children crossing,0.5864559412002563,False
Test/04080.png,11,11,Right-of-way at next intersection,0.9998548030853271,True
Test/04081.png,10,10,No passing for vehicles over 3.5 t,1.0,True
Test/04082.png,4,8,Speed limit 120 km/h,0.8723220229148865,False
Test/04083.png,15,15,No vehicles,1.0,True
Test/04084.png,12,12,Priority road,1.0,True
Test/04085.png,7,7,Speed limit 100 km/h,0.9953529834747314,True
Test/04086.png,21,21,Double curve,0.9995871186256409,True
Test/04087.png,38,38,Keep right,1.0,True
Test/04088.png,28,28,Children crossing,0.9741560816764832,True
Test/04089.png,13,13,Yield,1.0,True
Test/04090.png,7,7,Speed limit 100 km/h,0.9244596362113953,True
Test/04091.png,12,12,Priority road,1.0,True
Test/04092.png,10,10,No passing for vehicles over 3.5 t,0.9999998807907104,True
Test/04093.png,1,1,Speed limit 30 km/h,0.9147888422012329,True
Test/04094.png,35,35,Ahead only,1.0,True
Test/04095.png,1,1,Speed limit 30 km/h,0.9962201714515686,True
Test/04096.png,8,8,Speed limit 120 km/h,0.9996293783187866,True
Test/04097.png,38,38,Keep right,1.0,True
Test/04098.png,25,25,Road work,0.9839400053024292,True
Test/04099.png,13,13,Yield,1.0,True
Test/04100.png,15,15,No vehicles,1.0,True
Test/04101.png,12,12,Priority road,1.0,True
Test/04102.png,8,8,Speed limit 120 km/h,0.9985888600349426,True
Test/04103.png,17,17,No entry,1.0,True
Test/04104.png,38,38,Keep right,1.0,True
Test/04105.png,41,41,End of no passing,0.9637625813484192,True
Test/04106.png,31,31,Wild animals crossing,0.9839184284210205,True
Test/04107.png,10,10,No passing for vehicles over 3.5 t,1.0,True
Test/04108.png,25,25,Road work,1.0,True
Test/04109.png,1,1,Speed limit 30 km/h,0.9999438524246216,True
Test/04110.png,14,14,Stop,0.9999996423721313,True
Test/04111.png,17,9,No passing,0.39609479904174805,False
Test/04112.png,23,23,Slippery road,0.9982540011405945,True
Test/04113.png,10,10,No passing for vehicles over 3.5 t,1.0,True
Test/04114.png,26,26,Traffic signals,0.9999967813491821,True
Test/04115.png,31,31,Wild animals crossing,0.8070366978645325,True
Test/04116.png,5,5,Speed limit 80 km/h,0.5581740736961365,True
Test/04117.png,36,38,Keep right,0.9808695316314697,False
Test/04118.png,14,14,Stop,0.999998927116394,True
Test/04119.png,4,4,Speed limit 70 km/h,0.9999203681945801,True
Test/04120.png,4,4,Speed limit 70 km/h,0.9959254264831543,True
Test/04121.png,7,7,Speed limit 100 km/h,0.9964303374290466,True
Test/04122.png,20,20,Dangerous curve right,0.6247416734695435,True
Test/04123.png,34,34,Turn left ahead,1.0,True
Test/04124.png,1,1,Speed limit 30 km/h,0.9955364465713501,True
Test/04125.png,21,21,Double curve,0.9946198463439941,True
Test/04126.png,14,14,Stop,0.9999849796295166,True
Test/04127.png,4,4,Speed limit 70 km/h,0.9992271661758423,True
Test/04128.png,13,13,Yield,1.0,True
Test/04129.png,6,6,End of speed limit 80 km/h,0.9026098847389221,True
Test/04130.png,39,37,Go straight or left,0.368929922580719,False
Test/04131.png,11,11,Right-of-way at next intersection,0.9994582533836365,True
Test/04132.png,33,33,Turn right ahead,0.9999998807907104,True
Test/04133.png,30,30,Beware of ice or snow,0.9358072280883789,True
Test/04134.png,2,2,Speed limit 50 km/h,0.9997584223747253,True
Test/04135.png,3,3,Speed limit 60 km/h,0.999702513217926,True
Test/04136.png,33,33,Turn right ahead,1.0,True
Test/04137.png,1,1,Speed limit 30 km/h,0.9999605417251587,True
Test/04138.png,40,40,Roundabout mandatory,0.9998916387557983,True
Test/04139.png,1,1,Speed limit 30 km/h,0.9992620348930359,True
Test/04140.png,13,13,Yield,1.0,True
Test/04141.png,23,23,Slippery road,0.9984558820724487,True
Test/04142.png,18,18,General caution,0.97763592004776,True
Test/04143.png,10,10,No passing for vehicles over 3.5 t,1.0,True
Test/04144.png,35,35,Ahead only,0.8746634125709534,True
Test/04145.png,1,1,Speed limit 30 km/h,0.9963665008544922,True
Test/04146.png,15,15,No vehicles,1.0,True
Test/04147.png,21,18,General caution,0.4591279923915863,False
Test/04148.png,14,14,Stop,1.0,True
Test/04149.png,3,3,Speed limit 60 km/h,0.9977165460586548,True
Test/04150.png,35,35,Ahead only,0.9981974959373474,True
Test/04151.png,12,12,Priority road,1.0,True
Test/04152.png,9,9,No passing,1.0,True
Test/04153.png,33,33,Turn right ahead,0.9999997615814209,True
Test/04154.png,17,17,No entry,1.0,True
Test/04155.png,12,12,Priority road,1.0,True
Test/04156.png,25,25,Road work,1.0,True
Test/04157.png,18,18,General caution,0.9979649782180786,True
Test/04158.png,4,4,Speed limit 70 km/h,0.9758803844451904,True
Test/04159.png,31,31,Wild animals crossing,0.9981827735900879,True
Test/04160.png,11,11,Right-of-way at next intersection,0.7558566927909851,True
Test/04161.png,5,5,Speed limit 80 km/h,0.9983317255973816,True
Test/04162.png,29,28,Children crossing,0.6194869875907898,False
Test/04163.png,11,11,Right-of-way at next intersection,0.973111093044281,True
Test/04164.png,5,5,Speed limit 80 km/h,0.9994816184043884,True
Test/04165.png,14,14,Stop,1.0,True
Test/04166.png,15,15,No vehicles,0.9999991655349731,True
Test/04167.png,5,5,Speed limit 80 km/h,0.9784950613975525,True
Test/04168.png,38,38,Keep right,1.0,True
Test/04169.png,14,14,Stop,1.0,True
Test/04170.png,4,4,Speed limit 70 km/h,0.9992412328720093,True
Test/04171.png,10,10,No passing for vehicles over 3.5 t,0.9999996423721313,True
Test/04172.png,12,12,Priority road,1.0,True
Test/04173.png,2,2,Speed limit 50 km/h,0.9988225102424622,True
Test/04174.png,13,13,Yield,1.0,True
Test/04175.png,17,17,No entry,0.9848259687423706,True
Test/04176.png,10,10,No passing for vehicles over 3.5 t,0.9997621178627014,True
Test/04177.png,4,4,Speed limit 70 km/h,0.9897865056991577,True
Test/04178.png,5,5,Speed limit 80 km/h,0.8929179906845093,True
Test/04179.png,4,4,Speed limit 70 km/h,0.9969438910484314,True
Test/04180.png,0,1,Speed limit 30 km/h,0.6874287724494934,False
Test/04181.png,8,8,Speed limit 120 km/h,0.9926013350486755,True
Test/04182.png,31,31,Wild animals crossing,0.8633600473403931,True
Test/04183.png,4,4,Speed limit 70 km/h,0.8856319189071655,True
Test/04184.png,41,41,End of no passing,0.997094988822937,True
Test/04185.png,21,23,Slippery road,0.45190784335136414,False
Test/04186.png,20,20,Dangerous curve right,0.9983401298522949,True
Test/04187.png,25,25,Road work,0.9999998807907104,True
Test/04188.png,14,14,Stop,1.0,True
Test/04189.png,1,1,Speed limit 30 km/h,0.9999678134918213,True
Test/04190.png,11,11,Right-of-way at next intersection,0.9999325275421143,True
Test/04191.png,21,21,Double curve,0.9849678874015808,True
Test/04192.png,11,11,Right-of-way at next intersection,0.9993622899055481,True
Test/04193.png,18,18,General caution,0.9984709620475769,True
Test/04194.png,10,10,No passing for vehicles over 3.5 t,0.9999878406524658,True
Test/04195.png,5,5,Speed limit 80 km/h,0.9991224408149719,True
Test/04196.png,12,12,Priority road,0.999984622001648,True
Test/04197.png,13,13,Yield,0.9999995231628418,True
Test/04198.png,31,31,Wild animals crossing,0.9898264408111572,True
Test/04199.png,12,12,Priority road,0.9998331069946289,True
Test/04200.png,2,2,Speed limit 50 km/h,0.999151349067688,True
Test/04201.png,12,12,Priority road,1.0,True
Test/04202.png,13,13,Yield,1.0,True
Test/04203.png,16,16,Vehicles over 3.5 t prohibited,0.999586284160614,True
Test/04204.png,3,3,Speed limit 60 km/h,0.9981239438056946,True
Test/04205.png,2,2,Speed limit 50 km/h,0.9989087581634521,True
Test/04206.png,10,10,No passing for vehicles over 3.5 t,0.9999854564666748,True
Test/04207.png,5,5,Speed limit 80 km/h,0.9247595071792603,True
Test/04208.png,31,31,Wild animals crossing,0.9613103866577148,True
Test/04209.png,12,12,Priority road,1.0,True
Test/04210.png,14,14,Stop,1.0,True
Test/04211.png,17,17,No entry,0.9998779296875,True
Test/04212.png,17,17,No entry,1.0,True
Test/04213.png,13,13,Yield,1.0,True
Test/04214.png,17,17,No entry,0.9990184307098389,True
Test/04215.png,16,16,Vehicles over 3.5 t prohibited,0.9999885559082031,True
Test/04216.png,31,31,Wild animals crossing,0.9983818531036377,True
Test/04217.png,11,11,Right-of-way at next intersection,1.0,True
Test/04218.png,26,26,Traffic signals,0.9999935626983643,True
Test/04219.png,13,1,Speed limit 30 km/h,0.15219484269618988,False
Test/04220.png,13,13,Yield,1.0,True
Test/04221.png,7,7,Speed limit 100 km/h,0.9978060126304626,True
Test/04222.png,13,13,Yield,1.0,True
Test/04223.png,2,2,Speed limit 50 km/h,0.9999750852584839,True
Test/04224.png,18,18,General caution,0.9977636337280273,True
Test/04225.png,8,8,Speed limit 120 km/h,0.9999409914016724,True
Test/04226.png,7,7,Speed limit 100 km/h,0.9906689524650574,True
Test/04227.png,1,1,Speed limit 30 km/h,0.9975026249885559,True
Test/04228.png,9,9,No passing,1.0,True
Test/04229.png,38,38,Keep right,0.9999997615814209,True
Test/04230.png,9,9,No passing,1.0,True
Test/04231.png,13,13,Yield,1.0,True
Test/04232.png,13,13,Yield,1.0,True
Test/04233.png,1,1,Speed limit 30 km/h,0.9996739625930786,True
Test/04234.png,1,1,Speed limit 30 km/h,0.9681463837623596,True
Test/04235.png,8,8,Speed limit 120 km/h,0.9999476671218872,True
Test/04236.png,2,2,Speed limit 50 km/h,0.9999924898147583,True
Test/04237.png,8,8,Speed limit 120 km/h,0.9983786344528198,True
Test/04238.png,13,13,Yield,1.0,True
Test/04239.png,38,38,Keep right,1.0,True
Test/04240.png,7,7,Speed limit 100 km/h,0.9384247660636902,True
Test/04241.png,18,18,General caution,0.9117821455001831,True
Test/04242.png,2,2,Speed limit 50 km/h,0.9830095171928406,True
Test/04243.png,14,14,Stop,0.9999992847442627,True
Test/04244.png,38,38,Keep right,0.9759959578514099,True
Test/04245.png,5,8,Speed limit 120 km/h,0.887643575668335,False
Test/04246.png,38,38,Keep right,1.0,True
Test/04247.png,12,12,Priority road,1.0,True
Test/04248.png,25,25,Road work,0.982258677482605,True
Test/04249.png,5,5,Speed limit 80 km/h,0.9968346953392029,True
Test/04250.png,25,25,Road work,0.9999996423721313,True
Test/04251.png,11,28,Children crossing,0.5341517329216003,False
Test/04252.png,18,18,General caution,0.9991769194602966,True
Test/04253.png,5,5,Speed limit 80 km/h,0.9506932497024536,True
Test/04254.png,14,14,Stop,1.0,True
Test/04255.png,12,12,Priority road,1.0,True
Test/04256.png,13,13,Yield,1.0,True
Test/04257.png,5,5,Speed limit 80 km/h,0.9999828338623047,True
Test/04258.png,13,13,Yield,1.0,True
Test/04259.png,9,9,No passing,0.9999994039535522,True
Test/04260.png,11,11,Right-of-way at next intersection,0.9791315793991089,True
Test/04261.png,25,25,Road work,1.0,True
Test/04262.png,7,7,Speed limit 100 km/h,0.994478702545166,True
Test/04263.png,12,12,Priority road,1.0,True
Test/04264.png,35,35,Ahead only,0.9971381425857544,True
Test/04265.png,15,15,No vehicles,0.9999964237213135,True
Test/04266.png,1,1,Speed limit 30 km/h,0.9994871616363525,True
Test/04267.png,3,3,Speed limit 60 km/h,0.9226080775260925,True
Test/04268.png,31,31,Wild animals crossing,0.9984879493713379,True
Test/04269.png,17,17,No entry,0.9998582601547241,True
Test/04270.png,13,13,Yield,0.9970878958702087,True
Test/04271.png,6,6,End of speed limit 80 km/h,0.24711109697818756,True
Test/04272.png,8,8,Speed limit 120 km/h,0.999954342842102,True
Test/04273.png,25,25,Road work,1.0,True
Test/04274.png,4,4,Speed limit 70 km/h,0.9992783665657043,True
Test/04275.png,38,38,Keep right,1.0,True
Test/04276.png,18,18,General caution,0.9924497604370117,True
Test/04277.png,10,10,No passing for vehicles over 3.5 t,1.0,True
Test/04278.png,36,36,Go straight or right,0.9999992847442627,True
Test/04279.png,17,17,No entry,0.99994957447052,True
Test/04280.png,13,13,Yield,1.0,True
Test/04281.png,8,8,Speed limit 120 km/h,0.986596405506134,True
Test/04282.png,12,12,Priority road,0.9999314546585083,True
Test/04283.png,4,4,Speed limit 70 km/h,0.9997521042823792,True
Test/04284.png,1,1,Speed limit 30 km/h,0.9374023079872131,True
Test/04285.png,2,1,Speed limit 30 km/h,0.8945336937904358,False
Test/04286.png,5,3,Speed limit 60 km/h,0.5429342985153198,False
Test/04287.png,17,17,No entry,1.0,True
Test/04288.png,9,9,No passing,0.9999768733978271,True
Test/04289.png,25,25,Road work,1.0,True
Test/04290.png,29,29,Bicycles crossing,0.9999532699584961,True
Test/04291.png,35,35,Ahead only,1.0,True
Test/04292.png,29,29,Bicycles crossing,0.807331919670105,True
Test/04293.png,35,35,Ahead only,0.9998818635940552,True
Test/04294.png,15,15,No vehicles,0.9999988079071045,True
Test/04295.png,2,2,Speed limit 50 km/h,0.9992814660072327,True
Test/04296.png,35,35,Ahead only,0.9988375306129456,True
Test/04297.png,11,11,Right-of-way at next intersection,0.999998927116394,True
Test/04298.png,28,28,Children crossing,0.9969512224197388,True
Test/04299.png,26,26,Traffic signals,0.999953031539917,True
Test/04300.png,23,23,Slippery road,0.9968405961990356,True
Test/04301.png,3,3,Speed limit 60 km/h,0.9592807292938232,True
Test/04302.png,35,35,Ahead only,0.9974105954170227,True
Test/04303.png,25,25,Road work,0.9999960660934448,True
Test/04304.png,38,38,Keep right,1.0,True
Test/04305.png,1,1,Speed limit 30 km/h,0.9987930059432983,True
Test/04306.png,15,15,No vehicles,0.9434329867362976,True
Test/04307.png,9,9,No passing,1.0,True
Test/04308.png,11,11,Right-of-way at next intersection,0.9997923970222473,True
Test/04309.png,7,7,Speed limit 100 km/h,0.8888454437255859,True
Test/04310.png,9,9,No passing,0.9933274984359741,True
Test/04311.png,38,38,Keep right,0.9990750551223755,True
Test/04312.png,20,20,Dangerous curve right,0.9289988875389099,True
Test/04313.png,39,39,Keep left,0.9999971389770508,True
Test/04314.png,26,26,Traffic signals,0.9949086308479309,True
Test/04315.png,13,13,Yield,1.0,True
Test/04316.png,42,42,End of no passing for vehicles over 3.5 t,0.5290075540542603,True
Test/04317.png,11,11,Right-of-way at next intersection,0.9999996423721313,True
Test/04318.png,12,12,Priority road,0.9999432563781738,True
Test/04319.png,38,38,Keep right,1.0,True
Test/04320.png,7,7,Speed limit 100 km/h,0.8366779685020447,True
Test/04321.png,3,3,Speed limit 60 km/h,0.9995474219322205,True
Test/04322.png,10,10,No passing for vehicles over 3.5 t,1.0,True
Test/04323.png,8,3,Speed limit 60 km/h,0.4619031250476837,False
Test/04324.png,35,35,Ahead only,1.0,True
Test/04325.png,4,4,Speed limit 70 km/h,0.9599450826644897,True
Test/04326.png,5,5,Speed limit 80 km/h,0.998637855052948,True
Test/04327.png,5,5,Speed limit 80 km/h,0.9990455508232117,True
Test/04328.png,9,9,No passing,0.9999631643295288,True
Test/04329.png,35,35,Ahead only,0.9999996423721313,True
Test/04330.png,31,31,Wild animals crossing,0.9919736385345459,True
Test/04331.png,24,24,Road narrows on right,0.9935500621795654,True
Test/04332.png,0,1,Speed limit 30 km/h,0.6898091435432434,False
Test/04333.png,0,1,Speed limit 30 km/h,0.5894886255264282,False
Test/04334.png,8,8,Speed limit 120 km/h,0.937509298324585,True
Test/04335.png,41,41,End of no passing,0.9431118369102478,True
Test/04336.png,1,1,Speed limit 30 km/h,0.9999607801437378,True
Test/04337.png,1,1,Speed limit 30 km/h,0.9991346001625061,True
Test/04338.png,4,4,Speed limit 70 km/h,0.9997647404670715,True
Test/04339.png,7,7,Speed limit 100 km/h,0.9998792409896851,True
Test/04340.png,25,25,Road work,1.0,True
Test/04341.png,12,4,Speed limit 70 km/h,0.88975590467453,False
Test/04342.png,33,33,Turn right ahead,1.0,True
Test/04343.png,14,14,Stop,0.9979023933410645,True
Test/04344.png,2,2,Speed limit 50 km/h,0.9952459931373596,True
Test/04345.png,15,15,No vehicles,1.0,True
Test/04346.png,9,9,No passing,0.9999864101409912,True
Test/04347.png,12,12,Priority road,0.9999982118606567,True
Test/04348.png,1,1,Speed limit 30 km/h,0.8462480306625366,True
Test/04349.png,11,11,Right-of-way at next intersection,0.9999924898147583,True
Test/04350.png,33,33,Turn right ahead,0.9999996423721313,True
Test/04351.png,4,4,Speed limit 70 km/h,0.999744713306427,True
Test/04352.png,1,1,Speed limit 30 km/h,0.9992271661758423,True
Test/04353.png,18,18,General caution,0.9172334671020508,True
Test/04354.png,13,13,Yield,0.9996988773345947,True
Test/04355.png,12,12,Priority road,1.0,True
Test/04356.png,13,13,Yield,1.0,True
Test/04357.png,2,2,Speed limit 50 km/h,0.9998955726623535,True
Test/04358.png,13,13,Yield,0.9999995231628418,True
Test/04359.png,10,10,No passing for vehicles over 3.5 t,1.0,True
Test/04360.png,36,36,Go straight or right,0.9999006986618042,True
Test/04361.png,10,10,No passing for vehicles over 3.5 t,1.0,True
Test/04362.png,38,38,Keep right,1.0,True
Test/04363.png,3,3,Speed limit 60 km/h,0.8688412308692932,True
Test/04364.png,11,11,Right-of-way at next intersection,1.0,True
Test/04365.png,38,38,Keep right,1.0,True
Test/04366.png,15,15,No vehicles,0.9999905824661255,True
Test/04367.png,30,29,Bicycles crossing,0.28537341952323914,False
Test/04368.png,18,18,General caution,0.9981130361557007,True
Test/04369.png,35,35,Ahead only,1.0,True
Test/04370.png,5,5,Speed limit 80 km/h,0.9838659167289734,True
Test/04371.png,9,9,No passing,0.9979999661445618,True
Test/04372.png,18,18,General caution,0.8853365182876587,True
Test/04373.png,8,8,Speed limit 120 km/h,0.9984254837036133,True
Test/04374.png,12,12,Priority road,1.0,True
Test/04375.png,15,15,No vehicles,0.9999983310699463,True
Test/04376.png,5,5,Speed limit 80 km/h,0.9864569306373596,True
Test/04377.png,1,1,Speed limit 30 km/h,0.9968308806419373,True
Test/04378.png,35,35,Ahead only,0.9994843006134033,True
Test/04379.png,4,4,Speed limit 70 km/h,0.9983420372009277,True
Test/04380.png,25,25,Road work,0.9999876022338867,True
Test/04381.png,5,5,Speed limit 80 km/h,0.8722921013832092,True
Test/04382.png,2,2,Speed limit 50 km/h,0.9999850988388062,True
Test/04383.png,30,20,Dangerous curve right,0.4960116147994995,False
Test/04384.png,12,12,Priority road,0.8009136915206909,True
Test/04385.png,8,8,Speed limit 120 km/h,0.9998363256454468,True
Test/04386.png,1,1,Speed limit 30 km/h,0.9988166093826294,True
Test/04387.png,1,1,Speed limit 30 km/h,0.9975692629814148,True
Test/04388.png,4,4,Speed limit 70 km/h,0.999832034111023,True
Test/04389.png,4,4,Speed limit 70 km/h,0.9998749494552612,True
Test/04390.png,9,9,No passing,1.0,True
Test/04391.png,17,17,No entry,1.0,True
Test/04392.png,4,4,Speed limit 70 km/h,0.9997782111167908,True
Test/04393.png,10,10,No passing for vehicles over 3.5 t,1.0,True
Test/04394.png,17,17,No entry,1.0,True
Test/04395.png,38,38,Keep right,1.0,True
Test/04396.png,2,2,Speed limit 50 km/h,0.9854539632797241,True
Test/04397.png,2,2,Speed limit 50 km/h,0.9999982118606567,True
Test/04398.png,39,39,Keep left,1.0,True
Test/04399.png,1,1,Speed limit 30 km/h,0.9991231560707092,True
Test/04400.png,21,21,Double curve,0.8972412347793579,True
Test/04401.png,15,15,No vehicles,1.0,True
Test/04402.png,10,10,No passing for vehicles over 3.5 t,0.997462272644043,True
Test/04403.png,4,4,Speed limit 70 km/h,0.9928135275840759,True
Test/04404.png,3,3,Speed limit 60 km/h,0.8686714172363281,True
Test/04405.png,13,13,Yield,1.0,True
Test/04406.png,5,5,Speed limit 80 km/h,0.9847623109817505,True
Test/04407.png,9,9,No passing,1.0,True
Test/04408.png,3,3,Speed limit 60 km/h,0.996631920337677,True
Test/04409.png,18,18,General caution,0.9869556427001953,True
Test/04410.png,6,6,End of speed limit 80 km/h,0.8211889266967773,True
Test/04411.png,7,7,Speed limit 100 km/h,0.9945502877235413,True
Test/04412.png,12,12,Priority road,0.9999910593032837,True
Test/04413.png,42,42,End of no passing for vehicles over 3.5 t,0.9615185260772705,True
Test/04414.png,19,19,Dangerous curve left,0.9995688796043396,True
Test/04415.png,11,11,Right-of-way at next intersection,0.5680803060531616,True
Test/04416.png,17,17,No entry,1.0,True
Test/04417.png,1,1,Speed limit 30 km/h,0.9998642206192017,True
Test/04418.png,33,33,Turn right ahead,0.9999828338623047,True
Test/04419.png,8,8,Speed limit 120 km/h,0.9456941485404968,True
Test/04420.png,31,31,Wild animals crossing,0.9630178809165955,True
Test/04421.png,31,23,Slippery road,0.8413404822349548,False
Test/04422.png,5,5,Speed limit 80 km/h,0.999909520149231,True
Test/04423.png,1,1,Speed limit 30 km/h,0.9936845898628235,True
Test/04424.png,12,12,Priority road,1.0,True
Test/04425.png,28,28,Children crossing,0.9999998807907104,True
Test/04426.png,5,5,Speed limit 80 km/h,0.9788644313812256,True
Test/04427.png,12,12,Priority road,0.9999518394470215,True
Test/04428.png,8,8,Speed limit 120 km/h,0.9994427561759949,True
Test/04429.png,20,20,Dangerous curve right,0.9343620538711548,True
Test/04430.png,10,10,No passing for vehicles over 3.5 t,1.0,True
Test/04431.png,10,10,No passing for vehicles over 3.5 t,0.9999979734420776,True
Test/04432.png,8,8,Speed limit 120 km/h,0.9972670078277588,True
Test/04433.png,8,8,Speed limit 120 km/h,0.9499500393867493,True
Test/04434.png,0,1,Speed limit 30 km/h,0.6900503635406494,False
Test/04435.png,5,3,Speed limit 60 km/h,0.8165759444236755,False
Test/04436.png,7,7,Speed limit 100 km/h,0.9995761513710022,True
Test/04437.png,20,20,Dangerous curve right,0.884434163570404,True
Test/04438.png,33,33,Turn right ahead,0.9999963045120239,True
Test/04439.png,10,10,No passing for vehicles over 3.5 t,0.9999872446060181,True
Test/04440.png,5,5,Speed limit 80 km/h,0.9264699220657349,True
Test/04441.png,12,12,Priority road,1.0,True
Test/04442.png,38,38,Keep right,0.9997252821922302,True
Test/04443.png,21,22,Bumpy road,0.43815386295318604,False
Test/04444.png,2,2,Speed limit 50 km/h,0.9606003761291504,True
Test/04445.png,7,7,Speed limit 100 km/h,0.999977707862854,True
Test/04446.png,5,5,Speed limit 80 km/h,0.808393657207489,True
Test/04447.png,2,2,Speed limit 50 km/h,0.941035807132721,True
Test/04448.png,17,17,No entry,1.0,True
Test/04449.png,3,5,Speed limit 80 km/h,0.6531372666358948,False
Test/04450.png,17,17,No entry,0.9999645948410034,True
Test/04451.png,12,12,Priority road,1.0,True
Test/04452.png,31,31,Wild animals crossing,0.9698825478553772,True
Test/04453.png,25,25,Road work,1.0,True
Test/04454.png,18,18,General caution,0.9918937087059021,True
Test/04455.png,2,2,Speed limit 50 km/h,0.997990608215332,True
Test/04456.png,27,27,Pedestrians,0.4125226140022278,True
Test/04457.png,3,3,Speed limit 60 km/h,0.9607341289520264,True
Test/04458.png,37,37,Go straight or left,0.9995580315589905,True
Test/04459.png,9,9,No passing,1.0,True
Test/04460.png,38,38,Keep right,0.9999979734420776,True
Test/04461.png,5,5,Speed limit 80 km/h,0.998630166053772,True
Test/04462.png,38,38,Keep right,1.0,True
Test/04463.png,8,8,Speed limit 120 km/h,0.9989885687828064,True
Test/04464.png,13,13,Yield,1.0,True
Test/04465.png,10,10,No passing for vehicles over 3.5 t,1.0,True
Test/04466.png,14,14,Stop,0.9999998807907104,True
Test/04467.png,12,12,Priority road,1.0,True
Test/04468.png,17,17,No entry,1.0,True
Test/04469.png,31,31,Wild animals crossing,0.9836732149124146,True
Test/04470.png,26,26,Traffic signals,0.993489146232605,True
Test/04471.png,33,33,Turn right ahead,1.0,True
Test/04472.png,38,38,Keep right,1.0,True
Test/04473.png,17,17,No entry,0.5193775296211243,True
Test/04474.png,12,12,Priority road,1.0,True
Test/04475.png,2,2,Speed limit 50 km/h,0.9999998807907104,True
Test/04476.png,2,2,Speed limit 50 km/h,0.9999939203262329,True
Test/04477.png,13,13,Yield,1.0,True
Test/04478.png,1,1,Speed limit 30 km/h,0.9743928909301758,True
Test/04479.png,21,21,Double curve,0.9910925030708313,True
Test/04480.png,2,2,Speed limit 50 km/h,0.974112868309021,True
Test/04481.png,10,10,No passing for vehicles over 3.5 t,1.0,True
Test/04482.png,9,9,No passing,0.9999862909317017,True
Test/04483.png,33,33,Turn right ahead,0.9999996423721313,True
Test/04484.png,5,5,Speed limit 80 km/h,0.6032750010490417,True
Test/04485.png,13,13,Yield,1.0,True
Test/04486.png,1,1,Speed limit 30 km/h,0.9970642924308777,True
Test/04487.png,4,4,Speed limit 70 km/h,0.9998899698257446,True
Test/04488.png,8,8,Speed limit 120 km/h,0.5439342856407166,True
Test/04489.png,2,2,Speed limit 50 km/h,0.9863829612731934,True
Test/04490.png,36,36,Go straight or right,0.9997379183769226,True
Test/04491.png,12,12,Priority road,1.0,True
Test/04492.png,38,38,Keep right,0.6274513602256775,True
Test/04493.png,4,4,Speed limit 70 km/h,0.9999548196792603,True
Test/04494.png,34,34,Turn left ahead,0.9999896287918091,True
Test/04495.png,12,12,Priority road,1.0,True
Test/04496.png,42,42,End of no passing for vehicles over 3.5 t,0.9997977614402771,True
Test/04497.png,5,5,Speed limit 80 km/h,0.9491255283355713,True
Test/04498.png,2,2,Speed limit 50 km/h,0.999542236328125,True
Test/04499.png,1,1,Speed limit 30 km/h,0.9553599953651428,True
Test/04500.png,22,22,Bumpy road,0.9988699555397034,True
Test/04501.png,25,25,Road work,1.0,True
Test/04502.png,28,28,Children crossing,0.9995918869972229,True
Test/04503.png,3,3,Speed limit 60 km/h,0.9991944432258606,True
Test/04504.png,0,1,Speed limit 30 km/h,0.7150669693946838,False
Test/04505.png,2,2,Speed limit 50 km/h,0.9785569310188293,True
Test/04506.png,2,2,Speed limit 50 km/h,0.981848955154419,True
Test/04507.png,17,17,No entry,1.0,True
Test/04508.png,12,12,Priority road,1.0,True
Test/04509.png,30,29,Bicycles crossing,0.7766950130462646,False
Test/04510.png,31,31,Wild animals crossing,0.9865610003471375,True
Test/04511.png,30,29,Bicycles crossing,0.9460124969482422,False
Test/04512.png,0,0,Speed limit 20 km/h,0.7595486044883728,True
Test/04513.png,1,1,Speed limit 30 km/h,0.9980735778808594,True
Test/04514.png,35,35,Ahead only,1.0,True
Test/04515.png,40,40,Roundabout mandatory,0.9035434722900391,True
Test/04516.png,2,2,Speed limit 50 km/h,0.9998619556427002,True
Test/04517.png,10,10,No passing for vehicles over 3.5 t,0.9999974966049194,True
Test/04518.png,10,10,No passing for vehicles over 3.5 t,0.999984860420227,True
Test/04519.png,7,7,Speed limit 100 km/h,0.998007595539093,True
Test/04520.png,9,9,No passing,0.9996727705001831,True
Test/04521.png,4,4,Speed limit 70 km/h,0.9983538389205933,True
Test/04522.png,34,34,Turn left ahead,1.0,True
Test/04523.png,5,5,Speed limit 80 km/h,0.7280998826026917,True
Test/04524.png,7,7,Speed limit 100 km/h,0.9927070736885071,True
Test/04525.png,30,30,Beware of ice or snow,0.9848594069480896,True
Test/04526.png,12,12,Priority road,1.0,True
Test/04527.png,13,13,Yield,0.9999021291732788,True
Test/04528.png,35,35,Ahead only,1.0,True
Test/04529.png,28,28,Children crossing,0.9999769926071167,True
Test/04530.png,12,12,Priority road,1.0,True
Test/04531.png,35,35,Ahead only,1.0,True
Test/04532.png,10,42,End of no passing for vehicles over 3.5 t,0.35223791003227234,False
Test/04533.png,12,12,Priority road,0.999998927116394,True
Test/04534.png,8,3,Speed limit 60 km/h,0.6443513631820679,False
Test/04535.png,18,27,Pedestrians,0.614840030670166,False
Test/04536.png,5,5,Speed limit 80 km/h,0.9969773292541504,True
Test/04537.png,1,1,Speed limit 30 km/h,0.9975922107696533,True
Test/04538.png,5,5,Speed limit 80 km/h,0.6500033736228943,True
Test/04539.png,1,1,Speed limit 30 km/h,0.9983569979667664,True
Test/04540.png,2,2,Speed limit 50 km/h,0.9999721050262451,True
Test/04541.png,2,2,Speed limit 50 km/h,0.9939957857131958,True
Test/04542.png,12,12,Priority road,1.0,True
Test/04543.png,3,3,Speed limit 60 km/h,0.8441299200057983,True
Test/04544.png,7,7,Speed limit 100 km/h,0.5343005061149597,True
Test/04545.png,16,16,Vehicles over 3.5 t prohibited,0.9897639751434326,True
Test/04546.png,2,2,Speed limit 50 km/h,1.0,True
Test/04547.png,7,7,Speed limit 100 km/h,0.9522003531455994,True
Test/04548.png,14,14,Stop,0.9999920129776001,True
Test/04549.png,18,18,General caution,0.9853132367134094,True
Test/04550.png,38,38,Keep right,1.0,True
Test/04551.png,25,25,Road work,1.0,True
Test/04552.png,2,2,Speed limit 50 km/h,0.9998408555984497,True
Test/04553.png,18,18,General caution,0.9620189666748047,True
Test/04554.png,9,9,No passing,1.0,True
Test/04555.png,36,36,Go straight or right,0.9998958110809326,True
Test/04556.png,9,9,No passing,1.0,True
Test/04557.png,25,25,Road work,1.0,True
Test/04558.png,5,5,Speed limit 80 km/h,0.9816354513168335,True
Test/04559.png,5,5,Speed limit 80 km/h,0.8291470408439636,True
Test/04560.png,5,5,Speed limit 80 km/h,0.9824115633964539,True
Test/04561.png,3,3,Speed limit 60 km/h,0.8283268809318542,True
Test/04562.png,27,27,Pedestrians,0.40905657410621643,True
Test/04563.png,13,13,Yield,1.0,True
Test/04564.png,1,1,Speed limit 30 km/h,0.999693751335144,True
Test/04565.png,25,25,Road work,1.0,True
Test/04566.png,25,25,Road work,0.9998788833618164,True
Test/04567.png,8,8,Speed limit 120 km/h,0.9987820982933044,True
Test/04568.png,10,10,No passing for vehicles over 3.5 t,0.9999918937683105,True
Test/04569.png,25,25,Road work,1.0,True
Test/04570.png,0,0,Speed limit 20 km/h,0.6889512538909912,True
Test/04571.png,31,23,Slippery road,0.5933202505111694,False
Test/04572.png,9,9,No passing,1.0,True
Test/04573.png,2,2,Speed limit 50 km/h,0.9843005537986755,True
Test/04574.png,2,2,Speed limit 50 km/h,0.9992631077766418,True
Test/04575.png,8,8,Speed limit 120 km/h,0.9211036562919617,True
Test/04576.png,4,4,Speed limit 70 km/h,0.9993695616722107,True
Test/04577.png,13,13,Yield,1.0,True
Test/04578.png,7,7,Speed limit 100 km/h,0.9592093229293823,True
Test/04579.png,30,31,Wild animals crossing,0.2924540340900421,False
Test/04580.png,5,5,Speed limit 80 km/h,0.9797763228416443,True
Test/04581.png,15,15,No vehicles,0.9999998807907104,True
Test/04582.png,12,12,Priority road,1.0,True
Test/04583.png,17,17,No entry,1.0,True
Test/04584.png,1,1,Speed limit 30 km/h,0.9999836683273315,True
Test/04585.png,27,27,Pedestrians,0.40352335572242737,True
Test/04586.png,7,7,Speed limit 100 km/h,0.9824618697166443,True
Test/04587.png,24,24,Road narrows on right,0.9923960566520691,True
Test/04588.png,3,3,Speed limit 60 km/h,0.8761990666389465,True
Test/04589.png,3,3,Speed limit 60 km/h,0.9999901056289673,True
Test/04590.png,10,10,No passing for vehicles over 3.5 t,0.9617065191268921,True
Test/04591.png,26,26,Traffic signals,0.9999997615814209,True
Test/04592.png,38,38,Keep right,0.9936469197273254,True
Test/04593.png,10,10,No passing for vehicles over 3.5 t,0.9995036125183105,True
Test/04594.png,12,12,Priority road,1.0,True
Test/04595.png,2,2,Speed limit 50 km/h,0.9993778467178345,True
Test/04596.png,10,10,No passing for vehicles over 3.5 t,1.0,True
Test/04597.png,3,3,Speed limit 60 km/h,0.9641402363777161,True
Test/04598.png,5,5,Speed limit 80 km/h,0.9671991467475891,True
Test/04599.png,1,1,Speed limit 30 km/h,0.9998713731765747,True
Test/04600.png,12,12,Priority road,0.9999980926513672,True
Test/04601.png,4,1,Speed limit 30 km/h,0.9342349767684937,False
Test/04602.png,29,29,Bicycles crossing,0.9832556247711182,True
Test/04603.png,34,34,Turn left ahead,1.0,True
Test/04604.png,1,1,Speed limit 30 km/h,0.9916203022003174,True
Test/04605.png,0,1,Speed limit 30 km/h,0.7088994383811951,False
Test/04606.png,4,4,Speed limit 70 km/h,0.9994644522666931,True
Test/04607.png,35,35,Ahead only,0.9982617497444153,True
Test/04608.png,4,4,Speed limit 70 km/h,0.9989773035049438,True
Test/04609.png,5,5,Speed limit 80 km/h,0.9918932914733887,True
Test/04610.png,13,13,Yield,1.0,True
Test/04611.png,33,33,Turn right ahead,1.0,True
Test/04612.png,37,37,Go straight or left,0.9606679081916809,True
Test/04613.png,37,37,Go straight or left,0.9895385503768921,True
Test/04614.png,38,38,Keep right,0.9981443881988525,True
Test/04615.png,33,33,Turn right ahead,0.9999877214431763,True
Test/04616.png,38,38,Keep right,0.9999121427536011,True
Test/04617.png,21,19,Dangerous curve left,0.5416721701622009,False
Test/04618.png,31,31,Wild animals crossing,0.5793857574462891,True
Test/04619.png,11,11,Right-of-way at next intersection,0.7952094674110413,True
Test/04620.png,19,19,Dangerous curve left,0.8373791575431824,True
Test/04621.png,38,38,Keep right,1.0,True
Test/04622.png,4,4,Speed limit 70 km/h,0.9877732396125793,True
Test/04623.png,12,12,Priority road,1.0,True
Test/04624.png,8,8,Speed limit 120 km/h,0.99126136302948,True
Test/04625.png,24,24,Road narrows on right,0.975895881652832,True
Test/04626.png,12,12,Priority road,1.0,True
Test/04627.png,2,2,Speed limit 50 km/h,0.9997182488441467,True
Test/04628.png,13,13,Yield,1.0,True
Test/04629.png,7,8,Speed limit 120 km/h,0.6091505289077759,False
Test/04630.png,7,7,Speed limit 100 km/h,0.9921980500221252,True
Test/04631.png,1,1,Speed limit 30 km/h,0.9896094799041748,True
Test/04632.png,9,9,No passing,0.9998304843902588,True
Test/04633.png,38,38,Keep right,1.0,True
Test/04634.png,26,26,Traffic signals,0.9956986904144287,True
Test/04635.png,20,20,Dangerous curve right,0.8227702379226685,True
Test/04636.png,33,33,Turn right ahead,0.7979456782341003,True
Test/04637.png,35,35,Ahead only,1.0,True
Test/04638.png,25,25,Road work,1.0,True
Test/04639.png,30,30,Beware of ice or snow,0.9943530559539795,True
Test/04640.png,8,8,Speed limit 120 km/h,0.9973236322402954,True
Test/04641.png,2,2,Speed limit 50 km/h,0.9999703168869019,True
Test/04642.png,28,28,Children crossing,0.9989376664161682,True
Test/04643.png,19,19,Dangerous curve left,0.9715079665184021,True
Test/04644.png,5,5,Speed limit 80 km/h,0.9720503687858582,True
Test/04645.png,39,39,Keep left,1.0,True
Test/04646.png,2,2,Speed limit 50 km/h,0.9772046208381653,True
Test/04647.png,4,4,Speed limit 70 km/h,0.9985126852989197,True
Test/04648.png,35,35,Ahead only,1.0,True
Test/04649.png,12,12,Priority road,1.0,True
Test/04650.png,4,4,Speed limit 70 km/h,0.9909840822219849,True
Test/04651.png,10,10,No passing for vehicles over 3.5 t,1.0,True
Test/04652.png,25,25,Road work,0.9999998807907104,True
Test/04653.png,8,8,Speed limit 120 km/h,0.9915333390235901,True
Test/04654.png,4,4,Speed limit 70 km/h,0.9992976188659668,True
Test/04655.png,4,4,Speed limit 70 km/h,0.9999308586120605,True
Test/04656.png,38,38,Keep right,1.0,True
Test/04657.png,1,1,Speed limit 30 km/h,0.9387083053588867,True
Test/04658.png,37,37,Go straight or left,0.8889583349227905,True
Test/04659.png,5,5,Speed limit 80 km/h,0.9998738765716553,True
Test/04660.png,10,10,No passing for vehicles over 3.5 t,0.9995668530464172,True
Test/04661.png,1,1,Speed limit 30 km/h,0.9964106678962708,True
Test/04662.png,6,40,Roundabout mandatory,0.6219856142997742,False
Test/04663.png,6,6,End of speed limit 80 km/h,0.9631632566452026,True
Test/04664.png,38,38,Keep right,1.0,True
Test/04665.png,12,12,Priority road,1.0,True
Test/04666.png,33,33,Turn right ahead,0.9986496567726135,True
Test/04667.png,40,40,Roundabout mandatory,0.9462357759475708,True
Test/04668.png,1,1,Speed limit 30 km/h,0.9892793297767639,True
Test/04669.png,10,10,No passing for vehicles over 3.5 t,1.0,True
Test/04670.png,4,4,Speed limit 70 km/h,0.9978616833686829,True
Test/04671.png,25,25,Road work,0.9949042797088623,True
Test/04672.png,18,24,Road narrows on right,0.39033639430999756,False
Test/04673.png,4,4,Speed limit 70 km/h,0.9878513216972351,True
Test/04674.png,9,9,No passing,0.9959141612052917,True
Test/04675.png,39,39,Keep left,0.9999977350234985,True
Test/04676.png,10,10,No passing for vehicles over 3.5 t,1.0,True
Test/04677.png,7,7,Speed limit 100 km/h,0.9146217703819275,True
Test/04678.png,6,6,End of speed limit 80 km/h,0.9993280172348022,True
Test/04679.png,7,7,Speed limit 100 km/h,0.9879189133644104,True
Test/04680.png,1,1,Speed limit 30 km/h,0.9705280661582947,True
Test/04681.png,10,10,No passing for vehicles over 3.5 t,1.0,True
Test/04682.png,12,12,Priority road,1.0,True
Test/04683.png,13,13,Yield,1.0,True
Test/04684.png,2,2,Speed limit 50 km/h,0.9998207688331604,True
Test/04685.png,2,2,Speed limit 50 km/h,0.9915024042129517,True
Test/04686.png,22,22,Bumpy road,0.9999935626983643,True
Test/04687.png,6,6,End of speed limit 80 km/h,0.7753022909164429,True
Test/04688.png,10,10,No passing for vehicles over 3.5 t,0.9999959468841553,True
Test/04689.png,11,11,Right-of-way at next intersection,0.9999716281890869,True
Test/04690.png,12,12,Priority road,1.0,True
Test/04691.png,21,21,Double curve,0.9996057152748108,True
Test/04692.png,11,11,Right-of-way at next intersection,0.9993423819541931,True
Test/04693.png,38,38,Keep right,1.0,True
Test/04694.png,5,5,Speed limit 80 km/h,0.9867349863052368,True
Test/04695.png,4,4,Speed limit 70 km/h,0.9999861717224121,True
Test/04696.png,31,31,Wild animals crossing,0.9941816926002502,True
Test/04697.png,27,27,Pedestrians,0.9907488226890564,True
Test/04698.png,26,26,Traffic signals,0.9999892711639404,True
Test/04699.png,26,26,Traffic signals,0.999860405921936,True
Test/04700.png,33,33,Turn right ahead,0.9616469740867615,True
Test/04701.png,4,4,Speed limit 70 km/h,0.8931061029434204,True
Test/04702.png,25,25,Road work,0.999997615814209,True
Test/04703.png,7,7,Speed limit 100 km/h,0.9945078492164612,True
Test/04704.png,1,1,Speed limit 30 km/h,0.9973486661911011,True
Test/04705.png,2,2,Speed limit 50 km/h,0.9999998807907104,True
Test/04706.png,39,39,Keep left,1.0,True
Test/04707.png,38,38,Keep right,0.9950801134109497,True
Test/04708.png,38,38,Keep right,0.999871015548706,True
Test/04709.png,40,40,Roundabout mandatory,0.9954763054847717,True
Test/04710.png,38,38,Keep right,0.9999853372573853,True
Test/04711.png,3,3,Speed limit 60 km/h,0.5503412485122681,True
Test/04712.png,5,5,Speed limit 80 km/h,0.8140559196472168,True
Test/04713.png,13,13,Yield,1.0,True
Test/04714.png,11,11,Right-of-way at next intersection,0.5373086929321289,True
Test/04715.png,16,16,Vehicles over 3.5 t prohibited,0.9999310970306396,True
Test/04716.png,7,7,Speed limit 100 km/h,0.9985039234161377,True
Test/04717.png,36,36,Go straight or right,0.9997336268424988,True
Test/04718.png,22,22,Bumpy road,0.5339905023574829,True
Test/04719.png,14,14,Stop,0.9992415904998779,True
Test/04720.png,7,7,Speed limit 100 km/h,0.9998831748962402,True
Test/04721.png,3,3,Speed limit 60 km/h,0.9984492063522339,True
Test/04722.png,4,4,Speed limit 70 km/h,0.6524004936218262,True
Test/04723.png,4,4,Speed limit 70 km/h,0.9920088052749634,True
Test/04724.png,25,25,Road work,1.0,True
Test/04725.png,26,26,Traffic signals,0.9999121427536011,True
Test/04726.png,0,1,Speed limit 30 km/h,0.5302597880363464,False
Test/04727.png,18,18,General caution,0.9579741358757019,True
Test/04728.png,5,5,Speed limit 80 km/h,0.9964233040809631,True
Test/04729.png,9,9,No passing,0.9994557499885559,True
Test/04730.png,3,3,Speed limit 60 km/h,0.999769389629364,True
Test/04731.png,21,21,Double curve,0.9964767098426819,True
Test/04732.png,19,19,Dangerous curve left,0.8278264403343201,True
Test/04733.png,12,12,Priority road,1.0,True
Test/04734.png,1,1,Speed limit 30 km/h,0.9863541722297668,True
Test/04735.png,1,1,Speed limit 30 km/h,0.9922593235969543,True
Test/04736.png,7,7,Speed limit 100 km/h,0.5240158438682556,True
Test/04737.png,14,14,Stop,0.9999998807907104,True
Test/04738.png,7,7,Speed limit 100 km/h,0.9994899034500122,True
Test/04739.png,7,7,Speed limit 100 km/h,0.99332195520401,True
Test/04740.png,13,13,Yield,1.0,True
Test/04741.png,4,4,Speed limit 70 km/h,0.9997847676277161,True
Test/04742.png,13,13,Yield,1.0,True
Test/04743.png,18,18,General caution,0.8058875203132629,True
Test/04744.png,4,4,Speed limit 70 km/h,0.9999996423721313,True
Test/04745.png,38,38,Keep right,1.0,True
Test/04746.png,12,12,Priority road,0.9999998807907104,True
Test/04747.png,12,12,Priority road,1.0,True
Test/04748.png,13,13,Yield,1.0,True
Test/04749.png,2,2,Speed limit 50 km/h,0.9944341778755188,True
Test/04750.png,17,17,No entry,1.0,True
Test/04751.png,17,17,No entry,1.0,True
Test/04752.png,1,1,Speed limit 30 km/h,0.9858121871948242,True
Test/04753.png,26,26,Traffic signals,0.9999984502792358,True
Test/04754.png,19,19,Dangerous curve left,0.9999998807907104,True
Test/04755.png,7,5,Speed limit 80 km/h,0.569311261177063,False
Test/04756.png,18,18,General caution,0.8034920692443848,True
Test/04757.png,14,14,Stop,0.9999996423721313,True
Test/04758.png,4,4,Speed limit 70 km/h,0.9998743534088135,True
Test/04759.png,1,1,Speed limit 30 km/h,0.9995670914649963,True
Test/04760.png,7,7,Speed limit 100 km/h,0.9944502115249634,True
Test/04761.png,8,8,Speed limit 120 km/h,0.9954723119735718,True
Test/04762.png,20,20,Dangerous curve right,0.9559326171875,True
Test/04763.png,10,10,No passing for vehicles over 3.5 t,0.9999995231628418,True
Test/04764.png,16,16,Vehicles over 3.5 t prohibited,0.9999998807907104,True
Test/04765.png,28,28,Children crossing,0.9849089980125427,True
Test/04766.png,5,5,Speed limit 80 km/h,0.7672336101531982,True
Test/04767.png,17,17,No entry,0.9979289770126343,True
Test/04768.png,25,25,Road work,0.9999550580978394,True
Test/04769.png,12,12,Priority road,1.0,True
Test/04770.png,38,38,Keep right,1.0,True
Test/04771.png,3,3,Speed limit 60 km/h,0.9995681643486023,True
Test/04772.png,28,28,Children crossing,0.9994258880615234,True
Test/04773.png,13,13,Yield,1.0,True
Test/04774.png,31,31,Wild animals crossing,0.9676865935325623,True
Test/04775.png,36,36,Go straight or right,0.9995624423027039,True
Test/04776.png,13,13,Yield,1.0,True
Test/04777.png,15,15,No vehicles,1.0,True
Test/04778.png,38,38,Keep right,0.9968258142471313,True
Test/04779.png,25,25,Road work,0.9999773502349854,True
Test/04780.png,18,18,General caution,0.8745572566986084,True
Test/04781.png,4,4,Speed limit 70 km/h,0.9953228831291199,True
Test/04782.png,11,11,Right-of-way at next intersection,0.999969482421875,True
Test/04783.png,25,25,Road work,0.9999983310699463,True
Test/04784.png,2,2,Speed limit 50 km/h,0.9999991655349731,True
Test/04785.png,38,38,Keep right,1.0,True
Test/04786.png,23,23,Slippery road,0.7923428416252136,True
Test/04787.png,8,8,Speed limit 120 km/h,0.9992092251777649,True
Test/04788.png,10,10,No passing for vehicles over 3.5 t,0.9999997615814209,True
Test/04789.png,7,8,Speed limit 120 km/h,0.5762212872505188,False
Test/04790.png,15,15,No vehicles,0.9999685287475586,True
Test/04791.png,31,31,Wild animals crossing,0.9776477813720703,True
Test/04792.png,4,4,Speed limit 70 km/h,1.0,True
Test/04793.png,39,39,Keep left,1.0,True
Test/04794.png,25,18,General caution,0.27489036321640015,False
Test/04795.png,0,1,Speed limit 30 km/h,0.5119526982307434,False
Test/04796.png,25,25,Road work,1.0,True
Test/04797.png,17,17,No entry,1.0,True
Test/04798.png,38,38,Keep right,1.0,True
Test/04799.png,16,16,Vehicles over 3.5 t prohibited,0.9999998807907104,True
Test/04800.png,10,10,No passing for vehicles over 3.5 t,0.9999979734420776,True
Test/04801.png,1,1,Speed limit 30 km/h,0.9887807369232178,True
Test/04802.png,7,7,Speed limit 100 km/h,0.9961881041526794,True
Test/04803.png,4,7,Speed limit 100 km/h,0.22649767994880676,False
Test/04804.png,17,17,No entry,1.0,True
Test/04805.png,10,10,No passing for vehicles over 3.5 t,1.0,True
Test/04806.png,9,9,No passing,1.0,True
Test/04807.png,25,25,Road work,1.0,True
Test/04808.png,4,4,Speed limit 70 km/h,0.9999470710754395,True
Test/04809.png,17,17,No entry,1.0,True
Test/04810.png,13,13,Yield,1.0,True
Test/04811.png,18,18,General caution,0.6232239007949829,True
Test/04812.png,5,5,Speed limit 80 km/h,0.9986251592636108,True
Test/04813.png,5,3,Speed limit 60 km/h,0.8431121706962585,False
Test/04814.png,5,5,Speed limit 80 km/h,0.7475762963294983,True
Test/04815.png,10,10,No passing for vehicles over 3.5 t,0.9999512434005737,True
Test/04816.png,25,25,Road work,1.0,True
Test/04817.png,7,5,Speed limit 80 km/h,0.6062349081039429,False
Test/04818.png,10,10,No passing for vehicles over 3.5 t,0.9999998807907104,True
Test/04819.png,11,28,Children crossing,0.36272042989730835,False
Test/04820.png,11,21,Double curve,0.41629329323768616,False
Test/04821.png,42,42,End of no passing for vehicles over 3.5 t,0.9794854521751404,True
Test/04822.png,13,13,Yield,1.0,True
Test/04823.png,2,2,Speed limit 50 km/h,0.9999995231628418,True
Test/04824.png,4,4,Speed limit 70 km/h,0.9999369382858276,True
Test/04825.png,4,4,Speed limit 70 km/h,0.7867840528488159,True
Test/04826.png,2,2,Speed limit 50 km/h,0.9947137236595154,True
Test/04827.png,22,22,Bumpy road,0.9999972581863403,True
Test/04828.png,35,35,Ahead only,0.991585373878479,True
Test/04829.png,17,17,No entry,1.0,True
Test/04830.png,4,4,Speed limit 70 km/h,0.9381277561187744,True
Test/04831.png,7,7,Speed limit 100 km/h,0.7428881525993347,True
Test/04832.png,8,8,Speed limit 120 km/h,0.9740296006202698,True
Test/04833.png,30,23,Slippery road,0.9914606809616089,False
Test/04834.png,7,7,Speed limit 100 km/h,0.9974660873413086,True
Test/04835.png,10,10,No passing for vehicles over 3.5 t,1.0,True
Test/04836.png,5,5,Speed limit 80 km/h,0.5797767639160156,True
Test/04837.png,10,10,No passing for vehicles over 3.5 t,1.0,True
Test/04838.png,10,10,No passing for vehicles over 3.5 t,1.0,True
Test/04839.png,4,4,Speed limit 70 km/h,0.9983708262443542,True
Test/04840.png,5,5,Speed limit 80 km/h,0.8289621472358704,True
Test/04841.png,7,7,Speed limit 100 km/h,0.9990898370742798,True
Test/04842.png,11,11,Right-of-way at next intersection,0.9652674198150635,True
Test/04843.png,3,3,Speed limit 60 km/h,0.999996542930603,True
Test/04844.png,12,12,Priority road,1.0,True
Test/04845.png,38,38,Keep right,1.0,True
Test/04846.png,13,13,Yield,1.0,True
Test/04847.png,9,9,No passing,1.0,True
Test/04848.png,11,11,Right-of-way at next intersection,0.9999929666519165,True
Test/04849.png,29,25,Road work,0.5006949305534363,False
Test/04850.png,7,7,Speed limit 100 km/h,0.9731951951980591,True
Test/04851.png,3,3,Speed limit 60 km/h,0.9939608573913574,True
Test/04852.png,2,1,Speed limit 30 km/h,0.7909073829650879,False
Test/04853.png,12,12,Priority road,0.9737473130226135,True
Test/04854.png,22,22,Bumpy road,0.9969441294670105,True
Test/04855.png,10,10,No passing for vehicles over 3.5 t,0.9998568296432495,True
Test/04856.png,13,13,Yield,1.0,True
Test/04857.png,38,38,Keep right,1.0,True
Test/04858.png,7,7,Speed limit 100 km/h,0.9948179125785828,True
Test/04859.png,14,14,Stop,0.9999997615814209,True
Test/04860.png,33,33,Turn right ahead,1.0,True
Test/04861.png,3,3,Speed limit 60 km/h,0.985152006149292,True
Test/04862.png,4,4,Speed limit 70 km/h,0.9599446654319763,True
Test/04863.png,15,15,No vehicles,1.0,True
Test/04864.png,1,1,Speed limit 30 km/h,0.9999998807907104,True
Test/04865.png,9,9,No passing,1.0,True
Test/04866.png,9,9,No passing,0.9999996423721313,True
Test/04867.png,11,11,Right-of-way at next intersection,0.736990749835968,True
Test/04868.png,32,32,End of all speed and passing limits,0.9769978523254395,True
Test/04869.png,39,39,Keep left,0.9999990463256836,True
Test/04870.png,38,38,Keep right,1.0,True
Test/04871.png,12,12,Priority road,0.9999895095825195,True
Test/04872.png,4,4,Speed limit 70 km/h,0.9997064471244812,True
Test/04873.png,3,3,Speed limit 60 km/h,0.9999871253967285,True
Test/04874.png,1,1,Speed limit 30 km/h,0.980953574180603,True
Test/04875.png,14,14,Stop,0.999958872795105,True
Test/04876.png,15,15,No vehicles,1.0,True
Test/04877.png,38,38,Keep right,1.0,True
Test/04878.png,33,33,Turn right ahead,0.9999994039535522,True
Test/04879.png,27,27,Pedestrians,0.9899735450744629,True
Test/04880.png,18,18,General caution,0.9964272379875183,True
Test/04881.png,10,10,No passing for vehicles over 3.5 t,0.9999990463256836,True
Test/04882.png,13,13,Yield,1.0,True
Test/04883.png,18,18,General caution,0.6183214783668518,True
Test/04884.png,2,2,Speed limit 50 km/h,0.9998651742935181,True
Test/04885.png,31,31,Wild animals crossing,0.9903703331947327,True
Test/04886.png,18,21,Double curve,0.5651427507400513,False
Test/04887.png,11,28,Children crossing,0.3996233344078064,False
Test/04888.png,1,1,Speed limit 30 km/h,0.9992413520812988,True
Test/04889.png,19,19,Dangerous curve left,0.8689073324203491,True
Test/04890.png,1,1,Speed limit 30 km/h,0.9981111288070679,True
Test/04891.png,38,38,Keep right,0.9999980926513672,True
Test/04892.png,18,18,General caution,0.9737811088562012,True
Test/04893.png,24,25,Road work,0.5970363616943359,False
Test/04894.png,3,3,Speed limit 60 km/h,0.9992610812187195,True
Test/04895.png,11,11,Right-of-way at next intersection,0.9993060827255249,True
Test/04896.png,1,1,Speed limit 30 km/h,0.9969232678413391,True
Test/04897.png,4,3,Speed limit 60 km/h,0.9003477096557617,False
Test/04898.png,40,40,Roundabout mandatory,0.9970700740814209,True
Test/04899.png,7,7,Speed limit 100 km/h,0.9884568452835083,True
Test/04900.png,25,25,Road work,0.9999998807907104,True
Test/04901.png,31,23,Slippery road,0.6430248022079468,False
Test/04902.png,29,29,Bicycles crossing,0.8583101034164429,True
Test/04903.png,7,5,Speed limit 80 km/h,0.8244494795799255,False
Test/04904.png,35,35,Ahead only,0.995789110660553,True
Test/04905.png,10,10,No passing for vehicles over 3.5 t,1.0,True
Test/04906.png,5,5,Speed limit 80 km/h,0.9974181652069092,True
Test/04907.png,12,12,Priority road,0.999733030796051,True
Test/04908.png,16,16,Vehicles over 3.5 t prohibited,0.9973045587539673,True
Test/04909.png,8,8,Speed limit 120 km/h,0.9960869550704956,True
Test/04910.png,13,13,Yield,1.0,True
Test/04911.png,17,17,No entry,1.0,True
Test/04912.png,10,10,No passing for vehicles over 3.5 t,1.0,True
Test/04913.png,14,14,Stop,1.0,True
Test/04914.png,23,23,Slippery road,0.8428784608840942,True
Test/04915.png,8,8,Speed limit 120 km/h,0.957862913608551,True
Test/04916.png,17,17,No entry,0.9951707720756531,True
Test/04917.png,9,9,No passing,0.9999996423721313,True
Test/04918.png,25,25,Road work,1.0,True
Test/04919.png,1,1,Speed limit 30 km/h,0.999868631362915,True
Test/04920.png,1,1,Speed limit 30 km/h,0.9992709755897522,True
Test/04921.png,38,38,Keep right,1.0,True
Test/04922.png,12,12,Priority road,0.9989087581634521,True
Test/04923.png,31,31,Wild animals crossing,0.6051436066627502,True
Test/04924.png,10,10,No passing for vehicles over 3.5 t,1.0,True
Test/04925.png,31,23,Slippery road,0.5613234639167786,False
Test/04926.png,5,5,Speed limit 80 km/h,0.9696273803710938,True
Test/04927.png,10,10,No passing for vehicles over 3.5 t,0.9999990463256836,True
Test/04928.png,2,2,Speed limit 50 km/h,0.9188625812530518,True
Test/04929.png,34,34,Turn left ahead,0.9999923706054688,True
Test/04930.png,35,35,Ahead only,0.9970717430114746,True
Test/04931.png,11,11,Right-of-way at next intersection,0.9999998807907104,True
Test/04932.png,42,42,End of no passing for vehicles over 3.5 t,0.7394642233848572,True
Test/04933.png,39,39,Keep left,0.9999980926513672,True
Test/04934.png,8,8,Speed limit 120 km/h,0.9846595525741577,True
Test/04935.png,5,5,Speed limit 80 km/h,0.9901862144470215,True
Test/04936.png,38,38,Keep right,1.0,True
Test/04937.png,7,7,Speed limit 100 km/h,0.9978070855140686,True
Test/04938.png,10,10,No passing for vehicles over 3.5 t,0.9999998807907104,True
Test/04939.png,2,2,Speed limit 50 km/h,0.9999843835830688,True
Test/04940.png,9,9,No passing,0.9999991655349731,True
Test/04941.png,13,13,Yield,1.0,True
Test/04942.png,10,10,No passing for vehicles over 3.5 t,1.0,True
Test/04943.png,14,14,Stop,0.9999998807907104,True
Test/04944.png,25,25,Road work,1.0,True
Test/04945.png,19,19,Dangerous curve left,0.662812352180481,True
Test/04946.png,5,5,Speed limit 80 km/h,0.9275456666946411,True
Test/04947.png,8,8,Speed limit 120 km/h,0.9189279079437256,True
Test/04948.png,31,31,Wild animals crossing,0.9942584037780762,True
Test/04949.png,13,13,Yield,1.0,True
Test/04950.png,9,9,No passing,0.9999982118606567,True
Test/04951.png,40,40,Roundabout mandatory,0.9996229410171509,True
Test/04952.png,16,16,Vehicles over 3.5 t prohibited,1.0,True
Test/04953.png,30,30,Beware of ice or snow,0.6775095462799072,True
Test/04954.png,18,18,General caution,0.9991812109947205,True
Test/04955.png,9,3,Speed limit 60 km/h,0.9586029648780823,False
Test/04956.png,2,2,Speed limit 50 km/h,0.9999606609344482,True
Test/04957.png,17,17,No entry,1.0,True
Test/04958.png,25,25,Road work,0.9999388456344604,True
Test/04959.png,2,2,Speed limit 50 km/h,1.0,True
Test/04960.png,7,7,Speed limit 100 km/h,0.9873578548431396,True
Test/04961.png,25,25,Road work,0.999997615814209,True
Test/04962.png,5,5,Speed limit 80 km/h,0.7967149019241333,True
Test/04963.png,12,12,Priority road,1.0,True
Test/04964.png,14,14,Stop,1.0,True
Test/04965.png,11,11,Right-of-way at next intersection,0.9997840523719788,True
Test/04966.png,39,39,Keep left,0.9999759197235107,True
Test/04967.png,7,7,Speed limit 100 km/h,0.8149726986885071,True
Test/04968.png,10,10,No passing for vehicles over 3.5 t,1.0,True
Test/04969.png,13,13,Yield,1.0,True
Test/04970.png,9,9,No passing,1.0,True
Test/04971.png,15,15,No vehicles,1.0,True
Test/04972.png,7,7,Speed limit 100 km/h,0.9931207299232483,True
Test/04973.png,10,10,No passing for vehicles over 3.5 t,0.999890923500061,True
Test/04974.png,13,13,Yield,1.0,True
Test/04975.png,35,35,Ahead only,0.9995819926261902,True
Test/04976.png,4,4,Speed limit 70 km/h,0.9990399479866028,True
Test/04977.png,32,32,End of all speed and passing limits,0.9166303873062134,True
Test/04978.png,23,23,Slippery road,0.8252813816070557,True
Test/04979.png,38,38,Keep right,0.999997615814209,True
Test/04980.png,40,40,Roundabout mandatory,0.9998005032539368,True
Test/04981.png,35,35,Ahead only,0.999735414981842,True
Test/04982.png,2,2,Speed limit 50 km/h,0.9901829361915588,True
Test/04983.png,12,25,Road work,0.5102095603942871,False
Test/04984.png,2,2,Speed limit 50 km/h,0.8245303630828857,True
Test/04985.png,30,29,Bicycles crossing,0.9488503932952881,False
Test/04986.png,1,1,Speed limit 30 km/h,0.999535322189331,True
Test/04987.png,25,25,Road work,1.0,True
Test/04988.png,1,1,Speed limit 30 km/h,0.995131254196167,True
Test/04989.png,35,35,Ahead only,1.0,True
Test/04990.png,2,2,Speed limit 50 km/h,0.9987633228302002,True
Test/04991.png,39,39,Keep left,1.0,True
Test/04992.png,2,2,Speed limit 50 km/h,0.9999994039535522,True
Test/04993.png,3,3,Speed limit 60 km/h,0.6890662312507629,True
Test/04994.png,4,4,Speed limit 70 km/h,0.9939308166503906,True
Test/04995.png,26,26,Traffic signals,0.9943110942840576,True
Test/04996.png,12,12,Priority road,1.0,True
Test/04997.png,4,4,Speed limit 70 km/h,0.9999940395355225,True
Test/04998.png,3,3,Speed limit 60 km/h,0.9985370635986328,True
Test/04999.png,35,35,Ahead only,0.999835729598999,True
Test/05000.png,26,26,Traffic signals,0.9999914169311523,True
Test/05001.png,14,14,Stop,0.9999954700469971,True
Test/05002.png,18,18,General caution,0.9988898634910583,True
Test/05003.png,1,1,Speed limit 30 km/h,0.9999216794967651,True
Test/05004.png,5,5,Speed limit 80 km/h,0.9956201910972595,True
Test/05005.png,13,13,Yield,1.0,True
Test/05006.png,1,1,Speed limit 30 km/h,0.9945066571235657,True
Test/05007.png,2,2,Speed limit 50 km/h,0.9999840259552002,True
Test/05008.png,35,35,Ahead only,0.9996931552886963,True
Test/05009.png,9,9,No passing,0.9964610934257507,True
Test/05010.png,29,29,Bicycles crossing,0.999589741230011,True
Test/05011.png,1,1,Speed limit 30 km/h,0.9998893737792969,True
Test/05012.png,38,38,Keep right,1.0,True
Test/05013.png,18,18,General caution,0.9998809099197388,True
Test/05014.png,3,3,Speed limit 60 km/h,0.9999504089355469,True
Test/05015.png,3,3,Speed limit 60 km/h,0.9981467723846436,True
Test/05016.png,4,4,Speed limit 70 km/h,0.9999737739562988,True
Test/05017.png,17,17,No entry,1.0,True
Test/05018.png,12,12,Priority road,0.9999954700469971,True
Test/05019.png,26,26,Traffic signals,0.9999333620071411,True
Test/05020.png,28,28,Children crossing,0.9995694756507874,True
Test/05021.png,33,33,Turn right ahead,1.0,True
Test/05022.png,42,42,End of no passing for vehicles over 3.5 t,0.8723257184028625,True
Test/05023.png,25,25,Road work,0.9994564652442932,True
Test/05024.png,13,13,Yield,0.9999912977218628,True
Test/05025.png,9,9,No passing,1.0,True
Test/05026.png,18,24,Road narrows on right,0.6141746640205383,False
Test/05027.png,6,6,End of speed limit 80 km/h,0.8322097063064575,True
Test/05028.png,2,2,Speed limit 50 km/h,0.9981151819229126,True
Test/05029.png,3,3,Speed limit 60 km/h,0.9862272143363953,True
Test/05030.png,13,13,Yield,1.0,True
Test/05031.png,11,11,Right-of-way at next intersection,0.9850378632545471,True
Test/05032.png,38,38,Keep right,0.9999270439147949,True
Test/05033.png,18,18,General caution,0.5006932020187378,True
Test/05034.png,3,3,Speed limit 60 km/h,0.9412268400192261,True
Test/05035.png,12,12,Priority road,1.0,True
Test/05036.png,32,32,End of all speed and passing limits,0.8334813714027405,True
Test/05037.png,13,13,Yield,1.0,True
Test/05038.png,2,2,Speed limit 50 km/h,0.9977834820747375,True
Test/05039.png,35,35,Ahead only,1.0,True
Test/05040.png,13,13,Yield,0.9934645295143127,True
Test/05041.png,5,5,Speed limit 80 km/h,0.9979379773139954,True
Test/05042.png,10,10,No passing for vehicles over 3.5 t,0.9999998807907104,True
Test/05043.png,27,27,Pedestrians,0.9910410046577454,True
Test/05044.png,35,35,Ahead only,1.0,True
Test/05045.png,17,17,No entry,1.0,True
Test/05046.png,1,1,Speed limit 30 km/h,0.9913181066513062,True
Test/05047.png,29,29,Bicycles crossing,0.9999423027038574,True
Test/05048.png,35,35,Ahead only,0.9829850792884827,True
Test/05049.png,2,2,Speed limit 50 km/h,0.9999942779541016,True
Test/05050.png,25,25,Road work,1.0,True
Test/05051.png,14,14,Stop,1.0,True
Test/05052.png,8,8,Speed limit 120 km/h,0.9739107489585876,True
Test/05053.png,2,2,Speed limit 50 km/h,0.9999991655349731,True
Test/05054.png,14,14,Stop,0.9999990463256836,True
Test/05055.png,38,38,Keep right,1.0,True
Test/05056.png,8,8,Speed limit 120 km/h,0.8683726191520691,True
Test/05057.png,27,27,Pedestrians,0.5455919504165649,True
Test/05058.png,9,9,No passing,1.0,True
Test/05059.png,10,10,No passing for vehicles over 3.5 t,0.9999985694885254,True
Test/05060.png,3,3,Speed limit 60 km/h,0.987080991268158,True
Test/05061.png,13,13,Yield,1.0,True
Test/05062.png,38,38,Keep right,1.0,True
Test/05063.png,36,36,Go straight or right,0.9992632269859314,True
Test/05064.png,11,11,Right-of-way at next intersection,0.9999840259552002,True
Test/05065.png,13,13,Yield,1.0,True
Test/05066.png,24,24,Road narrows on right,0.9680984616279602,True
Test/05067.png,10,10,No passing for vehicles over 3.5 t,1.0,True
Test/05068.png,19,19,Dangerous curve left,0.9988539218902588,True
Test/05069.png,25,25,Road work,1.0,True
Test/05070.png,10,10,No passing for vehicles over 3.5 t,0.9861769080162048,True
Test/05071.png,11,11,Right-of-way at next intersection,0.9999955892562866,True
Test/05072.png,16,16,Vehicles over 3.5 t prohibited,0.9996801614761353,True
Test/05073.png,13,6,End of speed limit 80 km/h,0.3281843960285187,False
Test/05074.png,16,16,Vehicles over 3.5 t prohibited,1.0,True
Test/05075.png,15,15,No vehicles,0.9999299049377441,True
Test/05076.png,1,1,Speed limit 30 km/h,0.9975401163101196,True
Test/05077.png,28,28,Children crossing,0.9950012564659119,True
Test/05078.png,12,12,Priority road,1.0,True
Test/05079.png,4,4,Speed limit 70 km/h,0.9982889294624329,True
Test/05080.png,14,14,Stop,1.0,True
Test/05081.png,10,10,No passing for vehicles over 3.5 t,1.0,True
Test/05082.png,10,10,No passing for vehicles over 3.5 t,0.9999850988388062,True
Test/05083.png,12,12,Priority road,0.9999673366546631,True
Test/05084.png,5,5,Speed limit 80 km/h,0.9971054196357727,True
Test/05085.png,2,2,Speed limit 50 km/h,0.9932829141616821,True
Test/05086.png,13,13,Yield,1.0,True
Test/05087.png,1,1,Speed limit 30 km/h,0.9898916482925415,True
Test/05088.png,13,13,Yield,1.0,True
Test/05089.png,9,9,No passing,1.0,True
Test/05090.png,9,9,No passing,1.0,True
Test/05091.png,2,2,Speed limit 50 km/h,0.6124206185340881,True
Test/05092.png,10,10,No passing for vehicles over 3.5 t,1.0,True
Test/05093.png,23,23,Slippery road,0.7621371150016785,True
Test/05094.png,10,10,No passing for vehicles over 3.5 t,1.0,True
Test/05095.png,22,22,Bumpy road,0.6983935236930847,True
Test/05096.png,13,13,Yield,1.0,True
Test/05097.png,2,1,Speed limit 30 km/h,0.9367401003837585,False
Test/05098.png,1,1,Speed limit 30 km/h,0.998335063457489,True
Test/05099.png,7,7,Speed limit 100 km/h,0.9892228841781616,True
Test/05100.png,5,5,Speed limit 80 km/h,0.7531341314315796,True
Test/05101.png,18,26,Traffic signals,0.7799049019813538,False
Test/05102.png,12,12,Priority road,1.0,True
Test/05103.png,5,5,Speed limit 80 km/h,0.8318963050842285,True
Test/05104.png,2,2,Speed limit 50 km/h,0.9992146492004395,True
Test/05105.png,25,25,Road work,1.0,True
Test/05106.png,1,1,Speed limit 30 km/h,0.9831538796424866,True
Test/05107.png,38,38,Keep right,1.0,True
Test/05108.png,35,35,Ahead only,0.9977769255638123,True
Test/05109.png,25,25,Road work,0.9999969005584717,True
Test/05110.png,38,38,Keep right,0.9953018426895142,True
Test/05111.png,1,1,Speed limit 30 km/h,0.981593668460846,True
Test/05112.png,14,14,Stop,0.9999924898147583,True
Test/05113.png,5,5,Speed limit 80 km/h,0.9632097482681274,True
Test/05114.png,35,35,Ahead only,0.9999998807907104,True
Test/05115.png,14,14,Stop,0.9999992847442627,True
Test/05116.png,15,15,No vehicles,1.0,True
Test/05117.png,15,15,No vehicles,0.9999943971633911,True
Test/05118.png,4,1,Speed limit 30 km/h,0.4300786256790161,False
Test/05119.png,9,9,No passing,0.9999771118164062,True
Test/05120.png,10,10,No passing for vehicles over 3.5 t,1.0,True
Test/05121.png,1,1,Speed limit 30 km/h,0.9918338060379028,True
Test/05122.png,1,1,Speed limit 30 km/h,0.9903233051300049,True
Test/05123.png,38,38,Keep right,0.9999998807907104,True
Test/05124.png,12,12,Priority road,1.0,True
Test/05125.png,39,39,Keep left,1.0,True
Test/05126.png,12,12,Priority road,1.0,True
Test/05127.png,40,40,Roundabout mandatory,0.9766478538513184,True
Test/05128.png,16,16,Vehicles over 3.5 t prohibited,1.0,True
Test/05129.png,15,15,No vehicles,0.9999909400939941,True
Test/05130.png,18,18,General caution,0.9992150068283081,True
Test/05131.png,17,17,No entry,1.0,True
Test/05132.png,39,39,Keep left,1.0,True
Test/05133.png,5,5,Speed limit 80 km/h,0.9450969696044922,True
Test/05134.png,22,23,Slippery road,0.28730419278144836,False
Test/05135.png,3,3,Speed limit 60 km/h,0.9806641340255737,True
Test/05136.png,3,3,Speed limit 60 km/h,0.9931138157844543,True
Test/05137.png,25,25,Road work,0.9999904632568359,True
Test/05138.png,38,38,Keep right,1.0,True
Test/05139.png,2,2,Speed limit 50 km/h,0.9815312623977661,True
Test/05140.png,13,13,Yield,1.0,True
Test/05141.png,12,12,Priority road,1.0,True
Test/05142.png,14,14,Stop,0.9999984502792358,True
Test/05143.png,13,13,Yield,1.0,True
Test/05144.png,38,38,Keep right,0.994340181350708,True
Test/05145.png,4,4,Speed limit 70 km/h,0.9999291896820068,True
Test/05146.png,10,10,No passing for vehicles over 3.5 t,1.0,True
Test/05147.png,38,38,Keep right,1.0,True
Test/05148.png,2,2,Speed limit 50 km/h,0.9999585151672363,True
Test/05149.png,18,18,General caution,0.444476842880249,True
Test/05150.png,4,4,Speed limit 70 km/h,0.9994490742683411,True
Test/05151.png,25,25,Road work,0.9979324340820312,True
Test/05152.png,18,18,General caution,0.8437985181808472,True
Test/05153.png,2,2,Speed limit 50 km/h,0.9999998807907104,True
Test/05154.png,3,3,Speed limit 60 km/h,0.9977439641952515,True
Test/05155.png,13,13,Yield,1.0,True
Test/05156.png,28,28,Children crossing,0.9999995231628418,True
Test/05157.png,5,5,Speed limit 80 km/h,0.9859224557876587,True
Test/05158.png,38,38,Keep right,0.9999998807907104,True
Test/05159.png,4,4,Speed limit 70 km/h,0.9999953508377075,True
Test/05160.png,34,34,Turn left ahead,1.0,True
Test/05161.png,5,5,Speed limit 80 km/h,0.9998486042022705,True
Test/05162.png,11,11,Right-of-way at next intersection,0.9983246922492981,True
Test/05163.png,11,11,Right-of-way at next intersection,1.0,True
Test/05164.png,18,18,General caution,0.9048168659210205,True
Test/05165.png,28,28,Children crossing,0.9999591112136841,True
Test/05166.png,17,17,No entry,0.9999959468841553,True
Test/05167.png,1,1,Speed limit 30 km/h,0.998576283454895,True
Test/05168.png,10,10,No passing for vehicles over 3.5 t,0.9949758052825928,True
Test/05169.png,12,12,Priority road,1.0,True
Test/05170.png,3,3,Speed limit 60 km/h,0.9999406337738037,True
Test/05171.png,38,38,Keep right,0.9999996423721313,True
Test/05172.png,23,23,Slippery road,0.999841570854187,True
Test/05173.png,13,13,Yield,1.0,True
Test/05174.png,4,4,Speed limit 70 km/h,0.9999504089355469,True
Test/05175.png,16,16,Vehicles over 3.5 t prohibited,0.9999983310699463,True
Test/05176.png,26,26,Traffic signals,0.9999978542327881,True
Test/05177.png,8,4,Speed limit 70 km/h,0.7069968581199646,False
Test/05178.png,4,4,Speed limit 70 km/h,0.9974405765533447,True
Test/05179.png,13,13,Yield,1.0,True
Test/05180.png,18,21,Double curve,0.8224162459373474,False
Test/05181.png,38,38,Keep right,1.0,True
Test/05182.png,12,25,Road work,0.3451574444770813,False
Test/05183.png,35,35,Ahead only,0.9997342228889465,True
Test/05184.png,7,7,Speed limit 100 km/h,0.9817579388618469,True
Test/05185.png,10,10,No passing for vehicles over 3.5 t,0.9999915361404419,True
Test/05186.png,7,7,Speed limit 100 km/h,0.9804370999336243,True
Test/05187.png,1,1,Speed limit 30 km/h,0.9985656142234802,True
Test/05188.png,4,4,Speed limit 70 km/h,0.9999511241912842,True
Test/05189.png,20,20,Dangerous curve right,0.8769194483757019,True
Test/05190.png,14,14,Stop,0.4491004943847656,True
Test/05191.png,13,13,Yield,1.0,True
Test/05192.png,2,2,Speed limit 50 km/h,0.9944856762886047,True
Test/05193.png,17,17,No entry,0.9999971389770508,True
Test/05194.png,13,13,Yield,1.0,True
Test/05195.png,36,36,Go straight or right,0.6686812043190002,True
Test/05196.png,1,1,Speed limit 30 km/h,0.9999094009399414,True
Test/05197.png,38,38,Keep right,0.9995585083961487,True
Test/05198.png,3,3,Speed limit 60 km/h,0.9999983310699463,True
Test/05199.png,13,13,Yield,1.0,True
Test/05200.png,35,35,Ahead only,0.9990552067756653,True
Test/05201.png,2,2,Speed limit 50 km/h,0.9999995231628418,True
Test/05202.png,18,18,General caution,0.7752776741981506,True
Test/05203.png,13,13,Yield,1.0,True
Test/05204.png,12,12,Priority road,1.0,True
Test/05205.png,2,2,Speed limit 50 km/h,0.9999904632568359,True
Test/05206.png,1,1,Speed limit 30 km/h,0.9960474371910095,True
Test/05207.png,11,11,Right-of-way at next intersection,0.9999980926513672,True
Test/05208.png,5,5,Speed limit 80 km/h,0.5930272936820984,True
Test/05209.png,13,13,Yield,1.0,True
Test/05210.png,10,10,No passing for vehicles over 3.5 t,0.9999995231628418,True
Test/05211.png,38,38,Keep right,1.0,True
Test/05212.png,25,25,Road work,1.0,True
Test/05213.png,14,14,Stop,1.0,True
Test/05214.png,5,5,Speed limit 80 km/h,0.9784437417984009,True
Test/05215.png,1,1,Speed limit 30 km/h,0.9959096908569336,True
Test/05216.png,9,9,No passing,1.0,True
Test/05217.png,17,17,No entry,0.9988665580749512,True
Test/05218.png,40,40,Roundabout mandatory,0.9943591952323914,True
Test/05219.png,12,12,Priority road,0.9999998807907104,True
Test/05220.png,4,4,Speed limit 70 km/h,0.9922564029693604,True
Test/05221.png,31,31,Wild animals crossing,0.8889214992523193,True
Test/05222.png,40,40,Roundabout mandatory,0.9999852180480957,True
Test/05223.png,26,26,Traffic signals,0.9999990463256836,True
Test/05224.png,2,2,Speed limit 50 km/h,0.9964564442634583,True
Test/05225.png,6,6,End of speed limit 80 km/h,0.9937843084335327,True
Test/05226.png,1,1,Speed limit 30 km/h,0.9994599223136902,True
Test/05227.png,11,11,Right-of-way at next intersection,0.9981069564819336,True
Test/05228.png,26,26,Traffic signals,0.9991965889930725,True
Test/05229.png,35,35,Ahead only,1.0,True
Test/05230.png,9,9,No passing,0.9999998807907104,True
Test/05231.png,3,3,Speed limit 60 km/h,0.9974504113197327,True
Test/05232.png,14,14,Stop,1.0,True
Test/05233.png,27,27,Pedestrians,0.39224308729171753,True
Test/05234.png,38,38,Keep right,0.9985631108283997,True
Test/05235.png,5,5,Speed limit 80 km/h,0.9925510883331299,True
Test/05236.png,4,4,Speed limit 70 km/h,0.9969852566719055,True
Test/05237.png,2,2,Speed limit 50 km/h,0.9999908208847046,True
Test/05238.png,38,38,Keep right,1.0,True
Test/05239.png,18,18,General caution,0.5900956392288208,True
Test/05240.png,4,4,Speed limit 70 km/h,0.999398946762085,True
Test/05241.png,38,38,Keep right,1.0,True
Test/05242.png,38,38,Keep right,0.9999078512191772,True
Test/05243.png,3,3,Speed limit 60 km/h,0.999915361404419,True
Test/05244.png,12,12,Priority road,1.0,True
Test/05245.png,1,1,Speed limit 30 km/h,0.9999438524246216,True
Test/05246.png,20,20,Dangerous curve right,0.9314276576042175,True
Test/05247.png,5,2,Speed limit 50 km/h,0.7857649326324463,False
Test/05248.png,40,40,Roundabout mandatory,0.6478280425071716,True
Test/05249.png,2,2,Speed limit 50 km/h,0.9994497895240784,True
Test/05250.png,38,38,Keep right,1.0,True
Test/05251.png,26,26,Traffic signals,0.999919056892395,True
Test/05252.png,1,1,Speed limit 30 km/h,0.9999721050262451,True
Test/05253.png,12,12,Priority road,0.999980092048645,True
Test/05254.png,5,5,Speed limit 80 km/h,0.8663218021392822,True
Test/05255.png,3,3,Speed limit 60 km/h,0.8694096207618713,True
Test/05256.png,4,4,Speed limit 70 km/h,0.9995631575584412,True
Test/05257.png,15,15,No vehicles,1.0,True
Test/05258.png,13,13,Yield,1.0,True
Test/05259.png,38,38,Keep right,1.0,True
Test/05260.png,1,1,Speed limit 30 km/h,0.9994155168533325,True
Test/05261.png,38,38,Keep right,0.9999998807907104,True
Test/05262.png,3,3,Speed limit 60 km/h,0.7361641526222229,True
Test/05263.png,2,2,Speed limit 50 km/h,0.999981164932251,True
Test/05264.png,10,20,Dangerous curve right,0.690355658531189,False
Test/05265.png,1,1,Speed limit 30 km/h,0.851556658744812,True
Test/05266.png,38,38,Keep right,0.9998611211776733,True
Test/05267.png,13,13,Yield,1.0,True
Test/05268.png,18,18,General caution,0.9907252192497253,True
Test/05269.png,1,1,Speed limit 30 km/h,0.9978590607643127,True
Test/05270.png,5,5,Speed limit 80 km/h,0.9527521133422852,True
Test/05271.png,23,23,Slippery road,0.9999951124191284,True
Test/05272.png,1,1,Speed limit 30 km/h,0.9986501336097717,True
Test/05273.png,4,4,Speed limit 70 km/h,0.9996222257614136,True
Test/05274.png,31,31,Wild animals crossing,0.9933277368545532,True
Test/05275.png,12,12,Priority road,0.9999998807907104,True
Test/05276.png,12,12,Priority road,1.0,True
Test/05277.png,25,25,Road work,1.0,True
Test/05278.png,5,5,Speed limit 80 km/h,0.6587870121002197,True
Test/05279.png,4,4,Speed limit 70 km/h,0.9973141551017761,True
Test/05280.png,30,31,Wild animals crossing,0.7523479461669922,False
Test/05281.png,25,25,Road work,0.998327910900116,True
Test/05282.png,7,7,Speed limit 100 km/h,0.9992271661758423,True
Test/05283.png,38,38,Keep right,1.0,True
Test/05284.png,17,9,No passing,0.38061168789863586,False
Test/05285.png,12,12,Priority road,0.9999821186065674,True
Test/05286.png,10,10,No passing for vehicles over 3.5 t,0.9999995231628418,True
Test/05287.png,13,13,Yield,1.0,True
Test/05288.png,15,15,No vehicles,0.9999990463256836,True
Test/05289.png,23,23,Slippery road,0.8616622090339661,True
Test/05290.png,18,18,General caution,0.9411379098892212,True
Test/05291.png,25,25,Road work,0.9975560903549194,True
Test/05292.png,34,34,Turn left ahead,0.999937891960144,True
Test/05293.png,20,20,Dangerous curve right,0.9998315572738647,True
Test/05294.png,11,11,Right-of-way at next intersection,0.9988868832588196,True
Test/05295.png,20,20,Dangerous curve right,0.9999005794525146,True
Test/05296.png,23,23,Slippery road,0.9998069405555725,True
Test/05297.png,12,12,Priority road,1.0,True
Test/05298.png,13,13,Yield,0.9844986796379089,True
Test/05299.png,36,36,Go straight or right,0.999941349029541,True
Test/05300.png,18,18,General caution,0.966606080532074,True
Test/05301.png,11,11,Right-of-way at next intersection,0.9996082186698914,True
Test/05302.png,33,33,Turn right ahead,1.0,True
Test/05303.png,7,8,Speed limit 120 km/h,0.48878151178359985,False
Test/05304.png,17,17,No entry,0.9805614352226257,True
Test/05305.png,10,10,No passing for vehicles over 3.5 t,1.0,True
Test/05306.png,38,38,Keep right,1.0,True
Test/05307.png,2,2,Speed limit 50 km/h,0.6608614921569824,True
Test/05308.png,2,2,Speed limit 50 km/h,0.9904738068580627,True
Test/05309.png,6,6,End of speed limit 80 km/h,0.9983727335929871,True
Test/05310.png,13,13,Yield,1.0,True
Test/05311.png,14,14,Stop,0.9999998807907104,True
Test/05312.png,1,1,Speed limit 30 km/h,0.9999151229858398,True
Test/05313.png,30,29,Bicycles crossing,0.8199447393417358,False
Test/05314.png,35,35,Ahead only,0.9994637370109558,True
Test/05315.png,38,38,Keep right,0.9999983310699463,True
Test/05316.png,11,11,Right-of-way at next intersection,0.991693913936615,True
Test/05317.png,35,35,Ahead only,0.999997615814209,True
Test/05318.png,18,18,General caution,0.9396207332611084,True
Test/05319.png,18,26,Traffic signals,0.8802435994148254,False
Test/05320.png,15,15,No vehicles,1.0,True
Test/05321.png,2,2,Speed limit 50 km/h,0.8791208267211914,True
Test/05322.png,3,3,Speed limit 60 km/h,0.9986573457717896,True
Test/05323.png,13,13,Yield,1.0,True
Test/05324.png,8,8,Speed limit 120 km/h,0.9905200004577637,True
Test/05325.png,31,31,Wild animals crossing,0.9797215461730957,True
Test/05326.png,4,4,Speed limit 70 km/h,0.9992678761482239,True
Test/05327.png,18,18,General caution,0.9800106287002563,True
Test/05328.png,13,13,Yield,1.0,True
Test/05329.png,25,25,Road work,0.9999594688415527,True
Test/05330.png,2,2,Speed limit 50 km/h,0.999992847442627,True
Test/05331.png,25,25,Road work,0.7479599118232727,True
Test/05332.png,25,25,Road work,0.9999969005584717,True
Test/05333.png,1,1,Speed limit 30 km/h,0.9976717829704285,True
Test/05334.png,8,8,Speed limit 120 km/h,0.9992685914039612,True
Test/05335.png,31,31,Wild animals crossing,0.7973887920379639,True
Test/05336.png,40,40,Roundabout mandatory,0.9998327493667603,True
Test/05337.png,22,22,Bumpy road,0.9716880321502686,True
Test/05338.png,31,25,Road work,0.4214214086532593,False
Test/05339.png,9,9,No passing,0.9996987581253052,True
Test/05340.png,25,25,Road work,1.0,True
Test/05341.png,25,25,Road work,0.9999991655349731,True
Test/05342.png,24,24,Road narrows on right,0.9858055710792542,True
Test/05343.png,1,1,Speed limit 30 km/h,0.9869541525840759,True
Test/05344.png,4,4,Speed limit 70 km/h,0.9951063394546509,True
Test/05345.png,12,12,Priority road,1.0,True
Test/05346.png,33,33,Turn right ahead,0.9920430779457092,True
Test/05347.png,5,5,Speed limit 80 km/h,0.9939185380935669,True
Test/05348.png,4,4,Speed limit 70 km/h,0.9998559951782227,True
Test/05349.png,23,23,Slippery road,0.9756897687911987,True
Test/05350.png,1,1,Speed limit 30 km/h,0.9997394680976868,True
Test/05351.png,9,9,No passing,0.9999946355819702,True
Test/05352.png,11,11,Right-of-way at next intersection,0.5987235307693481,True
Test/05353.png,4,4,Speed limit 70 km/h,0.9965846538543701,True
Test/05354.png,33,33,Turn right ahead,0.9999994039535522,True
Test/05355.png,28,28,Children crossing,0.9998990297317505,True
Test/05356.png,4,4,Speed limit 70 km/h,0.9991551637649536,True
Test/05357.png,17,9,No passing,0.32310882210731506,False
Test/05358.png,4,4,Speed limit 70 km/h,0.9995489716529846,True
Test/05359.png,40,40,Roundabout mandatory,0.9999244213104248,True
Test/05360.png,4,4,Speed limit 70 km/h,0.9902157783508301,True
Test/05361.png,5,5,Speed limit 80 km/h,0.9773693680763245,True
Test/05362.png,3,3,Speed limit 60 km/h,0.9998416900634766,True
Test/05363.png,30,30,Beware of ice or snow,0.4167743921279907,True
Test/05364.png,6,6,End of speed limit 80 km/h,0.9700447916984558,True
Test/05365.png,34,34,Turn left ahead,1.0,True
Test/05366.png,13,13,Yield,1.0,True
Test/05367.png,14,14,Stop,0.9999990463256836,True
Test/05368.png,1,1,Speed limit 30 km/h,0.9990119934082031,True
Test/05369.png,40,40,Roundabout mandatory,0.9713970422744751,True
Test/05370.png,5,5,Speed limit 80 km/h,0.9785333275794983,True
Test/05371.png,3,3,Speed limit 60 km/h,0.9999266862869263,True
Test/05372.png,1,1,Speed limit 30 km/h,0.9839258193969727,True
Test/05373.png,1,1,Speed limit 30 km/h,0.9009934663772583,True
Test/05374.png,9,9,No passing,1.0,True
Test/05375.png,5,5,Speed limit 80 km/h,0.9976900815963745,True
Test/05376.png,12,12,Priority road,1.0,True
Test/05377.png,15,15,No vehicles,0.9999996423721313,True
Test/05378.png,13,13,Yield,1.0,True
Test/05379.png,24,24,Road narrows on right,0.997057318687439,True
Test/05380.png,15,15,No vehicles,0.9999985694885254,True
Test/05381.png,20,20,Dangerous curve right,0.9887818694114685,True
Test/05382.png,2,2,Speed limit 50 km/h,0.9999996423721313,True
Test/05383.png,28,28,Children crossing,0.9999940395355225,True
Test/05384.png,9,9,No passing,1.0,True
Test/05385.png,7,7,Speed limit 100 km/h,0.7520912885665894,True
Test/05386.png,35,35,Ahead only,0.9999983310699463,True
Test/05387.png,10,10,No passing for vehicles over 3.5 t,0.9999991655349731,True
Test/05388.png,14,14,Stop,0.9999992847442627,True
Test/05389.png,17,17,No entry,1.0,True
Test/05390.png,15,15,No vehicles,1.0,True
Test/05391.png,2,2,Speed limit 50 km/h,0.9976593255996704,True
Test/05392.png,2,2,Speed limit 50 km/h,0.9988560676574707,True
Test/05393.png,18,18,General caution,0.9992040991783142,True
Test/05394.png,16,16,Vehicles over 3.5 t prohibited,1.0,True
Test/05395.png,7,7,Speed limit 100 km/h,0.998416543006897,True
Test/05396.png,8,8,Speed limit 120 km/h,0.9998387098312378,True
Test/05397.png,35,35,Ahead only,0.9882690906524658,True
Test/05398.png,12,12,Priority road,1.0,True
Test/05399.png,9,9,No passing,1.0,True
Test/05400.png,26,26,Traffic signals,0.9999933242797852,True
Test/05401.png,13,13,Yield,1.0,True
Test/05402.png,13,13,Yield,1.0,True
Test/05403.png,26,26,Traffic signals,0.9999966621398926,True
Test/05404.png,20,20,Dangerous curve right,0.6825121641159058,True
Test/05405.png,21,21,Double curve,0.9999991655349731,True
Test/05406.png,34,34,Turn left ahead,1.0,True
Test/05407.png,14,14,Stop,1.0,True
Test/05408.png,12,12,Priority road,1.0,True
Test/05409.png,38,38,Keep right,1.0,True
Test/05410.png,4,4,Speed limit 70 km/h,0.9936510920524597,True
Test/05411.png,18,24,Road narrows on right,0.36110323667526245,False
Test/05412.png,13,13,Yield,1.0,True
Test/05413.png,18,27,Pedestrians,0.404582142829895,False
Test/05414.png,4,4,Speed limit 70 km/h,0.9980794191360474,True
Test/05415.png,12,12,Priority road,1.0,True
Test/05416.png,11,11,Right-of-way at next intersection,0.9999536275863647,True
Test/05417.png,12,12,Priority road,1.0,True
Test/05418.png,15,15,No vehicles,0.9999881982803345,True
Test/05419.png,12,12,Priority road,1.0,True
Test/05420.png,37,37,Go straight or left,0.9639230966567993,True
Test/05421.png,7,7,Speed limit 100 km/h,0.9927605390548706,True
Test/05422.png,31,31,Wild animals crossing,0.9526201486587524,True
Test/05423.png,15,15,No vehicles,1.0,True
Test/05424.png,14,14,Stop,0.9999998807907104,True
Test/05425.png,9,9,No passing,0.9999997615814209,True
Test/05426.png,36,36,Go straight or right,0.9999997615814209,True
Test/05427.png,38,38,Keep right,1.0,True
Test/05428.png,5,5,Speed limit 80 km/h,0.9566048979759216,True
Test/05429.png,13,13,Yield,1.0,True
Test/05430.png,31,28,Children crossing,0.8131996393203735,False
Test/05431.png,12,12,Priority road,1.0,True
Test/05432.png,8,8,Speed limit 120 km/h,0.9997643828392029,True
Test/05433.png,11,11,Right-of-way at next intersection,0.9980332255363464,True
Test/05434.png,4,1,Speed limit 30 km/h,0.5583489537239075,False
Test/05435.png,11,11,Right-of-way at next intersection,0.9999998807907104,True
Test/05436.png,38,38,Keep right,0.9999792575836182,True
Test/05437.png,10,10,No passing for vehicles over 3.5 t,1.0,True
Test/05438.png,38,38,Keep right,1.0,True
Test/05439.png,1,1,Speed limit 30 km/h,0.999954104423523,True
Test/05440.png,12,12,Priority road,1.0,True
Test/05441.png,6,6,End of speed limit 80 km/h,0.9590209722518921,True
Test/05442.png,4,4,Speed limit 70 km/h,0.9999997615814209,True
Test/05443.png,11,11,Right-of-way at next intersection,0.9999977350234985,True
Test/05444.png,28,28,Children crossing,0.9868822693824768,True
Test/05445.png,20,20,Dangerous curve right,0.9984428286552429,True
Test/05446.png,9,9,No passing,1.0,True
Test/05447.png,10,10,No passing for vehicles over 3.5 t,1.0,True
Test/05448.png,15,15,No vehicles,1.0,True
Test/05449.png,10,10,No passing for vehicles over 3.5 t,0.9999972581863403,True
Test/05450.png,35,35,Ahead only,0.9991707801818848,True
Test/05451.png,15,15,No vehicles,1.0,True
Test/05452.png,38,38,Keep right,0.9826062917709351,True
Test/05453.png,8,8,Speed limit 120 km/h,0.9998243451118469,True
Test/05454.png,5,5,Speed limit 80 km/h,0.9409125447273254,True
Test/05455.png,26,26,Traffic signals,0.9878644347190857,True
Test/05456.png,11,30,Beware of ice or snow,0.617972195148468,False
Test/05457.png,13,13,Yield,1.0,True
Test/05458.png,12,12,Priority road,0.8299073576927185,True
Test/05459.png,28,28,Children crossing,0.9756712913513184,True
Test/05460.png,8,8,Speed limit 120 km/h,0.9990814924240112,True
Test/05461.png,3,3,Speed limit 60 km/h,0.9997789263725281,True
Test/05462.png,4,4,Speed limit 70 km/h,0.9979244470596313,True
Test/05463.png,13,13,Yield,0.999998927116394,True
Test/05464.png,23,23,Slippery road,0.8428452014923096,True
Test/05465.png,34,34,Turn left ahead,1.0,True
Test/05466.png,36,36,Go straight or right,0.9990886449813843,True
Test/05467.png,10,10,No passing for vehicles over 3.5 t,1.0,True
Test/05468.png,2,2,Speed limit 50 km/h,0.9999991655349731,True
Test/05469.png,8,8,Speed limit 120 km/h,0.9980682730674744,True
Test/05470.png,22,22,Bumpy road,0.9999510049819946,True
Test/05471.png,11,11,Right-of-way at next intersection,0.9999969005584717,True
Test/05472.png,25,25,Road work,1.0,True
Test/05473.png,2,2,Speed limit 50 km/h,0.9999998807907104,True
Test/05474.png,38,38,Keep right,1.0,True
Test/05475.png,4,4,Speed limit 70 km/h,0.5248365998268127,True
Test/05476.png,11,31,Wild animals crossing,0.5381504893302917,False
Test/05477.png,13,13,Yield,1.0,True
Test/05478.png,21,21,Double curve,0.9967893958091736,True
Test/05479.png,15,15,No vehicles,0.9999996423721313,True
Test/05480.png,10,10,No passing for vehicles over 3.5 t,1.0,True
Test/05481.png,5,5,Speed limit 80 km/h,0.9963184595108032,True
Test/05482.png,15,15,No vehicles,0.9999985694885254,True
Test/05483.png,7,7,Speed limit 100 km/h,0.9756381511688232,True
Test/05484.png,38,38,Keep right,1.0,True
Test/05485.png,5,5,Speed limit 80 km/h,0.83127760887146,True
Test/05486.png,10,10,No passing for vehicles over 3.5 t,1.0,True
Test/05487.png,12,12,Priority road,0.9999551773071289,True
Test/05488.png,10,10,No passing for vehicles over 3.5 t,0.9999794960021973,True
Test/05489.png,35,35,Ahead only,0.9973787069320679,True
Test/05490.png,40,40,Roundabout mandatory,0.8632492423057556,True
Test/05491.png,3,5,Speed limit 80 km/h,0.5347467064857483,False
Test/05492.png,8,8,Speed limit 120 km/h,0.9545218348503113,True
Test/05493.png,38,38,Keep right,1.0,True
Test/05494.png,2,2,Speed limit 50 km/h,0.966359555721283,True
Test/05495.png,38,38,Keep right,0.9736383557319641,True
Test/05496.png,16,16,Vehicles over 3.5 t prohibited,0.9997146725654602,True
Test/05497.png,31,31,Wild animals crossing,0.9987873435020447,True
Test/05498.png,26,26,Traffic signals,0.9999709129333496,True
Test/05499.png,33,33,Turn right ahead,0.9999992847442627,True
Test/05500.png,17,17,No entry,1.0,True
Test/05501.png,10,10,No passing for vehicles over 3.5 t,1.0,True
Test/05502.png,2,2,Speed limit 50 km/h,0.9933527708053589,True
Test/05503.png,26,26,Traffic signals,0.9996473789215088,True
Test/05504.png,11,11,Right-of-way at next intersection,0.9994397759437561,True
Test/05505.png,38,38,Keep right,1.0,True
Test/05506.png,38,38,Keep right,0.9999998807907104,True
Test/05507.png,25,18,General caution,0.5475825667381287,False
Test/05508.png,13,13,Yield,1.0,True
Test/05509.png,23,23,Slippery road,0.9999961853027344,True
Test/05510.png,38,38,Keep right,0.8460304141044617,True
Test/05511.png,7,7,Speed limit 100 km/h,0.9992530941963196,True
Test/05512.png,13,13,Yield,1.0,True
Test/05513.png,4,4,Speed limit 70 km/h,0.8498220443725586,True
Test/05514.png,38,38,Keep right,1.0,True
Test/05515.png,19,19,Dangerous curve left,0.8938024044036865,True
Test/05516.png,35,35,Ahead only,0.9981695413589478,True
Test/05517.png,17,17,No entry,1.0,True
Test/05518.png,27,27,Pedestrians,0.48735547065734863,True
Test/05519.png,28,28,Children crossing,0.901339590549469,True
Test/05520.png,34,34,Turn left ahead,1.0,True
Test/05521.png,6,20,Dangerous curve right,0.5145309567451477,False
Test/05522.png,38,38,Keep right,1.0,True
Test/05523.png,31,31,Wild animals crossing,0.5080289244651794,True
Test/05524.png,31,31,Wild animals crossing,0.9947517514228821,True
Test/05525.png,2,2,Speed limit 50 km/h,0.6986557245254517,True
Test/05526.png,11,11,Right-of-way at next intersection,1.0,True
Test/05527.png,32,32,End of all speed and passing limits,0.9565154314041138,True
Test/05528.png,37,37,Go straight or left,0.9734562039375305,True
Test/05529.png,12,1,Speed limit 30 km/h,0.645384669303894,False
Test/05530.png,9,9,No passing,1.0,True
Test/05531.png,7,7,Speed limit 100 km/h,0.9999995231628418,True
Test/05532.png,17,17,No entry,1.0,True
Test/05533.png,38,38,Keep right,1.0,True
Test/05534.png,7,7,Speed limit 100 km/h,0.5013759136199951,True
Test/05535.png,14,14,Stop,1.0,True
Test/05536.png,2,2,Speed limit 50 km/h,0.9998519420623779,True
Test/05537.png,1,1,Speed limit 30 km/h,0.9907181859016418,True
Test/05538.png,11,11,Right-of-way at next intersection,0.5084022879600525,True
Test/05539.png,1,1,Speed limit 30 km/h,0.9997586607933044,True
Test/05540.png,29,29,Bicycles crossing,0.9995964169502258,True
Test/05541.png,11,11,Right-of-way at next intersection,0.9998617172241211,True
Test/05542.png,5,5,Speed limit 80 km/h,0.7967892289161682,True
Test/05543.png,14,14,Stop,0.9999998807907104,True
Test/05544.png,9,9,No passing,0.9969338178634644,True
Test/05545.png,38,38,Keep right,1.0,True
Test/05546.png,10,10,No passing for vehicles over 3.5 t,0.9999996423721313,True
Test/05547.png,25,25,Road work,0.9999750852584839,True
Test/05548.png,34,34,Turn left ahead,1.0,True
Test/05549.png,17,17,No entry,1.0,True
Test/05550.png,10,10,No passing for vehicles over 3.5 t,0.9999995231628418,True
Test/05551.png,1,1,Speed limit 30 km/h,0.9985275268554688,True
Test/05552.png,13,13,Yield,1.0,True
Test/05553.png,9,9,No passing,1.0,True
Test/05554.png,11,11,Right-of-way at next intersection,1.0,True
Test/05555.png,39,39,Keep left,0.8973882794380188,True
Test/05556.png,18,18,General caution,0.9576327204704285,True
Test/05557.png,25,25,Road work,0.8268336653709412,True
Test/05558.png,33,33,Turn right ahead,1.0,True
Test/05559.png,13,13,Yield,1.0,True
Test/05560.png,7,3,Speed limit 60 km/h,0.9070155024528503,False
Test/05561.png,12,12,Priority road,0.9999990463256836,True
Test/05562.png,26,26,Traffic signals,0.9528851509094238,True
Test/05563.png,10,10,No passing for vehicles over 3.5 t,0.9999980926513672,True
Test/05564.png,8,8,Speed limit 120 km/h,0.9889732003211975,True
Test/05565.png,8,8,Speed limit 120 km/h,0.7940313816070557,True
Test/05566.png,38,38,Keep right,0.9999998807907104,True
Test/05567.png,12,12,Priority road,1.0,True
Test/05568.png,32,32,End of all speed and passing limits,0.9090674519538879,True
Test/05569.png,8,8,Speed limit 120 km/h,0.9558954834938049,True
Test/05570.png,13,13,Yield,1.0,True
Test/05571.png,38,38,Keep right,1.0,True
Test/05572.png,7,7,Speed limit 100 km/h,0.9960445165634155,True
Test/05573.png,7,7,Speed limit 100 km/h,0.9997841715812683,True
Test/05574.png,18,18,General caution,0.801331102848053,True
Test/05575.png,15,15,No vehicles,1.0,True
Test/05576.png,4,1,Speed limit 30 km/h,0.9599815607070923,False
Test/05577.png,18,18,General caution,0.9974294304847717,True
Test/05578.png,33,33,Turn right ahead,0.9999887943267822,True
Test/05579.png,2,2,Speed limit 50 km/h,0.9999727010726929,True
Test/05580.png,1,1,Speed limit 30 km/h,0.999911904335022,True
Test/05581.png,2,2,Speed limit 50 km/h,0.9991232752799988,True
Test/05582.png,11,11,Right-of-way at next intersection,0.9989618062973022,True
Test/05583.png,1,1,Speed limit 30 km/h,0.9871811270713806,True
Test/05584.png,17,17,No entry,0.999993085861206,True
Test/05585.png,1,1,Speed limit 30 km/h,0.9997544884681702,True
Test/05586.png,1,1,Speed limit 30 km/h,0.9989591836929321,True
Test/05587.png,12,12,Priority road,1.0,True
Test/05588.png,10,10,No passing for vehicles over 3.5 t,0.9942260384559631,True
Test/05589.png,10,10,No passing for vehicles over 3.5 t,0.999998927116394,True
Test/05590.png,13,13,Yield,1.0,True
Test/05591.png,4,8,Speed limit 120 km/h,0.7790574431419373,False
Test/05592.png,2,2,Speed limit 50 km/h,0.9026234745979309,True
Test/05593.png,36,36,Go straight or right,0.999876856803894,True
Test/05594.png,8,8,Speed limit 120 km/h,0.9994180202484131,True
Test/05595.png,12,12,Priority road,1.0,True
Test/05596.png,7,7,Speed limit 100 km/h,0.9970788955688477,True
Test/05597.png,11,11,Right-of-way at next intersection,0.4337984025478363,True
Test/05598.png,5,5,Speed limit 80 km/h,0.9971674084663391,True
Test/05599.png,15,15,No vehicles,0.9999958276748657,True
Test/05600.png,28,28,Children crossing,0.9992644190788269,True
Test/05601.png,40,40,Roundabout mandatory,0.987838625907898,True
Test/05602.png,1,1,Speed limit 30 km/h,0.9997707009315491,True
Test/05603.png,7,7,Speed limit 100 km/h,0.9976598024368286,True
Test/05604.png,4,4,Speed limit 70 km/h,0.9998314380645752,True
Test/05605.png,17,17,No entry,1.0,True
Test/05606.png,9,9,No passing,0.9999991655349731,True
Test/05607.png,17,17,No entry,0.6945486068725586,True
Test/05608.png,40,40,Roundabout mandatory,0.8207827210426331,True
Test/05609.png,7,7,Speed limit 100 km/h,0.9999902248382568,True
Test/05610.png,31,31,Wild animals crossing,0.9788790941238403,True
Test/05611.png,10,10,No passing for vehicles over 3.5 t,1.0,True
Test/05612.png,18,18,General caution,0.9947407841682434,True
Test/05613.png,13,13,Yield,1.0,True
Test/05614.png,25,25,Road work,0.9999954700469971,True
Test/05615.png,17,17,No entry,1.0,True
Test/05616.png,9,9,No passing,1.0,True
Test/05617.png,38,38,Keep right,1.0,True
Test/05618.png,7,7,Speed limit 100 km/h,0.9999719858169556,True
Test/05619.png,3,3,Speed limit 60 km/h,0.9985380172729492,True
Test/05620.png,29,29,Bicycles crossing,0.9989948868751526,True
Test/05621.png,12,12,Priority road,1.0,True
Test/05622.png,8,8,Speed limit 120 km/h,0.9981062412261963,True
Test/05623.png,10,10,No passing for vehicles over 3.5 t,1.0,True
Test/05624.png,25,25,Road work,1.0,True
Test/05625.png,10,10,No passing for vehicles over 3.5 t,0.9999998807907104,True
Test/05626.png,5,5,Speed limit 80 km/h,0.9947676658630371,True
Test/05627.png,3,3,Speed limit 60 km/h,0.8940553069114685,True
Test/05628.png,37,37,Go straight or left,0.9938259720802307,True
Test/05629.png,23,23,Slippery road,0.6818069219589233,True
Test/05630.png,7,7,Speed limit 100 km/h,0.9969658255577087,True
Test/05631.png,3,3,Speed limit 60 km/h,0.9912437200546265,True
Test/05632.png,14,14,Stop,0.9999991655349731,True
Test/05633.png,35,35,Ahead only,0.9762489795684814,True
Test/05634.png,13,13,Yield,1.0,True
Test/05635.png,17,9,No passing,0.22349415719509125,False
Test/05636.png,15,15,No vehicles,1.0,True
Test/05637.png,21,18,General caution,0.9158424139022827,False
Test/05638.png,13,13,Yield,1.0,True
Test/05639.png,38,38,Keep right,0.9999735355377197,True
Test/05640.png,3,3,Speed limit 60 km/h,0.9945947527885437,True
Test/05641.png,3,5,Speed limit 80 km/h,0.5082432627677917,False
Test/05642.png,11,11,Right-of-way at next intersection,0.9999324083328247,True
Test/05643.png,18,18,General caution,0.9964309930801392,True
Test/05644.png,20,20,Dangerous curve right,0.9981060028076172,True
Test/05645.png,5,5,Speed limit 80 km/h,0.9782782793045044,True
Test/05646.png,8,8,Speed limit 120 km/h,0.9999147653579712,True
Test/05647.png,18,18,General caution,0.9926131963729858,True
Test/05648.png,5,5,Speed limit 80 km/h,0.9933915138244629,True
Test/05649.png,7,7,Speed limit 100 km/h,0.9999998807907104,True
Test/05650.png,12,12,Priority road,1.0,True
Test/05651.png,5,5,Speed limit 80 km/h,0.9607717990875244,True
Test/05652.png,38,38,Keep right,0.9999997615814209,True
Test/05653.png,14,14,Stop,0.9999998807907104,True
Test/05654.png,2,2,Speed limit 50 km/h,0.9999508857727051,True
Test/05655.png,4,4,Speed limit 70 km/h,0.9921535849571228,True
Test/05656.png,17,17,No entry,1.0,True
Test/05657.png,2,2,Speed limit 50 km/h,0.9987362027168274,True
Test/05658.png,37,37,Go straight or left,0.9787377715110779,True
Test/05659.png,40,40,Roundabout mandatory,0.9902119040489197,True
Test/05660.png,31,23,Slippery road,0.5571603178977966,False
Test/05661.png,7,7,Speed limit 100 km/h,0.9999816417694092,True
Test/05662.png,18,18,General caution,0.5138328075408936,True
Test/05663.png,13,13,Yield,1.0,True
Test/05664.png,16,16,Vehicles over 3.5 t prohibited,1.0,True
Test/05665.png,13,13,Yield,1.0,True
Test/05666.png,7,7,Speed limit 100 km/h,0.9998989105224609,True
Test/05667.png,27,27,Pedestrians,0.5394050478935242,True
Test/05668.png,5,5,Speed limit 80 km/h,0.9995689988136292,True
Test/05669.png,7,5,Speed limit 80 km/h,0.9075086712837219,False
Test/05670.png,31,31,Wild animals crossing,0.9946563243865967,True
Test/05671.png,2,2,Speed limit 50 km/h,0.9869542717933655,True
Test/05672.png,4,4,Speed limit 70 km/h,0.9997473359107971,True
Test/05673.png,8,8,Speed limit 120 km/h,0.975209653377533,True
Test/05674.png,11,11,Right-of-way at next intersection,1.0,True
Test/05675.png,8,8,Speed limit 120 km/h,0.9687864780426025,True
Test/05676.png,25,25,Road work,1.0,True
Test/05677.png,9,9,No passing,0.9720360636711121,True
Test/05678.png,14,14,Stop,0.9999992847442627,True
Test/05679.png,12,12,Priority road,1.0,True
Test/05680.png,10,10,No passing for vehicles over 3.5 t,0.9999998807907104,True
Test/05681.png,16,16,Vehicles over 3.5 t prohibited,0.9999996423721313,True
Test/05682.png,17,17,No entry,1.0,True
Test/05683.png,38,38,Keep right,1.0,True
Test/05684.png,25,25,Road work,1.0,True
Test/05685.png,6,6,End of speed limit 80 km/h,0.9918041229248047,True
Test/05686.png,5,5,Speed limit 80 km/h,0.9724199771881104,True
Test/05687.png,1,1,Speed limit 30 km/h,0.9999884366989136,True
Test/05688.png,35,35,Ahead only,0.9999998807907104,True
Test/05689.png,2,2,Speed limit 50 km/h,0.9253432154655457,True
Test/05690.png,2,2,Speed limit 50 km/h,0.9998948574066162,True
Test/05691.png,11,11,Right-of-way at next intersection,1.0,True
Test/05692.png,12,12,Priority road,0.9998774528503418,True
Test/05693.png,27,27,Pedestrians,0.4017874300479889,True
Test/05694.png,17,17,No entry,1.0,True
Test/05695.png,12,12,Priority road,1.0,True
Test/05696.png,33,33,Turn right ahead,0.9999992847442627,True
Test/05697.png,38,38,Keep right,0.9999940395355225,True
Test/05698.png,2,2,Speed limit 50 km/h,0.9999984502792358,True
Test/05699.png,4,4,Speed limit 70 km/h,0.9982465505599976,True
Test/05700.png,8,8,Speed limit 120 km/h,0.9535735845565796,True
Test/05701.png,28,28,Children crossing,0.9997566342353821,True
Test/05702.png,12,12,Priority road,1.0,True
Test/05703.png,29,29,Bicycles crossing,0.8711889386177063,True
Test/05704.png,1,1,Speed limit 30 km/h,0.999350368976593,True
Test/05705.png,41,9,No passing,0.6524032950401306,False
Test/05706.png,17,17,No entry,1.0,True
Test/05707.png,38,38,Keep right,0.999427318572998,True
Test/05708.png,35,35,Ahead only,0.996466875076294,True
Test/05709.png,9,9,No passing,1.0,True
Test/05710.png,2,2,Speed limit 50 km/h,0.9999984502792358,True
Test/05711.png,2,2,Speed limit 50 km/h,0.9999226331710815,True
Test/05712.png,20,20,Dangerous curve right,0.9994091987609863,True
Test/05713.png,12,12,Priority road,1.0,True
Test/05714.png,5,5,Speed limit 80 km/h,0.9678449034690857,True
Test/05715.png,2,2,Speed limit 50 km/h,0.9965845346450806,True
Test/05716.png,25,25,Road work,1.0,True
Test/05717.png,2,2,Speed limit 50 km/h,0.9916281700134277,True
Test/05718.png,33,33,Turn right ahead,1.0,True
Test/05719.png,7,7,Speed limit 100 km/h,0.9935742020606995,True
Test/05720.png,35,35,Ahead only,0.9997984766960144,True
Test/05721.png,4,4,Speed limit 70 km/h,0.9817774295806885,True
Test/05722.png,35,35,Ahead only,0.9999998807907104,True
Test/05723.png,12,12,Priority road,1.0,True
Test/05724.png,6,6,End of speed limit 80 km/h,0.8268442749977112,True
Test/05725.png,7,7,Speed limit 100 km/h,0.9000473618507385,True
Test/05726.png,10,10,No passing for vehicles over 3.5 t,1.0,True
Test/05727.png,42,42,End of no passing for vehicles over 3.5 t,0.9784222841262817,True
Test/05728.png,13,13,Yield,1.0,True
Test/05729.png,5,5,Speed limit 80 km/h,0.9929936528205872,True
Test/05730.png,31,31,Wild animals crossing,0.9263046979904175,True
Test/05731.png,3,3,Speed limit 60 km/h,0.999484658241272,True
Test/05732.png,38,38,Keep right,0.998314380645752,True
Test/05733.png,1,1,Speed limit 30 km/h,0.8854365348815918,True
Test/05734.png,16,16,Vehicles over 3.5 t prohibited,1.0,True
Test/05735.png,11,11,Right-of-way at next intersection,1.0,True
Test/05736.png,23,23,Slippery road,0.9697450399398804,True
Test/05737.png,4,4,Speed limit 70 km/h,0.8625156283378601,True
Test/05738.png,10,10,No passing for vehicles over 3.5 t,0.9987087249755859,True
Test/05739.png,4,4,Speed limit 70 km/h,0.9999222755432129,True
Test/05740.png,5,5,Speed limit 80 km/h,0.9982268214225769,True
Test/05741.png,8,8,Speed limit 120 km/h,0.9828919172286987,True
Test/05742.png,24,24,Road narrows on right,0.9917469024658203,True
Test/05743.png,31,31,Wild animals crossing,0.9957945346832275,True
Test/05744.png,3,3,Speed limit 60 km/h,0.9986996650695801,True
Test/05745.png,4,4,Speed limit 70 km/h,0.9916170239448547,True
Test/05746.png,12,12,Priority road,1.0,True
Test/05747.png,21,21,Double curve,0.9993690848350525,True
Test/05748.png,29,29,Bicycles crossing,0.9994612336158752,True
Test/05749.png,26,26,Traffic signals,0.9999821186065674,True
Test/05750.png,4,4,Speed limit 70 km/h,0.9999476671218872,True
Test/05751.png,1,1,Speed limit 30 km/h,0.8964952230453491,True
Test/05752.png,6,6,End of speed limit 80 km/h,0.9952400922775269,True
Test/05753.png,5,5,Speed limit 80 km/h,0.9732696413993835,True
Test/05754.png,10,10,No passing for vehicles over 3.5 t,0.999987006187439,True
Test/05755.png,4,4,Speed limit 70 km/h,0.9998598098754883,True
Test/05756.png,9,9,No passing,1.0,True
Test/05757.png,7,7,Speed limit 100 km/h,0.9995095729827881,True
Test/05758.png,25,25,Road work,1.0,True
Test/05759.png,4,4,Speed limit 70 km/h,0.9988813996315002,True
Test/05760.png,21,21,Double curve,0.9991821646690369,True
Test/05761.png,5,1,Speed limit 30 km/h,0.9882951974868774,False
Test/05762.png,12,12,Priority road,1.0,True
Test/05763.png,4,4,Speed limit 70 km/h,0.9999979734420776,True
Test/05764.png,3,3,Speed limit 60 km/h,0.9997581839561462,True
Test/05765.png,2,2,Speed limit 50 km/h,0.9999995231628418,True
Test/05766.png,39,39,Keep left,1.0,True
Test/05767.png,38,38,Keep right,0.9998341798782349,True
Test/05768.png,33,33,Turn right ahead,1.0,True
Test/05769.png,33,33,Turn right ahead,0.9999854564666748,True
Test/05770.png,1,1,Speed limit 30 km/h,0.9951366782188416,True
Test/05771.png,37,37,Go straight or left,0.9906101822853088,True
Test/05772.png,36,36,Go straight or right,0.5240446329116821,True
Test/05773.png,5,5,Speed limit 80 km/h,0.9830355644226074,True
Test/05774.png,24,24,Road narrows on right,0.9987460374832153,True
Test/05775.png,13,13,Yield,1.0,True
Test/05776.png,7,7,Speed limit 100 km/h,0.8552610874176025,True
Test/05777.png,10,10,No passing for vehicles over 3.5 t,1.0,True
Test/05778.png,19,19,Dangerous curve left,1.0,True
Test/05779.png,30,29,Bicycles crossing,0.8300802111625671,False
Test/05780.png,34,34,Turn left ahead,0.9999997615814209,True
Test/05781.png,18,18,General caution,0.48206987977027893,True
Test/05782.png,12,12,Priority road,1.0,True
Test/05783.png,14,14,Stop,1.0,True
Test/05784.png,38,38,Keep right,1.0,True
Test/05785.png,5,5,Speed limit 80 km/h,0.9989498257637024,True
Test/05786.png,42,42,End of no passing for vehicles over 3.5 t,0.869676947593689,True
Test/05787.png,13,13,Yield,1.0,True
Test/05788.png,5,5,Speed limit 80 km/h,0.9958323836326599,True
Test/05789.png,3,3,Speed limit 60 km/h,0.9997311234474182,True
Test/05790.png,10,10,No passing for vehicles over 3.5 t,0.9999619722366333,True
Test/05791.png,37,37,Go straight or left,0.9967097043991089,True
Test/05792.png,5,5,Speed limit 80 km/h,0.9509351849555969,True
Test/05793.png,31,31,Wild animals crossing,0.9939129948616028,True
Test/05794.png,34,34,Turn left ahead,1.0,True
Test/05795.png,9,9,No passing,1.0,True
Test/05796.png,3,3,Speed limit 60 km/h,0.9766026139259338,True
Test/05797.png,24,24,Road narrows on right,0.9997501969337463,True
Test/05798.png,13,13,Yield,1.0,True
Test/05799.png,6,6,End of speed limit 80 km/h,0.9147840142250061,True
Test/05800.png,10,10,No passing for vehicles over 3.5 t,0.9999935626983643,True
Test/05801.png,33,33,Turn right ahead,0.9998086094856262,True
Test/05802.png,30,30,Beware of ice or snow,0.96141517162323,True
Test/05803.png,4,4,Speed limit 70 km/h,0.9970166683197021,True
Test/05804.png,12,12,Priority road,0.9983412027359009,True
Test/05805.png,37,37,Go straight or left,0.9995520710945129,True
Test/05806.png,30,30,Beware of ice or snow,0.8672285676002502,True
Test/05807.png,25,25,Road work,0.9944058656692505,True
Test/05808.png,11,11,Right-of-way at next intersection,0.7487882971763611,True
Test/05809.png,38,38,Keep right,0.9999995231628418,True
Test/05810.png,38,38,Keep right,1.0,True
Test/05811.png,5,5,Speed limit 80 km/h,0.8705901503562927,True
Test/05812.png,13,13,Yield,1.0,True
Test/05813.png,1,1,Speed limit 30 km/h,0.9994722008705139,True
Test/05814.png,10,10,No passing for vehicles over 3.5 t,1.0,True
Test/05815.png,10,10,No passing for vehicles over 3.5 t,1.0,True
Test/05816.png,31,31,Wild animals crossing,0.9415593147277832,True
Test/05817.png,31,31,Wild animals crossing,0.9771409034729004,True
Test/05818.png,4,4,Speed limit 70 km/h,0.9997566342353821,True
Test/05819.png,37,37,Go straight or left,0.9974263310432434,True
Test/05820.png,3,3,Speed limit 60 km/h,0.997527539730072,True
Test/05821.png,12,12,Priority road,1.0,True
Test/05822.png,1,1,Speed limit 30 km/h,0.9999409914016724,True
Test/05823.png,7,7,Speed limit 100 km/h,0.9556996822357178,True
Test/05824.png,30,30,Beware of ice or snow,0.9101069569587708,True
Test/05825.png,12,12,Priority road,0.999977707862854,True
Test/05826.png,14,14,Stop,0.9999998807907104,True
Test/05827.png,35,35,Ahead only,0.9992885589599609,True
Test/05828.png,11,11,Right-of-way at next intersection,0.9999946355819702,True
Test/05829.png,11,11,Right-of-way at next intersection,0.999931812286377,True
Test/05830.png,1,1,Speed limit 30 km/h,0.9991717338562012,True
Test/05831.png,8,8,Speed limit 120 km/h,0.999580442905426,True
Test/05832.png,38,38,Keep right,1.0,True
Test/05833.png,7,7,Speed limit 100 km/h,0.9996919631958008,True
Test/05834.png,28,28,Children crossing,0.9998992681503296,True
Test/05835.png,10,10,No passing for vehicles over 3.5 t,1.0,True
Test/05836.png,12,12,Priority road,1.0,True
Test/05837.png,2,2,Speed limit 50 km/h,0.9855315685272217,True
Test/05838.png,11,28,Children crossing,0.40036189556121826,False
Test/05839.png,23,23,Slippery road,0.7969067692756653,True
Test/05840.png,9,9,No passing,0.9999942779541016,True
Test/05841.png,11,11,Right-of-way at next intersection,0.9999769926071167,True
Test/05842.png,3,3,Speed limit 60 km/h,0.9986469149589539,True
Test/05843.png,1,1,Speed limit 30 km/h,0.9906585216522217,True
Test/05844.png,18,27,Pedestrians,0.5115988850593567,False
Test/05845.png,3,3,Speed limit 60 km/h,0.9998867511749268,True
Test/05846.png,18,18,General caution,0.9008591175079346,True
Test/05847.png,2,2,Speed limit 50 km/h,0.997503936290741,True
Test/05848.png,9,9,No passing,0.9999998807907104,True
Test/05849.png,4,4,Speed limit 70 km/h,0.9852681159973145,True
Test/05850.png,31,31,Wild animals crossing,0.9955680966377258,True
Test/05851.png,30,30,Beware of ice or snow,0.9913271069526672,True
Test/05852.png,35,35,Ahead only,0.9939121007919312,True
Test/05853.png,2,2,Speed limit 50 km/h,0.9997151494026184,True
Test/05854.png,23,23,Slippery road,0.9949131011962891,True
Test/05855.png,10,10,No passing for vehicles over 3.5 t,0.9999980926513672,True
Test/05856.png,8,8,Speed limit 120 km/h,0.9998799562454224,True
Test/05857.png,38,38,Keep right,0.9999997615814209,True
Test/05858.png,5,3,Speed limit 60 km/h,0.6018605828285217,False
Test/05859.png,5,5,Speed limit 80 km/h,0.9936525821685791,True
Test/05860.png,10,10,No passing for vehicles over 3.5 t,0.9999978542327881,True
Test/05861.png,9,9,No passing,1.0,True
Test/05862.png,12,12,Priority road,0.9992823004722595,True
Test/05863.png,38,38,Keep right,1.0,True
Test/05864.png,3,3,Speed limit 60 km/h,0.9999880790710449,True
Test/05865.png,3,3,Speed limit 60 km/h,0.9999160766601562,True
Test/05866.png,16,16,Vehicles over 3.5 t prohibited,0.9998519420623779,True
Test/05867.png,13,13,Yield,1.0,True
Test/05868.png,9,9,No passing,1.0,True
Test/05869.png,12,12,Priority road,1.0,True
Test/05870.png,28,28,Children crossing,0.9970579147338867,True
Test/05871.png,18,18,General caution,0.9103082418441772,True
Test/05872.png,12,12,Priority road,1.0,True
Test/05873.png,22,22,Bumpy road,0.9908736944198608,True
Test/05874.png,4,4,Speed limit 70 km/h,0.9929254055023193,True
Test/05875.png,35,35,Ahead only,1.0,True
Test/05876.png,4,4,Speed limit 70 km/h,0.9995647072792053,True
Test/05877.png,5,5,Speed limit 80 km/h,0.5210556983947754,True
Test/05878.png,18,18,General caution,0.9344735145568848,True
Test/05879.png,38,38,Keep right,0.9996683597564697,True
Test/05880.png,14,1,Speed limit 30 km/h,0.44116413593292236,False
Test/05881.png,38,38,Keep right,0.9655811786651611,True
Test/05882.png,38,38,Keep right,1.0,True
Test/05883.png,28,28,Children crossing,0.988165020942688,True
Test/05884.png,11,11,Right-of-way at next intersection,0.9999998807907104,True
Test/05885.png,13,13,Yield,1.0,True
Test/05886.png,35,35,Ahead only,0.9973956346511841,True
Test/05887.png,13,13,Yield,1.0,True
Test/05888.png,5,5,Speed limit 80 km/h,0.9965481162071228,True
Test/05889.png,38,38,Keep right,0.9837925434112549,True
Test/05890.png,5,5,Speed limit 80 km/h,0.9995500445365906,True
Test/05891.png,7,7,Speed limit 100 km/h,0.9915857315063477,True
Test/05892.png,13,6,End of speed limit 80 km/h,0.7887939214706421,False
Test/05893.png,18,18,General caution,0.9825149774551392,True
Test/05894.png,11,11,Right-of-way at next intersection,1.0,True
Test/05895.png,27,27,Pedestrians,0.4776775538921356,True
Test/05896.png,1,1,Speed limit 30 km/h,0.9550613164901733,True
Test/05897.png,13,13,Yield,1.0,True
Test/05898.png,10,10,No passing for vehicles over 3.5 t,0.9999876022338867,True
Test/05899.png,14,14,Stop,0.9999246597290039,True
Test/05900.png,16,16,Vehicles over 3.5 t prohibited,1.0,True
Test/05901.png,4,4,Speed limit 70 km/h,0.9999991655349731,True
Test/05902.png,1,1,Speed limit 30 km/h,0.9627590179443359,True
Test/05903.png,11,11,Right-of-way at next intersection,0.9997907280921936,True
Test/05904.png,4,4,Speed limit 70 km/h,0.9999743700027466,True
Test/05905.png,10,10,No passing for vehicles over 3.5 t,0.999997615814209,True
Test/05906.png,4,4,Speed limit 70 km/h,0.9990917444229126,True
Test/05907.png,38,38,Keep right,0.9999475479125977,True
Test/05908.png,4,4,Speed limit 70 km/h,0.9548128843307495,True
Test/05909.png,2,2,Speed limit 50 km/h,0.999866247177124,True
Test/05910.png,2,2,Speed limit 50 km/h,0.9995829463005066,True
Test/05911.png,10,10,No passing for vehicles over 3.5 t,0.9892571568489075,True
Test/05912.png,5,5,Speed limit 80 km/h,0.9933176040649414,True
Test/05913.png,33,33,Turn right ahead,0.9999978542327881,True
Test/05914.png,1,1,Speed limit 30 km/h,0.9388926029205322,True
Test/05915.png,18,18,General caution,0.6856160163879395,True
Test/05916.png,7,7,Speed limit 100 km/h,0.9999940395355225,True
Test/05917.png,15,15,No vehicles,1.0,True
Test/05918.png,15,15,No vehicles,0.9999982118606567,True
Test/05919.png,9,9,No passing,0.99985671043396,True
Test/05920.png,4,4,Speed limit 70 km/h,0.999711811542511,True
Test/05921.png,35,35,Ahead only,1.0,True
Test/05922.png,31,31,Wild animals crossing,0.9979556798934937,True
Test/05923.png,13,13,Yield,1.0,True
Test/05924.png,6,6,End of speed limit 80 km/h,0.787544310092926,True
Test/05925.png,12,12,Priority road,0.9959914088249207,True
Test/05926.png,5,5,Speed limit 80 km/h,0.9924134612083435,True
Test/05927.png,29,29,Bicycles crossing,0.9119807481765747,True
Test/05928.png,2,2,Speed limit 50 km/h,0.9874940514564514,True
Test/05929.png,3,3,Speed limit 60 km/h,0.9920766353607178,True
Test/05930.png,35,35,Ahead only,0.988976776599884,True
Test/05931.png,17,17,No entry,1.0,True
Test/05932.png,7,7,Speed limit 100 km/h,0.5977126955986023,True
Test/05933.png,2,2,Speed limit 50 km/h,0.999976634979248,True
Test/05934.png,12,38,Keep right,0.6364533305168152,False
Test/05935.png,35,35,Ahead only,1.0,True
Test/05936.png,8,8,Speed limit 120 km/h,0.9980788230895996,True
Test/05937.png,10,10,No passing for vehicles over 3.5 t,1.0,True
Test/05938.png,38,34,Turn left ahead,0.5441864132881165,False
Test/05939.png,35,35,Ahead only,0.9984751343727112,True
Test/05940.png,1,1,Speed limit 30 km/h,0.9986019730567932,True
Test/05941.png,35,35,Ahead only,0.9999849796295166,True
Test/05942.png,7,7,Speed limit 100 km/h,0.9949742555618286,True
Test/05943.png,2,2,Speed limit 50 km/h,0.9997580647468567,True
Test/05944.png,25,25,Road work,0.9944432377815247,True
Test/05945.png,0,1,Speed limit 30 km/h,0.6605885624885559,False
Test/05946.png,2,2,Speed limit 50 km/h,0.9829318523406982,True
Test/05947.png,1,1,Speed limit 30 km/h,0.9995446801185608,True
Test/05948.png,4,4,Speed limit 70 km/h,0.9943246245384216,True
Test/05949.png,36,36,Go straight or right,0.9966326355934143,True
Test/05950.png,29,28,Children crossing,0.6213703751564026,False
Test/05951.png,8,8,Speed limit 120 km/h,0.9998008608818054,True
Test/05952.png,7,7,Speed limit 100 km/h,0.9947379231452942,True
Test/05953.png,35,35,Ahead only,0.999983549118042,True
Test/05954.png,10,10,No passing for vehicles over 3.5 t,0.9999995231628418,True
Test/05955.png,1,1,Speed limit 30 km/h,0.9993220567703247,True
Test/05956.png,13,13,Yield,1.0,True
Test/05957.png,4,4,Speed limit 70 km/h,0.9982282519340515,True
Test/05958.png,10,10,No passing for vehicles over 3.5 t,1.0,True
Test/05959.png,5,5,Speed limit 80 km/h,0.968316912651062,True
Test/05960.png,12,12,Priority road,1.0,True
Test/05961.png,7,7,Speed limit 100 km/h,0.9997667670249939,True
Test/05962.png,16,16,Vehicles over 3.5 t prohibited,1.0,True
Test/05963.png,3,3,Speed limit 60 km/h,0.9823880791664124,True
Test/05964.png,1,1,Speed limit 30 km/h,0.9983878135681152,True
Test/05965.png,1,1,Speed limit 30 km/h,0.9999891519546509,True
Test/05966.png,41,41,End of no passing,0.9616016745567322,True
Test/05967.png,19,19,Dangerous curve left,0.9347913265228271,True
Test/05968.png,8,8,Speed limit 120 km/h,0.9965853691101074,True
Test/05969.png,13,13,Yield,1.0,True
Test/05970.png,10,10,No passing for vehicles over 3.5 t,0.9998998641967773,True
Test/05971.png,1,1,Speed limit 30 km/h,0.9999313354492188,True
Test/05972.png,38,38,Keep right,0.6759213209152222,True
Test/05973.png,13,13,Yield,1.0,True
Test/05974.png,11,11,Right-of-way at next intersection,0.9999953508377075,True
Test/05975.png,2,2,Speed limit 50 km/h,0.9999998807907104,True
Test/05976.png,2,2,Speed limit 50 km/h,0.9914712309837341,True
Test/05977.png,7,5,Speed limit 80 km/h,0.5552142262458801,False
Test/05978.png,10,10,No passing for vehicles over 3.5 t,1.0,True
Test/05979.png,14,14,Stop,0.9999998807907104,True
Test/05980.png,10,10,No passing for vehicles over 3.5 t,0.9999986886978149,True
Test/05981.png,39,39,Keep left,1.0,True
Test/05982.png,9,9,No passing,0.9999992847442627,True
Test/05983.png,25,25,Road work,0.9999994039535522,True
Test/05984.png,3,3,Speed limit 60 km/h,0.9999974966049194,True
Test/05985.png,6,6,End of speed limit 80 km/h,0.6611062288284302,True
Test/05986.png,17,17,No entry,0.9791481494903564,True
Test/05987.png,13,13,Yield,1.0,True
Test/05988.png,2,2,Speed limit 50 km/h,0.9992117881774902,True
Test/05989.png,3,3,Speed limit 60 km/h,0.999303936958313,True
Test/05990.png,17,17,No entry,1.0,True
Test/05991.png,2,2,Speed limit 50 km/h,0.9778313636779785,True
Test/05992.png,40,40,Roundabout mandatory,0.9847108721733093,True
Test/05993.png,1,1,Speed limit 30 km/h,0.9950082302093506,True
Test/05994.png,10,10,No passing for vehicles over 3.5 t,0.9999899864196777,True
Test/05995.png,5,5,Speed limit 80 km/h,0.8502837419509888,True
Test/05996.png,32,32,End of all speed and passing limits,0.834868311882019,True
Test/05997.png,8,8,Speed limit 120 km/h,0.9989843964576721,True
Test/05998.png,12,12,Priority road,1.0,True
Test/05999.png,42,42,End of no passing for vehicles over 3.5 t,0.9980897307395935,True
Test/06000.png,1,1,Speed limit 30 km/h,0.8908692002296448,True
Test/06001.png,35,35,Ahead only,0.9999508857727051,True
Test/06002.png,0,0,Speed limit 20 km/h,0.7611455321311951,True
Test/06003.png,1,1,Speed limit 30 km/h,0.9998102784156799,True
Test/06004.png,30,31,Wild animals crossing,0.3580857813358307,False
Test/06005.png,1,2,Speed limit 50 km/h,0.9451531171798706,False
Test/06006.png,2,1,Speed limit 30 km/h,0.7244632244110107,False
Test/06007.png,29,29,Bicycles crossing,0.9999643564224243,True
Test/06008.png,13,13,Yield,1.0,True
Test/06009.png,3,3,Speed limit 60 km/h,0.9889367818832397,True
Test/06010.png,36,36,Go straight or right,0.9456179738044739,True
Test/06011.png,15,15,No vehicles,1.0,True
Test/06012.png,4,4,Speed limit 70 km/h,1.0,True
Test/06013.png,23,23,Slippery road,0.8211933374404907,True
Test/06014.png,5,5,Speed limit 80 km/h,0.99192214012146,True
Test/06015.png,5,5,Speed limit 80 km/h,0.9758356213569641,True
Test/06016.png,8,8,Speed limit 120 km/h,0.9971110820770264,True
Test/06017.png,8,8,Speed limit 120 km/h,0.9934543371200562,True
Test/06018.png,5,3,Speed limit 60 km/h,0.9632102847099304,False
Test/06019.png,4,4,Speed limit 70 km/h,0.9988992214202881,True
Test/06020.png,2,2,Speed limit 50 km/h,0.9672004580497742,True
Test/06021.png,10,10,No passing for vehicles over 3.5 t,0.9998371601104736,True
Test/06022.png,25,25,Road work,0.9999998807907104,True
Test/06023.png,4,4,Speed limit 70 km/h,0.8569661974906921,True
Test/06024.png,25,25,Road work,0.9999971389770508,True
Test/06025.png,32,32,End of all speed and passing limits,0.9664093255996704,True
Test/06026.png,13,13,Yield,1.0,True
Test/06027.png,34,34,Turn left ahead,1.0,True
Test/06028.png,26,26,Traffic signals,0.9998369216918945,True
Test/06029.png,25,25,Road work,1.0,True
Test/06030.png,15,15,No vehicles,0.9999994039535522,True
Test/06031.png,25,25,Road work,1.0,True
Test/06032.png,18,18,General caution,0.9468085169792175,True
Test/06033.png,6,6,End of speed limit 80 km/h,0.9953204989433289,True
Test/06034.png,9,9,No passing,0.9999998807907104,True
Test/06035.png,7,7,Speed limit 100 km/h,0.9980200529098511,True
Test/06036.png,1,1,Speed limit 30 km/h,0.9953057169914246,True
Test/06037.png,13,13,Yield,1.0,True
Test/06038.png,27,27,Pedestrians,0.9997614026069641,True
Test/06039.png,1,1,Speed limit 30 km/h,0.999998927116394,True
Test/06040.png,4,4,Speed limit 70 km/h,0.9974381923675537,True
Test/06041.png,23,23,Slippery road,0.9999988079071045,True
Test/06042.png,25,25,Road work,0.9999344348907471,True
Test/06043.png,35,35,Ahead only,1.0,True
Test/06044.png,10,10,No passing for vehicles over 3.5 t,0.6133776307106018,True
Test/06045.png,4,4,Speed limit 70 km/h,1.0,True
Test/06046.png,7,7,Speed limit 100 km/h,0.9980770349502563,True
Test/06047.png,10,10,No passing for vehicles over 3.5 t,1.0,True
Test/06048.png,12,12,Priority road,0.9999997615814209,True
Test/06049.png,12,12,Priority road,0.999602735042572,True
Test/06050.png,18,18,General caution,0.9979745745658875,True
Test/06051.png,26,26,Traffic signals,0.9999899864196777,True
Test/06052.png,12,12,Priority road,1.0,True
Test/06053.png,25,25,Road work,0.9801234602928162,True
Test/06054.png,11,11,Right-of-way at next intersection,0.9999995231628418,True
Test/06055.png,35,35,Ahead only,0.999051034450531,True
Test/06056.png,12,12,Priority road,1.0,True
Test/06057.png,35,35,Ahead only,0.9928500652313232,True
Test/06058.png,4,4,Speed limit 70 km/h,0.9879391193389893,True
Test/06059.png,10,10,No passing for vehicles over 3.5 t,0.9999243021011353,True
Test/06060.png,2,2,Speed limit 50 km/h,0.999901533126831,True
Test/06061.png,7,7,Speed limit 100 km/h,0.9657357931137085,True
Test/06062.png,40,40,Roundabout mandatory,0.9999765157699585,True
Test/06063.png,11,11,Right-of-way at next intersection,1.0,True
Test/06064.png,38,38,Keep right,0.9991356730461121,True
Test/06065.png,13,13,Yield,1.0,True
Test/06066.png,12,12,Priority road,0.9929938912391663,True
Test/06067.png,13,13,Yield,1.0,True
Test/06068.png,36,38,Keep right,0.49627795815467834,False
Test/06069.png,5,5,Speed limit 80 km/h,0.5366988182067871,True
Test/06070.png,35,35,Ahead only,0.9996970891952515,True
Test/06071.png,15,15,No vehicles,0.9999995231628418,True
Test/06072.png,11,11,Right-of-way at next intersection,0.999407172203064,True
Test/06073.png,13,13,Yield,1.0,True
Test/06074.png,13,13,Yield,1.0,True
Test/06075.png,36,36,Go straight or right,0.9999736547470093,True
Test/06076.png,5,5,Speed limit 80 km/h,0.9860779047012329,True
Test/06077.png,33,33,Turn right ahead,0.9992606043815613,True
Test/06078.png,8,8,Speed limit 120 km/h,0.9912219047546387,True
Test/06079.png,34,34,Turn left ahead,1.0,True
Test/06080.png,13,13,Yield,1.0,True
Test/06081.png,1,1,Speed limit 30 km/h,0.9999290704727173,True
Test/06082.png,3,3,Speed limit 60 km/h,0.9765331149101257,True
Test/06083.png,38,38,Keep right,1.0,True
Test/06084.png,17,17,No entry,1.0,True
Test/06085.png,6,6,End of speed limit 80 km/h,0.9905564785003662,True
Test/06086.png,5,5,Speed limit 80 km/h,0.8336366415023804,True
Test/06087.png,25,25,Road work,0.9999995231628418,True
Test/06088.png,5,5,Speed limit 80 km/h,0.9652368426322937,True
Test/06089.png,10,30,Beware of ice or snow,0.7937869429588318,False
Test/06090.png,30,31,Wild animals crossing,0.3513486385345459,False
Test/06091.png,10,10,No passing for vehicles over 3.5 t,0.999963641166687,True
Test/06092.png,7,7,Speed limit 100 km/h,0.9983049631118774,True
Test/06093.png,2,2,Speed limit 50 km/h,0.9918714761734009,True
Test/06094.png,12,12,Priority road,1.0,True
Test/06095.png,5,8,Speed limit 120 km/h,0.6766787767410278,False
Test/06096.png,3,3,Speed limit 60 km/h,0.9988539218902588,True
Test/06097.png,2,2,Speed limit 50 km/h,0.9988449811935425,True
Test/06098.png,23,23,Slippery road,0.9993178844451904,True
Test/06099.png,20,20,Dangerous curve right,0.5818126201629639,True
Test/06100.png,9,9,No passing,0.9999245405197144,True
Test/06101.png,4,4,Speed limit 70 km/h,1.0,True
Test/06102.png,22,22,Bumpy road,0.9998539686203003,True
Test/06103.png,9,9,No passing,1.0,True
Test/06104.png,4,4,Speed limit 70 km/h,0.9998113512992859,True
Test/06105.png,38,38,Keep right,0.9995319843292236,True
Test/06106.png,5,5,Speed limit 80 km/h,0.9903404116630554,True
Test/06107.png,9,9,No passing,0.9999998807907104,True
Test/06108.png,27,27,Pedestrians,0.9933328032493591,True
Test/06109.png,8,8,Speed limit 120 km/h,0.9867180585861206,True
Test/06110.png,8,8,Speed limit 120 km/h,0.9993982315063477,True
Test/06111.png,41,41,End of no passing,0.9256803393363953,True
Test/06112.png,12,12,Priority road,1.0,True
Test/06113.png,11,11,Right-of-way at next intersection,0.9941495656967163,True
Test/06114.png,3,3,Speed limit 60 km/h,0.994195282459259,True
Test/06115.png,5,5,Speed limit 80 km/h,0.9002602696418762,True
Test/06116.png,0,0,Speed limit 20 km/h,0.5398668050765991,True
Test/06117.png,25,25,Road work,0.9999867677688599,True
Test/06118.png,5,5,Speed limit 80 km/h,0.968234121799469,True
Test/06119.png,36,36,Go straight or right,0.9999963045120239,True
Test/06120.png,2,2,Speed limit 50 km/h,0.9723113179206848,True
Test/06121.png,13,13,Yield,1.0,True
Test/06122.png,26,26,Traffic signals,0.9981593489646912,True
Test/06123.png,17,17,No entry,0.999998927116394,True
Test/06124.png,3,3,Speed limit 60 km/h,0.9840536713600159,True
Test/06125.png,13,13,Yield,0.9999779462814331,True
Test/06126.png,2,2,Speed limit 50 km/h,0.9999539852142334,True
Test/06127.png,28,28,Children crossing,0.8859756588935852,True
Test/06128.png,28,28,Children crossing,0.9999523162841797,True
Test/06129.png,38,38,Keep right,0.7303363680839539,True
Test/06130.png,5,1,Speed limit 30 km/h,0.813808262348175,False
Test/06131.png,1,1,Speed limit 30 km/h,0.9902875423431396,True
Test/06132.png,15,15,No vehicles,1.0,True
Test/06133.png,17,17,No entry,1.0,True
Test/06134.png,15,15,No vehicles,0.9999605417251587,True
Test/06135.png,2,2,Speed limit 50 km/h,0.9908451437950134,True
Test/06136.png,42,42,End of no passing for vehicles over 3.5 t,0.9832912683486938,True
Test/06137.png,2,2,Speed limit 50 km/h,0.9968569278717041,True
Test/06138.png,17,17,No entry,0.9988276362419128,True
Test/06139.png,30,30,Beware of ice or snow,0.8656537532806396,True
Test/06140.png,25,25,Road work,1.0,True
Test/06141.png,26,26,Traffic signals,0.9999945163726807,True
Test/06142.png,38,38,Keep right,0.9988934397697449,True
Test/06143.png,11,25,Road work,0.7197953462600708,False
Test/06144.png,12,12,Priority road,0.9997559189796448,True
Test/06145.png,6,6,End of speed limit 80 km/h,0.998956561088562,True
Test/06146.png,30,29,Bicycles crossing,0.9377667903900146,False
Test/06147.png,25,25,Road work,1.0,True
Test/06148.png,12,12,Priority road,1.0,True
Test/06149.png,18,18,General caution,0.8723866939544678,True
Test/06150.png,3,3,Speed limit 60 km/h,0.9035186767578125,True
Test/06151.png,13,13,Yield,1.0,True
Test/06152.png,1,1,Speed limit 30 km/h,0.9849200248718262,True
Test/06153.png,13,13,Yield,1.0,True
Test/06154.png,17,17,No entry,1.0,True
Test/06155.png,25,25,Road work,0.9947243332862854,True
Test/06156.png,18,18,General caution,0.9933788776397705,True
Test/06157.png,6,6,End of speed limit 80 km/h,0.9775685667991638,True
Test/06158.png,10,10,No passing for vehicles over 3.5 t,1.0,True
Test/06159.png,18,18,General caution,0.9534698724746704,True
Test/06160.png,10,10,No passing for vehicles over 3.5 t,1.0,True
Test/06161.png,6,6,End of speed limit 80 km/h,0.9980167150497437,True
Test/06162.png,8,8,Speed limit 120 km/h,0.9969387054443359,True
Test/06163.png,2,2,Speed limit 50 km/h,0.8477298617362976,True
Test/06164.png,13,13,Yield,0.9921155571937561,True
Test/06165.png,36,36,Go straight or right,0.999693751335144,True
Test/06166.png,36,36,Go straight or right,0.9999983310699463,True
Test/06167.png,18,18,General caution,0.8940874934196472,True
Test/06168.png,8,8,Speed limit 120 km/h,0.9799284338951111,True
Test/06169.png,24,24,Road narrows on right,0.9877453446388245,True
Test/06170.png,10,10,No passing for vehicles over 3.5 t,0.9999991655349731,True
Test/06171.png,14,14,Stop,0.9999978542327881,True
Test/06172.png,10,10,No passing for vehicles over 3.5 t,0.9999994039535522,True
Test/06173.png,7,7,Speed limit 100 km/h,0.9999303817749023,True
Test/06174.png,38,38,Keep right,1.0,True
Test/06175.png,2,2,Speed limit 50 km/h,0.9978880286216736,True
Test/06176.png,35,35,Ahead only,0.9999998807907104,True
Test/06177.png,3,5,Speed limit 80 km/h,0.9562554955482483,False
Test/06178.png,4,4,Speed limit 70 km/h,0.9995114803314209,True
Test/06179.png,13,13,Yield,1.0,True
Test/06180.png,6,6,End of speed limit 80 km/h,0.9985912442207336,True
Test/06181.png,12,12,Priority road,1.0,True
Test/06182.png,4,4,Speed limit 70 km/h,0.9991669654846191,True
Test/06183.png,38,38,Keep right,0.9141426682472229,True
Test/06184.png,6,6,End of speed limit 80 km/h,0.9919403195381165,True
Test/06185.png,8,8,Speed limit 120 km/h,0.9936687350273132,True
Test/06186.png,17,17,No entry,0.9994206428527832,True
Test/06187.png,5,5,Speed limit 80 km/h,0.9333986639976501,True
Test/06188.png,17,17,No entry,1.0,True
Test/06189.png,7,7,Speed limit 100 km/h,0.9956402778625488,True
Test/06190.png,21,21,Double curve,0.988195538520813,True
Test/06191.png,3,3,Speed limit 60 km/h,0.9999947547912598,True
Test/06192.png,21,21,Double curve,0.9911600947380066,True
Test/06193.png,10,10,No passing for vehicles over 3.5 t,0.9999160766601562,True
Test/06194.png,9,9,No passing,0.9999971389770508,True
Test/06195.png,3,3,Speed limit 60 km/h,0.9564670324325562,True
Test/06196.png,12,12,Priority road,1.0,True
Test/06197.png,36,36,Go straight or right,0.9999998807907104,True
Test/06198.png,17,17,No entry,1.0,True
Test/06199.png,6,6,End of speed limit 80 km/h,0.9551481008529663,True
Test/06200.png,26,26,Traffic signals,0.8447648882865906,True
Test/06201.png,12,12,Priority road,0.9999986886978149,True
Test/06202.png,13,13,Yield,1.0,True
Test/06203.png,14,14,Stop,0.9999998807907104,True
Test/06204.png,1,1,Speed limit 30 km/h,0.9999170303344727,True
Test/06205.png,2,2,Speed limit 50 km/h,0.999990701675415,True
Test/06206.png,16,16,Vehicles over 3.5 t prohibited,0.9996440410614014,True
Test/06207.png,9,9,No passing,1.0,True
Test/06208.png,34,34,Turn left ahead,1.0,True
Test/06209.png,9,9,No passing,0.9896163940429688,True
Test/06210.png,19,19,Dangerous curve left,0.7831609845161438,True
Test/06211.png,13,13,Yield,1.0,True
Test/06212.png,26,26,Traffic signals,0.9994262456893921,True
Test/06213.png,4,4,Speed limit 70 km/h,0.7839497923851013,True
Test/06214.png,4,4,Speed limit 70 km/h,0.9963691234588623,True
Test/06215.png,10,10,No passing for vehicles over 3.5 t,1.0,True
Test/06216.png,35,35,Ahead only,0.9983227849006653,True
Test/06217.png,22,22,Bumpy road,0.9999978542327881,True
Test/06218.png,4,4,Speed limit 70 km/h,0.9999736547470093,True
Test/06219.png,6,6,End of speed limit 80 km/h,0.7174550890922546,True
Test/06220.png,26,26,Traffic signals,0.9740157127380371,True
Test/06221.png,5,5,Speed limit 80 km/h,0.9997766613960266,True
Test/06222.png,4,1,Speed limit 30 km/h,0.8214578628540039,False
Test/06223.png,29,29,Bicycles crossing,0.9997108578681946,True
Test/06224.png,38,38,Keep right,1.0,True
Test/06225.png,13,13,Yield,1.0,True
Test/06226.png,25,25,Road work,1.0,True
Test/06227.png,12,12,Priority road,1.0,True
Test/06228.png,13,13,Yield,0.9312344193458557,True
Test/06229.png,12,12,Priority road,0.9999911785125732,True
Test/06230.png,7,7,Speed limit 100 km/h,0.9998512268066406,True
Test/06231.png,8,8,Speed limit 120 km/h,0.9039942026138306,True
Test/06232.png,13,13,Yield,1.0,True
Test/06233.png,38,38,Keep right,0.9991949200630188,True
Test/06234.png,5,5,Speed limit 80 km/h,0.8332026600837708,True
Test/06235.png,14,14,Stop,1.0,True
Test/06236.png,10,10,No passing for vehicles over 3.5 t,0.9999973773956299,True
Test/06237.png,33,33,Turn right ahead,0.9999996423721313,True
Test/06238.png,25,25,Road work,1.0,True
Test/06239.png,18,18,General caution,0.9867100119590759,True
Test/06240.png,33,33,Turn right ahead,1.0,True
Test/06241.png,18,18,General caution,0.9764217138290405,True
Test/06242.png,2,2,Speed limit 50 km/h,0.9871059656143188,True
Test/06243.png,38,38,Keep right,1.0,True
Test/06244.png,23,23,Slippery road,0.9979180693626404,True
Test/06245.png,9,9,No passing,0.7534206509590149,True
Test/06246.png,2,2,Speed limit 50 km/h,0.9831499457359314,True
Test/06247.png,1,1,Speed limit 30 km/h,0.9993466734886169,True
Test/06248.png,3,3,Speed limit 60 km/h,0.9805096387863159,True
Test/06249.png,10,10,No passing for vehicles over 3.5 t,1.0,True
Test/06250.png,1,1,Speed limit 30 km/h,0.9984692931175232,True
Test/06251.png,17,17,No entry,1.0,True
Test/06252.png,38,38,Keep right,0.9999867677688599,True
Test/06253.png,4,1,Speed limit 30 km/h,0.6002776622772217,False
Test/06254.png,1,1,Speed limit 30 km/h,0.9990791082382202,True
Test/06255.png,6,6,End of speed limit 80 km/h,0.42294013500213623,True
Test/06256.png,13,13,Yield,1.0,True
Test/06257.png,5,7,Speed limit 100 km/h,0.4503568410873413,False
Test/06258.png,26,26,Traffic signals,0.9996812343597412,True
Test/06259.png,4,4,Speed limit 70 km/h,0.9998241066932678,True
Test/06260.png,5,1,Speed limit 30 km/h,0.9972781538963318,False
Test/06261.png,41,41,End of no passing,0.9377793669700623,True
Test/06262.png,4,4,Speed limit 70 km/h,0.9607051014900208,True
Test/06263.png,3,3,Speed limit 60 km/h,0.916304349899292,True
Test/06264.png,21,21,Double curve,0.9872820973396301,True
Test/06265.png,38,38,Keep right,0.9998648166656494,True
Test/06266.png,18,18,General caution,0.9992120265960693,True
Test/06267.png,40,40,Roundabout mandatory,0.9973063468933105,True
Test/06268.png,35,35,Ahead only,0.9999995231628418,True
Test/06269.png,23,23,Slippery road,1.0,True
Test/06270.png,35,35,Ahead only,1.0,True
Test/06271.png,12,12,Priority road,1.0,True
Test/06272.png,8,8,Speed limit 120 km/h,0.9998695850372314,True
Test/06273.png,8,7,Speed limit 100 km/h,0.8456283807754517,False
Test/06274.png,6,6,End of speed limit 80 km/h,0.9194952845573425,True
Test/06275.png,38,38,Keep right,1.0,True
Test/06276.png,35,35,Ahead only,0.9773738384246826,True
Test/06277.png,35,35,Ahead only,0.999992847442627,True
Test/06278.png,25,25,Road work,0.9788507223129272,True
Test/06279.png,29,29,Bicycles crossing,0.523041307926178,True
Test/06280.png,38,38,Keep right,1.0,True
Test/06281.png,15,15,No vehicles,0.9999990463256836,True
Test/06282.png,7,7,Speed limit 100 km/h,0.9985089898109436,True
Test/06283.png,4,4,Speed limit 70 km/h,0.9942383766174316,True
Test/06284.png,10,10,No passing for vehicles over 3.5 t,0.9353343844413757,True
Test/06285.png,21,21,Double curve,0.9017246961593628,True
Test/06286.png,1,1,Speed limit 30 km/h,0.7030201554298401,True
Test/06287.png,12,12,Priority road,1.0,True
Test/06288.png,32,32,End of all speed and passing limits,0.728216290473938,True
Test/06289.png,33,33,Turn right ahead,1.0,True
Test/06290.png,1,1,Speed limit 30 km/h,0.977314829826355,True
Test/06291.png,8,8,Speed limit 120 km/h,0.4185892939567566,True
Test/06292.png,26,26,Traffic signals,0.9999960660934448,True
Test/06293.png,38,38,Keep right,0.9999958276748657,True
Test/06294.png,11,11,Right-of-way at next intersection,0.9999845027923584,True
Test/06295.png,38,34,Turn left ahead,0.4783393144607544,False
Test/06296.png,28,28,Children crossing,0.9997957348823547,True
Test/06297.png,5,5,Speed limit 80 km/h,0.9992300271987915,True
Test/06298.png,25,25,Road work,0.999518871307373,True
Test/06299.png,1,1,Speed limit 30 km/h,0.999996542930603,True
Test/06300.png,3,3,Speed limit 60 km/h,0.9989311099052429,True
Test/06301.png,2,2,Speed limit 50 km/h,0.7022907137870789,True
Test/06302.png,35,35,Ahead only,0.9999849796295166,True
Test/06303.png,23,23,Slippery road,0.9999728202819824,True
Test/06304.png,38,38,Keep right,0.633954644203186,True
Test/06305.png,33,33,Turn right ahead,0.9999580383300781,True
Test/06306.png,1,1,Speed limit 30 km/h,0.9199610948562622,True
Test/06307.png,15,15,No vehicles,0.9999977350234985,True
Test/06308.png,2,2,Speed limit 50 km/h,0.9937164187431335,True
Test/06309.png,11,11,Right-of-way at next intersection,0.9999998807907104,True
Test/06310.png,30,26,Traffic signals,0.24330270290374756,False
Test/06311.png,31,31,Wild animals crossing,0.9941158294677734,True
Test/06312.png,2,2,Speed limit 50 km/h,0.9997326731681824,True
Test/06313.png,4,4,Speed limit 70 km/h,0.999510645866394,True
Test/06314.png,35,35,Ahead only,0.9983882904052734,True
Test/06315.png,7,7,Speed limit 100 km/h,0.999581515789032,True
Test/06316.png,1,1,Speed limit 30 km/h,0.999470055103302,True
Test/06317.png,17,17,No entry,1.0,True
Test/06318.png,38,38,Keep right,1.0,True
Test/06319.png,38,38,Keep right,1.0,True
Test/06320.png,2,2,Speed limit 50 km/h,0.9999593496322632,True
Test/06321.png,42,42,End of no passing for vehicles over 3.5 t,0.8643431067466736,True
Test/06322.png,12,12,Priority road,1.0,True
Test/06323.png,3,3,Speed limit 60 km/h,0.9921004176139832,True
Test/06324.png,6,6,End of speed limit 80 km/h,0.9723451137542725,True
Test/06325.png,31,31,Wild animals crossing,0.9978697299957275,True
Test/06326.png,3,3,Speed limit 60 km/h,0.9989054203033447,True
Test/06327.png,31,31,Wild animals crossing,0.7006943225860596,True
Test/06328.png,8,4,Speed limit 70 km/h,0.5235140919685364,False
Test/06329.png,7,7,Speed limit 100 km/h,0.5081897377967834,True
Test/06330.png,12,12,Priority road,0.9999912977218628,True
Test/06331.png,10,10,No passing for vehicles over 3.5 t,0.9999790191650391,True
Test/06332.png,26,26,Traffic signals,0.9999984502792358,True
Test/06333.png,0,0,Speed limit 20 km/h,0.6776729226112366,True
Test/06334.png,26,26,Traffic signals,0.9971445202827454,True
Test/06335.png,10,10,No passing for vehicles over 3.5 t,0.9999998807907104,True
Test/06336.png,34,34,Turn left ahead,0.999991774559021,True
Test/06337.png,21,21,Double curve,0.9975411891937256,True
Test/06338.png,26,26,Traffic signals,0.9999887943267822,True
Test/06339.png,8,8,Speed limit 120 km/h,0.9326266050338745,True
Test/06340.png,9,9,No passing,1.0,True
Test/06341.png,25,25,Road work,0.5541454553604126,True
Test/06342.png,14,14,Stop,0.9999998807907104,True
Test/06343.png,5,5,Speed limit 80 km/h,0.9171772599220276,True
Test/06344.png,10,10,No passing for vehicles over 3.5 t,0.9999908208847046,True
Test/06345.png,9,9,No passing,0.9999996423721313,True
Test/06346.png,8,8,Speed limit 120 km/h,0.9486746191978455,True
Test/06347.png,7,7,Speed limit 100 km/h,0.9901189804077148,True
Test/06348.png,31,31,Wild animals crossing,0.830966591835022,True
Test/06349.png,40,40,Roundabout mandatory,0.9999910593032837,True
Test/06350.png,10,10,No passing for vehicles over 3.5 t,1.0,True
Test/06351.png,13,13,Yield,1.0,True
Test/06352.png,23,23,Slippery road,0.993423581123352,True
Test/06353.png,25,25,Road work,1.0,True
Test/06354.png,5,5,Speed limit 80 km/h,0.9942902326583862,True
Test/06355.png,17,17,No entry,1.0,True
Test/06356.png,26,26,Traffic signals,0.9967926144599915,True
Test/06357.png,1,1,Speed limit 30 km/h,0.9623283743858337,True
Test/06358.png,14,14,Stop,0.9997506737709045,True
Test/06359.png,4,4,Speed limit 70 km/h,0.9953283071517944,True
Test/06360.png,36,36,Go straight or right,0.9996870756149292,True
Test/06361.png,1,1,Speed limit 30 km/h,0.999861478805542,True
Test/06362.png,15,15,No vehicles,0.9999614953994751,True
Test/06363.png,5,5,Speed limit 80 km/h,0.985210120677948,True
Test/06364.png,38,38,Keep right,1.0,True
Test/06365.png,38,38,Keep right,1.0,True
Test/06366.png,40,40,Roundabout mandatory,0.9939870834350586,True
Test/06367.png,4,4,Speed limit 70 km/h,0.9911947250366211,True
Test/06368.png,14,14,Stop,0.9999997615814209,True
Test/06369.png,25,25,Road work,0.9846291542053223,True
Test/06370.png,35,35,Ahead only,1.0,True
Test/06371.png,17,17,No entry,1.0,True
Test/06372.png,5,5,Speed limit 80 km/h,0.9159916043281555,True
Test/06373.png,11,11,Right-of-way at next intersection,0.9999698400497437,True
Test/06374.png,13,13,Yield,1.0,True
Test/06375.png,36,36,Go straight or right,0.9999992847442627,True
Test/06376.png,38,38,Keep right,0.9999992847442627,True
Test/06377.png,13,13,Yield,1.0,True
Test/06378.png,38,38,Keep right,0.9999997615814209,True
Test/06379.png,34,34,Turn left ahead,1.0,True
Test/06380.png,38,38,Keep right,1.0,True
Test/06381.png,4,4,Speed limit 70 km/h,0.9952385425567627,True
Test/06382.png,10,10,No passing for vehicles over 3.5 t,1.0,True
Test/06383.png,8,8,Speed limit 120 km/h,0.9865636825561523,True
Test/06384.png,4,4,Speed limit 70 km/h,0.9998363256454468,True
Test/06385.png,25,25,Road work,1.0,True
Test/06386.png,12,12,Priority road,1.0,True
Test/06387.png,2,2,Speed limit 50 km/h,0.9999998807907104,True
Test/06388.png,13,13,Yield,1.0,True
Test/06389.png,10,10,No passing for vehicles over 3.5 t,1.0,True
Test/06390.png,1,1,Speed limit 30 km/h,0.999997615814209,True
Test/06391.png,25,24,Road narrows on right,0.2939620018005371,False
Test/06392.png,33,33,Turn right ahead,0.9998142123222351,True
Test/06393.png,18,18,General caution,0.9880961179733276,True
Test/06394.png,3,3,Speed limit 60 km/h,0.9983476400375366,True
Test/06395.png,19,19,Dangerous curve left,0.9999996423721313,True
Test/06396.png,10,10,No passing for vehicles over 3.5 t,1.0,True
Test/06397.png,5,5,Speed limit 80 km/h,0.7734087109565735,True
Test/06398.png,1,1,Speed limit 30 km/h,0.9994662404060364,True
Test/06399.png,35,35,Ahead only,1.0,True
Test/06400.png,25,25,Road work,0.9999998807907104,True
Test/06401.png,4,4,Speed limit 70 km/h,0.9999969005584717,True
Test/06402.png,20,20,Dangerous curve right,0.8118506669998169,True
Test/06403.png,3,3,Speed limit 60 km/h,0.9538127779960632,True
Test/06404.png,7,7,Speed limit 100 km/h,0.9965981841087341,True
Test/06405.png,10,2,Speed limit 50 km/h,0.3427584767341614,False
Test/06406.png,17,17,No entry,0.970619797706604,True
Test/06407.png,8,8,Speed limit 120 km/h,0.996955394744873,True
Test/06408.png,4,4,Speed limit 70 km/h,0.9368402361869812,True
Test/06409.png,2,2,Speed limit 50 km/h,0.9985425472259521,True
Test/06410.png,10,10,No passing for vehicles over 3.5 t,1.0,True
Test/06411.png,38,38,Keep right,1.0,True
Test/06412.png,15,15,No vehicles,1.0,True
Test/06413.png,38,38,Keep right,1.0,True
Test/06414.png,31,31,Wild animals crossing,0.999042809009552,True
Test/06415.png,38,38,Keep right,0.9994521737098694,True
Test/06416.png,10,10,No passing for vehicles over 3.5 t,0.9999997615814209,True
Test/06417.png,8,8,Speed limit 120 km/h,0.9984114170074463,True
Test/06418.png,36,38,Keep right,0.6390808820724487,False
Test/06419.png,11,11,Right-of-way at next intersection,0.9999940395355225,True
Test/06420.png,11,11,Right-of-way at next intersection,0.9999849796295166,True
Test/06421.png,0,0,Speed limit 20 km/h,0.7897332310676575,True
Test/06422.png,31,31,Wild animals crossing,0.9722374081611633,True
Test/06423.png,5,5,Speed limit 80 km/h,0.8243994116783142,True
Test/06424.png,4,4,Speed limit 70 km/h,0.9999462366104126,True
Test/06425.png,35,35,Ahead only,0.9995642304420471,True
Test/06426.png,17,17,No entry,1.0,True
Test/06427.png,1,1,Speed limit 30 km/h,0.964674711227417,True
Test/06428.png,7,7,Speed limit 100 km/h,0.9648105502128601,True
Test/06429.png,1,1,Speed limit 30 km/h,0.9917335510253906,True
Test/06430.png,1,1,Speed limit 30 km/h,0.9972516894340515,True
Test/06431.png,1,1,Speed limit 30 km/h,0.9999723434448242,True
Test/06432.png,26,26,Traffic signals,0.9925733804702759,True
Test/06433.png,2,2,Speed limit 50 km/h,0.9532329440116882,True
Test/06434.png,31,28,Children crossing,0.7407650351524353,False
Test/06435.png,5,3,Speed limit 60 km/h,0.8281729817390442,False
Test/06436.png,33,33,Turn right ahead,0.9991058707237244,True
Test/06437.png,31,23,Slippery road,0.5891476273536682,False
Test/06438.png,8,8,Speed limit 120 km/h,0.9426458477973938,True
Test/06439.png,9,9,No passing,0.6379567384719849,True
Test/06440.png,1,1,Speed limit 30 km/h,0.9971815347671509,True
Test/06441.png,37,37,Go straight or left,0.995810866355896,True
Test/06442.png,31,31,Wild animals crossing,0.8343987464904785,True
Test/06443.png,9,9,No passing,0.9999200105667114,True
Test/06444.png,10,10,No passing for vehicles over 3.5 t,0.9756405353546143,True
Test/06445.png,11,11,Right-of-way at next intersection,0.9979715943336487,True
Test/06446.png,1,1,Speed limit 30 km/h,0.9999063014984131,True
Test/06447.png,17,7,Speed limit 100 km/h,0.19314561784267426,False
Test/06448.png,7,7,Speed limit 100 km/h,0.9935927987098694,True
Test/06449.png,4,4,Speed limit 70 km/h,0.9991241097450256,True
Test/06450.png,7,7,Speed limit 100 km/h,0.985276997089386,True
Test/06451.png,5,5,Speed limit 80 km/h,0.9975097179412842,True
Test/06452.png,13,13,Yield,0.9991293549537659,True
Test/06453.png,1,1,Speed limit 30 km/h,0.9996154308319092,True
Test/06454.png,1,1,Speed limit 30 km/h,0.9976956248283386,True
Test/06455.png,1,1,Speed limit 30 km/h,0.9971029162406921,True
Test/06456.png,26,26,Traffic signals,0.9999598264694214,True
Test/06457.png,25,25,Road work,1.0,True
Test/06458.png,30,30,Beware of ice or snow,0.9267018437385559,True
Test/06459.png,14,14,Stop,0.32119220495224,True
Test/06460.png,12,12,Priority road,1.0,True
Test/06461.png,4,4,Speed limit 70 km/h,0.9999996423721313,True
Test/06462.png,31,31,Wild animals crossing,0.9261696934700012,True
Test/06463.png,9,9,No passing,0.9999597072601318,True
Test/06464.png,31,31,Wild animals crossing,0.9025506377220154,True
Test/06465.png,8,8,Speed limit 120 km/h,0.9997664093971252,True
Test/06466.png,2,2,Speed limit 50 km/h,0.7853385806083679,True
Test/06467.png,5,5,Speed limit 80 km/h,0.9732364416122437,True
Test/06468.png,13,13,Yield,1.0,True
Test/06469.png,4,4,Speed limit 70 km/h,0.9913409352302551,True
Test/06470.png,35,35,Ahead only,1.0,True
Test/06471.png,23,23,Slippery road,0.9999910593032837,True
Test/06472.png,34,34,Turn left ahead,1.0,True
Test/06473.png,15,15,No vehicles,0.9999998807907104,True
Test/06474.png,35,35,Ahead only,1.0,True
Test/06475.png,4,4,Speed limit 70 km/h,1.0,True
Test/06476.png,23,23,Slippery road,0.9993886947631836,True
Test/06477.png,31,31,Wild animals crossing,0.9872272610664368,True
Test/06478.png,35,35,Ahead only,0.9810003042221069,True
Test/06479.png,17,17,No entry,1.0,True
Test/06480.png,22,22,Bumpy road,0.9997610449790955,True
Test/06481.png,13,13,Yield,1.0,True
Test/06482.png,1,1,Speed limit 30 km/h,0.9121420979499817,True
Test/06483.png,11,28,Children crossing,0.7660666704177856,False
Test/06484.png,1,1,Speed limit 30 km/h,0.996161937713623,True
Test/06485.png,38,38,Keep right,1.0,True
Test/06486.png,9,9,No passing,1.0,True
Test/06487.png,30,30,Beware of ice or snow,0.8958501219749451,True
Test/06488.png,1,1,Speed limit 30 km/h,0.9966698288917542,True
Test/06489.png,15,15,No vehicles,1.0,True
Test/06490.png,22,22,Bumpy road,0.999818742275238,True
Test/06491.png,34,34,Turn left ahead,1.0,True
Test/06492.png,33,33,Turn right ahead,1.0,True
Test/06493.png,2,2,Speed limit 50 km/h,0.9999998807907104,True
Test/06494.png,2,2,Speed limit 50 km/h,0.9941014647483826,True
Test/06495.png,11,11,Right-of-way at next intersection,0.9999887943267822,True
Test/06496.png,23,29,Bicycles crossing,0.5027846097946167,False
Test/06497.png,38,38,Keep right,1.0,True
Test/06498.png,5,5,Speed limit 80 km/h,0.9768145680427551,True
Test/06499.png,4,4,Speed limit 70 km/h,0.9960570335388184,True
Test/06500.png,35,35,Ahead only,0.9999994039535522,True
Test/06501.png,34,34,Turn left ahead,1.0,True
Test/06502.png,4,8,Speed limit 120 km/h,0.8329514861106873,False
Test/06503.png,33,33,Turn right ahead,0.9968151450157166,True
Test/06504.png,11,11,Right-of-way at next intersection,0.4171415865421295,True
Test/06505.png,9,9,No passing,0.9999909400939941,True
Test/06506.png,20,20,Dangerous curve right,0.9806815981864929,True
Test/06507.png,17,17,No entry,1.0,True
Test/06508.png,11,11,Right-of-way at next intersection,0.9979487061500549,True
Test/06509.png,27,27,Pedestrians,0.2842930257320404,True
Test/06510.png,11,11,Right-of-way at next intersection,0.9992504715919495,True
Test/06511.png,18,18,General caution,0.9821767807006836,True
Test/06512.png,29,29,Bicycles crossing,0.8139793872833252,True
Test/06513.png,38,38,Keep right,1.0,True
Test/06514.png,12,12,Priority road,0.9999092817306519,True
Test/06515.png,38,38,Keep right,1.0,True
Test/06516.png,40,40,Roundabout mandatory,0.9983716607093811,True
Test/06517.png,9,9,No passing,1.0,True
Test/06518.png,0,1,Speed limit 30 km/h,0.6982445120811462,False
Test/06519.png,1,1,Speed limit 30 km/h,0.9999735355377197,True
Test/06520.png,13,13,Yield,1.0,True
Test/06521.png,36,36,Go straight or right,0.9999960660934448,True
Test/06522.png,14,14,Stop,0.9999994039535522,True
Test/06523.png,12,12,Priority road,1.0,True
Test/06524.png,31,31,Wild animals crossing,0.9160311222076416,True
Test/06525.png,3,3,Speed limit 60 km/h,0.9874256253242493,True
Test/06526.png,12,12,Priority road,1.0,True
Test/06527.png,38,38,Keep right,0.9999982118606567,True
Test/06528.png,24,24,Road narrows on right,0.983737051486969,True
Test/06529.png,30,29,Bicycles crossing,0.733474850654602,False
Test/06530.png,22,22,Bumpy road,0.9429699778556824,True
Test/06531.png,4,4,Speed limit 70 km/h,0.9999475479125977,True
Test/06532.png,18,18,General caution,0.9950094223022461,True
Test/06533.png,10,10,No passing for vehicles over 3.5 t,0.9999995231628418,True
Test/06534.png,11,11,Right-of-way at next intersection,0.9999934434890747,True
Test/06535.png,2,2,Speed limit 50 km/h,0.975067138671875,True
Test/06536.png,2,2,Speed limit 50 km/h,0.9999998807907104,True
Test/06537.png,38,38,Keep right,0.9716188311576843,True
Test/06538.png,13,13,Yield,1.0,True
Test/06539.png,35,35,Ahead only,1.0,True
Test/06540.png,2,2,Speed limit 50 km/h,1.0,True
Test/06541.png,16,16,Vehicles over 3.5 t prohibited,0.999995231628418,True
Test/06542.png,17,17,No entry,1.0,True
Test/06543.png,38,38,Keep right,1.0,True
Test/06544.png,41,41,End of no passing,0.6172059178352356,True
Test/06545.png,8,4,Speed limit 70 km/h,0.9755018949508667,False
Test/06546.png,33,33,Turn right ahead,1.0,True
Test/06547.png,22,22,Bumpy road,0.9967560172080994,True
Test/06548.png,12,12,Priority road,1.0,True
Test/06549.png,38,38,Keep right,1.0,True
Test/06550.png,18,26,Traffic signals,0.8667505979537964,False
Test/06551.png,2,2,Speed limit 50 km/h,1.0,True
Test/06552.png,31,31,Wild animals crossing,0.9570661187171936,True
Test/06553.png,5,5,Speed limit 80 km/h,0.7746221423149109,True
Test/06554.png,35,35,Ahead only,1.0,True
Test/06555.png,7,7,Speed limit 100 km/h,0.5579169392585754,True
Test/06556.png,5,5,Speed limit 80 km/h,0.9897357225418091,True
Test/06557.png,8,8,Speed limit 120 km/h,0.9741301536560059,True
Test/06558.png,10,10,No passing for vehicles over 3.5 t,0.9993026256561279,True
Test/06559.png,4,4,Speed limit 70 km/h,0.995072066783905,True
Test/06560.png,33,33,Turn right ahead,0.9998257756233215,True
Test/06561.png,17,17,No entry,1.0,True
Test/06562.png,35,35,Ahead only,0.9994692206382751,True
Test/06563.png,5,1,Speed limit 30 km/h,0.8988416790962219,False
Test/06564.png,14,14,Stop,1.0,True
Test/06565.png,9,9,No passing,1.0,True
Test/06566.png,4,4,Speed limit 70 km/h,0.9999405145645142,True
Test/06567.png,5,5,Speed limit 80 km/h,0.9716796875,True
Test/06568.png,25,25,Road work,1.0,True
Test/06569.png,28,28,Children crossing,0.9999951124191284,True
Test/06570.png,26,26,Traffic signals,0.9971333742141724,True
Test/06571.png,13,13,Yield,1.0,True
Test/06572.png,9,9,No passing,1.0,True
Test/06573.png,13,13,Yield,1.0,True
Test/06574.png,2,2,Speed limit 50 km/h,0.9952297210693359,True
Test/06575.png,2,2,Speed limit 50 km/h,0.9859426617622375,True
Test/06576.png,38,38,Keep right,0.9995912909507751,True
Test/06577.png,1,1,Speed limit 30 km/h,0.9938429594039917,True
Test/06578.png,9,9,No passing,1.0,True
Test/06579.png,11,11,Right-of-way at next intersection,1.0,True
Test/06580.png,8,8,Speed limit 120 km/h,0.9096155166625977,True
Test/06581.png,13,13,Yield,1.0,True
Test/06582.png,10,10,No passing for vehicles over 3.5 t,0.9999945163726807,True
Test/06583.png,7,7,Speed limit 100 km/h,0.999065101146698,True
Test/06584.png,15,15,No vehicles,0.9999991655349731,True
Test/06585.png,10,10,No passing for vehicles over 3.5 t,1.0,True
Test/06586.png,2,2,Speed limit 50 km/h,0.9999998807907104,True
Test/06587.png,11,11,Right-of-way at next intersection,0.999997615814209,True
Test/06588.png,5,3,Speed limit 60 km/h,0.9235057234764099,False
Test/06589.png,17,17,No entry,1.0,True
Test/06590.png,11,11,Right-of-way at next intersection,0.9999997615814209,True
Test/06591.png,10,10,No passing for vehicles over 3.5 t,0.9999997615814209,True
Test/06592.png,3,1,Speed limit 30 km/h,0.8006420731544495,False
Test/06593.png,9,9,No passing,1.0,True
Test/06594.png,10,10,No passing for vehicles over 3.5 t,0.9999994039535522,True
Test/06595.png,7,7,Speed limit 100 km/h,0.9910851120948792,True
Test/06596.png,5,1,Speed limit 30 km/h,0.6924265027046204,False
Test/06597.png,4,4,Speed limit 70 km/h,0.9999997615814209,True
Test/06598.png,5,5,Speed limit 80 km/h,0.990718424320221,True
Test/06599.png,8,8,Speed limit 120 km/h,0.6352762579917908,True
Test/06600.png,5,8,Speed limit 120 km/h,0.6854577660560608,False
Test/06601.png,8,5,Speed limit 80 km/h,0.9795280694961548,False
Test/06602.png,6,6,End of speed limit 80 km/h,0.9862073659896851,True
Test/06603.png,30,30,Beware of ice or snow,0.4928157925605774,True
Test/06604.png,33,33,Turn right ahead,0.9999057054519653,True
Test/06605.png,2,2,Speed limit 50 km/h,0.9769002199172974,True
Test/06606.png,35,35,Ahead only,1.0,True
Test/06607.png,5,5,Speed limit 80 km/h,0.9803674221038818,True
Test/06608.png,10,10,No passing for vehicles over 3.5 t,1.0,True
Test/06609.png,12,12,Priority road,1.0,True
Test/06610.png,12,12,Priority road,1.0,True
Test/06611.png,22,22,Bumpy road,0.9997085928916931,True
Test/06612.png,27,27,Pedestrians,0.3444969356060028,True
Test/06613.png,3,5,Speed limit 80 km/h,0.8038167357444763,False
Test/06614.png,5,5,Speed limit 80 km/h,0.9910430908203125,True
Test/06615.png,9,9,No passing,0.9998546838760376,True
Test/06616.png,42,42,End of no passing for vehicles over 3.5 t,0.4622735381126404,True
Test/06617.png,33,33,Turn right ahead,1.0,True
Test/06618.png,10,10,No passing for vehicles over 3.5 t,1.0,True
Test/06619.png,8,8,Speed limit 120 km/h,0.9997381567955017,True
Test/06620.png,9,9,No passing,1.0,True
Test/06621.png,12,12,Priority road,1.0,True
Test/06622.png,38,38,Keep right,1.0,True
Test/06623.png,22,22,Bumpy road,0.9999934434890747,True
Test/06624.png,2,2,Speed limit 50 km/h,1.0,True
Test/06625.png,38,38,Keep right,1.0,True
Test/06626.png,38,38,Keep right,0.9656062722206116,True
Test/06627.png,1,1,Speed limit 30 km/h,0.9990586638450623,True
Test/06628.png,12,12,Priority road,0.9971964359283447,True
Test/06629.png,7,7,Speed limit 100 km/h,0.9804257750511169,True
Test/06630.png,18,18,General caution,0.9959521293640137,True
Test/06631.png,1,1,Speed limit 30 km/h,0.9946426153182983,True
Test/06632.png,24,24,Road narrows on right,0.9364796280860901,True
Test/06633.png,19,19,Dangerous curve left,0.9764626622200012,True
Test/06634.png,13,13,Yield,1.0,True
Test/06635.png,23,23,Slippery road,0.9972977042198181,True
Test/06636.png,18,18,General caution,0.9993897676467896,True
Test/06637.png,13,13,Yield,1.0,True
Test/06638.png,5,5,Speed limit 80 km/h,0.9940285682678223,True
Test/06639.png,0,0,Speed limit 20 km/h,0.7883978486061096,True
Test/06640.png,10,10,No passing for vehicles over 3.5 t,1.0,True
Test/06641.png,20,20,Dangerous curve right,0.9649089574813843,True
Test/06642.png,11,11,Right-of-way at next intersection,0.9999947547912598,True
Test/06643.png,11,11,Right-of-way at next intersection,0.5818240642547607,True
Test/06644.png,23,20,Dangerous curve right,0.39759361743927,False
Test/06645.png,21,21,Double curve,0.9802811741828918,True
Test/06646.png,18,18,General caution,0.9539588689804077,True
Test/06647.png,35,35,Ahead only,0.9988166093826294,True
Test/06648.png,38,38,Keep right,0.9999998807907104,True
Test/06649.png,4,4,Speed limit 70 km/h,0.9996211528778076,True
Test/06650.png,10,10,No passing for vehicles over 3.5 t,0.9999996423721313,True
Test/06651.png,26,26,Traffic signals,0.9999997615814209,True
Test/06652.png,38,38,Keep right,0.9999892711639404,True
Test/06653.png,18,18,General caution,0.9771559238433838,True
Test/06654.png,2,2,Speed limit 50 km/h,0.9998316764831543,True
Test/06655.png,9,9,No passing,0.9999947547912598,True
Test/06656.png,25,25,Road work,0.9984763264656067,True
Test/06657.png,33,33,Turn right ahead,0.9999986886978149,True
Test/06658.png,30,30,Beware of ice or snow,0.9691928029060364,True
Test/06659.png,25,25,Road work,0.9999943971633911,True
Test/06660.png,12,12,Priority road,1.0,True
Test/06661.png,12,12,Priority road,1.0,True
Test/06662.png,2,2,Speed limit 50 km/h,0.9999998807907104,True
Test/06663.png,9,9,No passing,1.0,True
Test/06664.png,4,4,Speed limit 70 km/h,0.9987102746963501,True
Test/06665.png,34,34,Turn left ahead,0.9999911785125732,True
Test/06666.png,11,11,Right-of-way at next intersection,0.9976673126220703,True
Test/06667.png,4,4,Speed limit 70 km/h,0.999685525894165,True
Test/06668.png,42,42,End of no passing for vehicles over 3.5 t,0.9989306330680847,True
Test/06669.png,36,36,Go straight or right,0.9999971389770508,True
Test/06670.png,4,4,Speed limit 70 km/h,0.9995922446250916,True
Test/06671.png,12,12,Priority road,0.9999912977218628,True
Test/06672.png,3,3,Speed limit 60 km/h,0.9982346296310425,True
Test/06673.png,9,9,No passing,1.0,True
Test/06674.png,38,38,Keep right,0.9999314546585083,True
Test/06675.png,37,37,Go straight or left,0.9859524965286255,True
Test/06676.png,12,12,Priority road,0.9999840259552002,True
Test/06677.png,25,25,Road work,0.9999991655349731,True
Test/06678.png,33,33,Turn right ahead,0.9999979734420776,True
Test/06679.png,25,25,Road work,1.0,True
Test/06680.png,10,10,No passing for vehicles over 3.5 t,0.9999998807907104,True
Test/06681.png,9,9,No passing,1.0,True
Test/06682.png,13,13,Yield,1.0,True
Test/06683.png,38,38,Keep right,1.0,True
Test/06684.png,11,11,Right-of-way at next intersection,0.8324962258338928,True
Test/06685.png,1,1,Speed limit 30 km/h,0.9310202598571777,True
Test/06686.png,9,9,No passing,1.0,True
Test/06687.png,20,20,Dangerous curve right,0.9854511022567749,True
Test/06688.png,38,38,Keep right,1.0,True
Test/06689.png,37,37,Go straight or left,0.5386067032814026,True
Test/06690.png,18,18,General caution,0.9943416118621826,True
Test/06691.png,10,10,No passing for vehicles over 3.5 t,1.0,True
Test/06692.png,42,42,End of no passing for vehicles over 3.5 t,0.999580442905426,True
Test/06693.png,41,41,End of no passing,0.7034191489219666,True
Test/06694.png,17,17,No entry,0.9999358654022217,True
Test/06695.png,33,33,Turn right ahead,0.9999499320983887,True
Test/06696.png,37,37,Go straight or left,0.9981622099876404,True
Test/06697.png,25,25,Road work,0.999997615814209,True
Test/06698.png,34,34,Turn left ahead,1.0,True
Test/06699.png,38,38,Keep right,0.9998224377632141,True
Test/06700.png,2,2,Speed limit 50 km/h,0.8621952533721924,True
Test/06701.png,15,15,No vehicles,1.0,True
Test/06702.png,20,20,Dangerous curve right,0.9925481677055359,True
Test/06703.png,3,3,Speed limit 60 km/h,0.95095294713974,True
Test/06704.png,33,33,Turn right ahead,0.9521231651306152,True
Test/06705.png,10,10,No passing for vehicles over 3.5 t,1.0,True
Test/06706.png,9,9,No passing,0.9998776912689209,True
Test/06707.png,1,1,Speed limit 30 km/h,0.9997166991233826,True
Test/06708.png,42,42,End of no passing for vehicles over 3.5 t,0.8903636932373047,True
Test/06709.png,25,25,Road work,0.9999998807907104,True
Test/06710.png,12,13,Yield,0.5174188613891602,False
Test/06711.png,8,8,Speed limit 120 km/h,0.9997609257698059,True
Test/06712.png,38,38,Keep right,1.0,True
Test/06713.png,4,4,Speed limit 70 km/h,0.9966824650764465,True
Test/06714.png,17,17,No entry,1.0,True
Test/06715.png,36,36,Go straight or right,0.9982675313949585,True
Test/06716.png,13,13,Yield,1.0,True
Test/06717.png,18,18,General caution,0.3878663182258606,True
Test/06718.png,18,18,General caution,0.9721216559410095,True
Test/06719.png,14,14,Stop,0.9999998807907104,True
Test/06720.png,10,10,No passing for vehicles over 3.5 t,0.9999998807907104,True
Test/06721.png,1,1,Speed limit 30 km/h,0.9996243715286255,True
Test/06722.png,5,5,Speed limit 80 km/h,0.9992271661758423,True
Test/06723.png,23,23,Slippery road,0.990193784236908,True
Test/06724.png,12,12,Priority road,0.9980521202087402,True
Test/06725.png,12,12,Priority road,1.0,True
Test/06726.png,16,16,Vehicles over 3.5 t prohibited,0.9999998807907104,True
Test/06727.png,2,2,Speed limit 50 km/h,0.9796268939971924,True
Test/06728.png,13,13,Yield,1.0,True
Test/06729.png,37,37,Go straight or left,0.9936473965644836,True
Test/06730.png,10,10,No passing for vehicles over 3.5 t,1.0,True
Test/06731.png,26,26,Traffic signals,0.978807806968689,True
Test/06732.png,35,35,Ahead only,0.4347994327545166,True
Test/06733.png,2,2,Speed limit 50 km/h,0.9990414977073669,True
Test/06734.png,2,2,Speed limit 50 km/h,0.9999982118606567,True
Test/06735.png,12,12,Priority road,1.0,True
Test/06736.png,10,10,No passing for vehicles over 3.5 t,1.0,True
Test/06737.png,1,8,Speed limit 120 km/h,0.651038646697998,False
Test/06738.png,25,25,Road work,0.9999997615814209,True
Test/06739.png,25,24,Road narrows on right,0.6516478061676025,False
Test/06740.png,18,18,General caution,0.9522045850753784,True
Test/06741.png,2,2,Speed limit 50 km/h,0.9999170303344727,True
Test/06742.png,9,9,No passing,1.0,True
Test/06743.png,13,13,Yield,1.0,True
Test/06744.png,26,26,Traffic signals,0.9999959468841553,True
Test/06745.png,18,18,General caution,0.7690044641494751,True
Test/06746.png,12,12,Priority road,1.0,True
Test/06747.png,35,35,Ahead only,0.9999996423721313,True
Test/06748.png,13,13,Yield,1.0,True
Test/06749.png,25,25,Road work,1.0,True
Test/06750.png,4,4,Speed limit 70 km/h,0.9999901056289673,True
Test/06751.png,34,34,Turn left ahead,1.0,True
Test/06752.png,10,10,No passing for vehicles over 3.5 t,1.0,True
Test/06753.png,1,1,Speed limit 30 km/h,0.9999775886535645,True
Test/06754.png,12,12,Priority road,0.9999967813491821,True
Test/06755.png,10,10,No passing for vehicles over 3.5 t,0.7535298466682434,True
Test/06756.png,25,25,Road work,0.9999998807907104,True
Test/06757.png,3,3,Speed limit 60 km/h,0.9999873638153076,True
Test/06758.png,29,29,Bicycles crossing,0.9796454310417175,True
Test/06759.png,1,1,Speed limit 30 km/h,0.998863697052002,True
Test/06760.png,2,2,Speed limit 50 km/h,0.9989542961120605,True
Test/06761.png,35,35,Ahead only,1.0,True
Test/06762.png,9,9,No passing,0.9999998807907104,True
Test/06763.png,7,7,Speed limit 100 km/h,0.9995489716529846,True
Test/06764.png,10,10,No passing for vehicles over 3.5 t,1.0,True
Test/06765.png,10,10,No passing for vehicles over 3.5 t,1.0,True
Test/06766.png,18,21,Double curve,0.4297873377799988,False
Test/06767.png,8,8,Speed limit 120 km/h,0.9967392086982727,True
Test/06768.png,24,28,Children crossing,0.8737500905990601,False
Test/06769.png,10,10,No passing for vehicles over 3.5 t,0.9999974966049194,True
Test/06770.png,25,25,Road work,1.0,True
Test/06771.png,13,13,Yield,0.9999966621398926,True
Test/06772.png,4,4,Speed limit 70 km/h,0.9999383687973022,True
Test/06773.png,13,13,Yield,1.0,True
Test/06774.png,25,25,Road work,1.0,True
Test/06775.png,12,12,Priority road,1.0,True
Test/06776.png,3,3,Speed limit 60 km/h,0.9990563988685608,True
Test/06777.png,4,4,Speed limit 70 km/h,1.0,True
Test/06778.png,39,39,Keep left,0.9106894135475159,True
Test/06779.png,14,14,Stop,0.9999879598617554,True
Test/06780.png,10,10,No passing for vehicles over 3.5 t,1.0,True
Test/06781.png,38,38,Keep right,1.0,True
Test/06782.png,3,3,Speed limit 60 km/h,0.7927945256233215,True
Test/06783.png,33,33,Turn right ahead,1.0,True
Test/06784.png,12,12,Priority road,1.0,True
Test/06785.png,14,14,Stop,0.9999980926513672,True
Test/06786.png,31,31,Wild animals crossing,0.9921053647994995,True
Test/06787.png,24,24,Road narrows on right,0.48154112696647644,True
Test/06788.png,26,26,Traffic signals,0.9993212223052979,True
Test/06789.png,8,8,Speed limit 120 km/h,0.9702116250991821,True
Test/06790.png,25,25,Road work,1.0,True
Test/06791.png,24,24,Road narrows on right,0.9841190576553345,True
Test/06792.png,31,31,Wild animals crossing,0.9987144470214844,True
Test/06793.png,2,2,Speed limit 50 km/h,0.8465999364852905,True
Test/06794.png,2,2,Speed limit 50 km/h,0.99998939037323,True
Test/06795.png,4,4,Speed limit 70 km/h,0.9997062087059021,True
Test/06796.png,14,14,Stop,1.0,True
Test/06797.png,1,1,Speed limit 30 km/h,0.9999648332595825,True
Test/06798.png,2,2,Speed limit 50 km/h,1.0,True
Test/06799.png,31,31,Wild animals crossing,0.9596105217933655,True
Test/06800.png,37,37,Go straight or left,0.9919148683547974,True
Test/06801.png,17,17,No entry,1.0,True
Test/06802.png,25,25,Road work,1.0,True
Test/06803.png,1,1,Speed limit 30 km/h,0.997162401676178,True
Test/06804.png,9,9,No passing,1.0,True
Test/06805.png,22,22,Bumpy road,0.9996519088745117,True
Test/06806.png,38,38,Keep right,1.0,True
Test/06807.png,12,12,Priority road,1.0,True
Test/06808.png,38,38,Keep right,0.9999998807907104,True
Test/06809.png,9,9,No passing,0.9999735355377197,True
Test/06810.png,13,13,Yield,0.9394136667251587,True
Test/06811.png,1,1,Speed limit 30 km/h,0.9576174020767212,True
Test/06812.png,5,5,Speed limit 80 km/h,0.984339714050293,True
Test/06813.png,6,6,End of speed limit 80 km/h,0.8865475654602051,True
Test/06814.png,38,38,Keep right,0.9628951549530029,True
Test/06815.png,1,1,Speed limit 30 km/h,0.9970878958702087,True
Test/06816.png,26,26,Traffic signals,0.9999996423721313,True
Test/06817.png,5,5,Speed limit 80 km/h,0.9782751798629761,True
Test/06818.png,17,17,No entry,1.0,True
Test/06819.png,23,23,Slippery road,0.9999628067016602,True
Test/06820.png,9,3,Speed limit 60 km/h,0.9570004940032959,False
Test/06821.png,9,9,No passing,0.9999935626983643,True
Test/06822.png,35,35,Ahead only,1.0,True
Test/06823.png,2,2,Speed limit 50 km/h,0.9911512732505798,True
Test/06824.png,4,4,Speed limit 70 km/h,0.9996465444564819,True
Test/06825.png,1,1,Speed limit 30 km/h,0.9998167157173157,True
Test/06826.png,25,25,Road work,1.0,True
Test/06827.png,16,16,Vehicles over 3.5 t prohibited,0.9999998807907104,True
Test/06828.png,5,2,Speed limit 50 km/h,0.369636595249176,False
Test/06829.png,3,3,Speed limit 60 km/h,0.997346043586731,True
Test/06830.png,12,12,Priority road,1.0,True
Test/06831.png,1,1,Speed limit 30 km/h,0.9994766116142273,True
Test/06832.png,5,1,Speed limit 30 km/h,0.9538290500640869,False
Test/06833.png,2,2,Speed limit 50 km/h,1.0,True
Test/06834.png,12,12,Priority road,1.0,True
Test/06835.png,38,38,Keep right,1.0,True
Test/06836.png,30,30,Beware of ice or snow,0.9823155999183655,True
Test/06837.png,1,1,Speed limit 30 km/h,0.9999969005584717,True
Test/06838.png,18,18,General caution,0.9395123720169067,True
Test/06839.png,38,38,Keep right,1.0,True
Test/06840.png,2,2,Speed limit 50 km/h,0.9999288320541382,True
Test/06841.png,2,2,Speed limit 50 km/h,0.9256623983383179,True
Test/06842.png,12,12,Priority road,1.0,True
Test/06843.png,17,17,No entry,1.0,True
Test/06844.png,33,33,Turn right ahead,0.9999998807907104,True
Test/06845.png,1,1,Speed limit 30 km/h,0.9999960660934448,True
Test/06846.png,28,28,Children crossing,0.9757490158081055,True
Test/06847.png,1,1,Speed limit 30 km/h,0.9996308088302612,True
Test/06848.png,17,1,Speed limit 30 km/h,0.22522345185279846,False
Test/06849.png,5,5,Speed limit 80 km/h,0.9918964505195618,True
Test/06850.png,9,9,No passing,0.9999998807907104,True
Test/06851.png,35,35,Ahead only,1.0,True
Test/06852.png,38,38,Keep right,1.0,True
Test/06853.png,3,3,Speed limit 60 km/h,0.9960326552391052,True
Test/06854.png,0,1,Speed limit 30 km/h,0.5951446294784546,False
Test/06855.png,1,1,Speed limit 30 km/h,0.9868436455726624,True
Test/06856.png,12,12,Priority road,1.0,True
Test/06857.png,2,2,Speed limit 50 km/h,0.9964030981063843,True
Test/06858.png,18,18,General caution,0.9957401752471924,True
Test/06859.png,25,25,Road work,0.9999606609344482,True
Test/06860.png,13,13,Yield,1.0,True
Test/06861.png,17,17,No entry,1.0,True
Test/06862.png,39,33,Turn right ahead,0.35457202792167664,False
Test/06863.png,35,35,Ahead only,1.0,True
Test/06864.png,5,5,Speed limit 80 km/h,0.7414149045944214,True
Test/06865.png,17,17,No entry,0.9999951124191284,True
Test/06866.png,3,3,Speed limit 60 km/h,0.9977207779884338,True
Test/06867.png,12,12,Priority road,1.0,True
Test/06868.png,31,31,Wild animals crossing,0.5027826428413391,True
Test/06869.png,5,5,Speed limit 80 km/h,0.999788224697113,True
Test/06870.png,17,9,No passing,0.6754553318023682,False
Test/06871.png,26,26,Traffic signals,0.9999823570251465,True
Test/06872.png,36,36,Go straight or right,0.9953670501708984,True
Test/06873.png,5,1,Speed limit 30 km/h,0.9944970011711121,False
Test/06874.png,3,5,Speed limit 80 km/h,0.5961248874664307,False
Test/06875.png,38,38,Keep right,0.9999516010284424,True
Test/06876.png,12,12,Priority road,1.0,True
Test/06877.png,2,2,Speed limit 50 km/h,0.999933123588562,True
Test/06878.png,18,18,General caution,0.3841947615146637,True
Test/06879.png,14,14,Stop,0.9999909400939941,True
Test/06880.png,2,4,Speed limit 70 km/h,0.6294874548912048,False
Test/06881.png,35,35,Ahead only,0.981270432472229,True
Test/06882.png,9,9,No passing,1.0,True
Test/06883.png,5,8,Speed limit 120 km/h,0.5675263404846191,False
Test/06884.png,31,31,Wild animals crossing,0.6759091019630432,True
Test/06885.png,12,12,Priority road,0.9999986886978149,True
Test/06886.png,1,1,Speed limit 30 km/h,0.9172148704528809,True
Test/06887.png,38,38,Keep right,0.9998489618301392,True
Test/06888.png,7,7,Speed limit 100 km/h,0.8830668330192566,True
Test/06889.png,9,9,No passing,0.9997636675834656,True
Test/06890.png,11,11,Right-of-way at next intersection,1.0,True
Test/06891.png,12,12,Priority road,1.0,True
Test/06892.png,25,25,Road work,1.0,True
Test/06893.png,25,25,Road work,0.9479708075523376,True
Test/06894.png,40,40,Roundabout mandatory,0.9700174331665039,True
Test/06895.png,35,35,Ahead only,0.9991452693939209,True
Test/06896.png,4,4,Speed limit 70 km/h,0.9996058344841003,True
Test/06897.png,18,18,General caution,0.9992333650588989,True
Test/06898.png,18,18,General caution,0.8134966492652893,True
Test/06899.png,32,32,End of all speed and passing limits,0.8881845474243164,True
Test/06900.png,35,35,Ahead only,0.995997428894043,True
Test/06901.png,22,22,Bumpy road,0.4271663427352905,True
Test/06902.png,1,1,Speed limit 30 km/h,0.9989066123962402,True
Test/06903.png,1,1,Speed limit 30 km/h,0.9999985694885254,True
Test/06904.png,12,12,Priority road,1.0,True
Test/06905.png,2,2,Speed limit 50 km/h,0.9999147653579712,True
Test/06906.png,4,4,Speed limit 70 km/h,0.9999617338180542,True
Test/06907.png,5,5,Speed limit 80 km/h,0.693368673324585,True
Test/06908.png,11,11,Right-of-way at next intersection,0.9822445511817932,True
Test/06909.png,12,12,Priority road,0.9999430179595947,True
Test/06910.png,7,8,Speed limit 120 km/h,0.6586767435073853,False
Test/06911.png,10,10,No passing for vehicles over 3.5 t,0.9999985694885254,True
Test/06912.png,5,7,Speed limit 100 km/h,0.6219797730445862,False
Test/06913.png,23,23,Slippery road,0.49468979239463806,True
Test/06914.png,3,3,Speed limit 60 km/h,0.6527023315429688,True
Test/06915.png,10,10,No passing for vehicles over 3.5 t,1.0,True
Test/06916.png,33,33,Turn right ahead,1.0,True
Test/06917.png,26,26,Traffic signals,0.999968409538269,True
Test/06918.png,13,13,Yield,1.0,True
Test/06919.png,1,1,Speed limit 30 km/h,0.5485711693763733,True
Test/06920.png,24,24,Road narrows on right,0.5202147364616394,True
Test/06921.png,36,36,Go straight or right,0.9995366334915161,True
Test/06922.png,17,7,Speed limit 100 km/h,0.2775271534919739,False
Test/06923.png,7,5,Speed limit 80 km/h,0.5808168649673462,False
Test/06924.png,2,2,Speed limit 50 km/h,0.9591571092605591,True
Test/06925.png,5,3,Speed limit 60 km/h,0.7027091979980469,False
Test/06926.png,2,2,Speed limit 50 km/h,0.9829081296920776,True
Test/06927.png,5,1,Speed limit 30 km/h,0.972842276096344,False
Test/06928.png,2,2,Speed limit 50 km/h,1.0,True
Test/06929.png,13,13,Yield,1.0,True
Test/06930.png,7,7,Speed limit 100 km/h,0.9619507789611816,True
Test/06931.png,33,33,Turn right ahead,0.9999998807907104,True
Test/06932.png,28,28,Children crossing,0.999996542930603,True
Test/06933.png,5,5,Speed limit 80 km/h,0.9108118414878845,True
Test/06934.png,13,13,Yield,1.0,True
Test/06935.png,4,4,Speed limit 70 km/h,0.9998304843902588,True
Test/06936.png,1,1,Speed limit 30 km/h,0.8842577338218689,True
Test/06937.png,10,10,No passing for vehicles over 3.5 t,1.0,True
Test/06938.png,18,18,General caution,0.9576160907745361,True
Test/06939.png,42,42,End of no passing for vehicles over 3.5 t,0.979988694190979,True
Test/06940.png,38,38,Keep right,1.0,True
Test/06941.png,25,25,Road work,0.9999997615814209,True
Test/06942.png,5,5,Speed limit 80 km/h,0.9959560036659241,True
Test/06943.png,11,11,Right-of-way at next intersection,0.9062204360961914,True
Test/06944.png,7,7,Speed limit 100 km/h,0.8907090425491333,True
Test/06945.png,2,2,Speed limit 50 km/h,0.9999986886978149,True
Test/06946.png,0,1,Speed limit 30 km/h,0.863346517086029,False
Test/06947.png,12,12,Priority road,1.0,True
Test/06948.png,42,42,End of no passing for vehicles over 3.5 t,0.9915336966514587,True
Test/06949.png,1,1,Speed limit 30 km/h,0.998593270778656,True
Test/06950.png,9,9,No passing,1.0,True
Test/06951.png,35,35,Ahead only,0.9969359636306763,True
Test/06952.png,17,17,No entry,0.9977166652679443,True
Test/06953.png,13,13,Yield,1.0,True
Test/06954.png,31,20,Dangerous curve right,0.43395665287971497,False
Test/06955.png,8,8,Speed limit 120 km/h,0.993259847164154,True
Test/06956.png,38,38,Keep right,1.0,True
Test/06957.png,3,3,Speed limit 60 km/h,0.9407599568367004,True
Test/06958.png,39,39,Keep left,0.9999812841415405,True
Test/06959.png,9,9,No passing,0.9997238516807556,True
Test/06960.png,17,17,No entry,0.9995920062065125,True
Test/06961.png,11,11,Right-of-way at next intersection,0.9999735355377197,True
Test/06962.png,38,38,Keep right,0.9999997615814209,True
Test/06963.png,8,8,Speed limit 120 km/h,0.9993614554405212,True
Test/06964.png,18,18,General caution,0.9902837872505188,True
Test/06965.png,8,8,Speed limit 120 km/h,0.9996060729026794,True
Test/06966.png,23,23,Slippery road,0.9999734163284302,True
Test/06967.png,25,25,Road work,1.0,True
Test/06968.png,18,18,General caution,0.37118053436279297,True
Test/06969.png,35,35,Ahead only,0.9996545314788818,True
Test/06970.png,10,10,No passing for vehicles over 3.5 t,0.9999998807907104,True
Test/06971.png,38,38,Keep right,0.9997912049293518,True
Test/06972.png,6,6,End of speed limit 80 km/h,0.9032286405563354,True
Test/06973.png,1,1,Speed limit 30 km/h,0.9999890327453613,True
Test/06974.png,28,28,Children crossing,0.9941936135292053,True
Test/06975.png,12,12,Priority road,1.0,True
Test/06976.png,38,38,Keep right,0.9990297555923462,True
Test/06977.png,35,35,Ahead only,0.9997331500053406,True
Test/06978.png,12,12,Priority road,1.0,True
Test/06979.png,14,14,Stop,0.9999992847442627,True
Test/06980.png,22,20,Dangerous curve right,0.3800971210002899,False
Test/06981.png,16,16,Vehicles over 3.5 t prohibited,0.9999798536300659,True
Test/06982.png,18,18,General caution,0.9956183433532715,True
Test/06983.png,5,5,Speed limit 80 km/h,0.8749799728393555,True
Test/06984.png,5,5,Speed limit 80 km/h,0.9205801486968994,True
Test/06985.png,14,14,Stop,1.0,True
Test/06986.png,29,29,Bicycles crossing,0.9996427297592163,True
Test/06987.png,17,17,No entry,1.0,True
Test/06988.png,2,2,Speed limit 50 km/h,0.9213772416114807,True
Test/06989.png,1,1,Speed limit 30 km/h,0.9913085699081421,True
Test/06990.png,2,2,Speed limit 50 km/h,0.9944639801979065,True
Test/06991.png,25,25,Road work,0.9999387264251709,True
Test/06992.png,26,26,Traffic signals,0.9999806880950928,True
Test/06993.png,5,5,Speed limit 80 km/h,0.9919524788856506,True
Test/06994.png,13,13,Yield,1.0,True
Test/06995.png,35,35,Ahead only,0.9987045526504517,True
Test/06996.png,18,18,General caution,0.663270115852356,True
Test/06997.png,11,11,Right-of-way at next intersection,0.9995755553245544,True
Test/06998.png,8,8,Speed limit 120 km/h,0.9973976612091064,True
Test/06999.png,15,15,No vehicles,0.9999985694885254,True
Test/07000.png,9,9,No passing,0.9999886751174927,True
Test/07001.png,8,8,Speed limit 120 km/h,0.9814524054527283,True
Test/07002.png,12,12,Priority road,0.9999996423721313,True
Test/07003.png,7,1,Speed limit 30 km/h,0.4639524817466736,False
Test/07004.png,1,1,Speed limit 30 km/h,0.9992204904556274,True
Test/07005.png,42,42,End of no passing for vehicles over 3.5 t,0.9614839553833008,True
Test/07006.png,2,2,Speed limit 50 km/h,0.6410980820655823,True
Test/07007.png,17,17,No entry,1.0,True
Test/07008.png,35,35,Ahead only,1.0,True
Test/07009.png,1,1,Speed limit 30 km/h,0.999529242515564,True
Test/07010.png,19,19,Dangerous curve left,0.9342750310897827,True
Test/07011.png,10,10,No passing for vehicles over 3.5 t,1.0,True
Test/07012.png,12,12,Priority road,1.0,True
Test/07013.png,4,4,Speed limit 70 km/h,1.0,True
Test/07014.png,35,35,Ahead only,1.0,True
Test/07015.png,38,38,Keep right,1.0,True
Test/07016.png,34,34,Turn left ahead,0.9999860525131226,True
Test/07017.png,4,4,Speed limit 70 km/h,0.9938579201698303,True
Test/07018.png,9,9,No passing,0.9980497360229492,True
Test/07019.png,8,8,Speed limit 120 km/h,0.779564380645752,True
Test/07020.png,26,26,Traffic signals,0.9997865557670593,True
Test/07021.png,4,4,Speed limit 70 km/h,0.9872283935546875,True
Test/07022.png,9,9,No passing,0.999894380569458,True
Test/07023.png,10,10,No passing for vehicles over 3.5 t,1.0,True
Test/07024.png,10,10,No passing for vehicles over 3.5 t,0.9995724558830261,True
Test/07025.png,10,10,No passing for vehicles over 3.5 t,1.0,True
Test/07026.png,17,17,No entry,1.0,True
Test/07027.png,24,24,Road narrows on right,0.9987637996673584,True
Test/07028.png,35,35,Ahead only,0.9999985694885254,True
Test/07029.png,7,8,Speed limit 120 km/h,0.5130287408828735,False
Test/07030.png,25,25,Road work,0.9999830722808838,True
Test/07031.png,13,13,Yield,1.0,True
Test/07032.png,4,4,Speed limit 70 km/h,0.9992132186889648,True
Test/07033.png,5,5,Speed limit 80 km/h,0.9996881484985352,True
Test/07034.png,31,20,Dangerous curve right,0.73873370885849,False
Test/07035.png,18,18,General caution,0.931151807308197,True
Test/07036.png,12,12,Priority road,0.9999884366989136,True
Test/07037.png,8,8,Speed limit 120 km/h,0.981715738773346,True
Test/07038.png,7,7,Speed limit 100 km/h,0.8311513662338257,True
Test/07039.png,7,7,Speed limit 100 km/h,0.7939666509628296,True
Test/07040.png,3,3,Speed limit 60 km/h,0.9603685736656189,True
Test/07041.png,31,31,Wild animals crossing,0.9979209303855896,True
Test/07042.png,12,12,Priority road,1.0,True
Test/07043.png,13,13,Yield,1.0,True
Test/07044.png,11,11,Right-of-way at next intersection,0.4223976731300354,True
Test/07045.png,7,7,Speed limit 100 km/h,0.9999643564224243,True
Test/07046.png,13,13,Yield,1.0,True
Test/07047.png,3,3,Speed limit 60 km/h,0.9999321699142456,True
Test/07048.png,31,31,Wild animals crossing,0.6905267238616943,True
Test/07049.png,24,24,Road narrows on right,0.925203800201416,True
Test/07050.png,10,10,No passing for vehicles over 3.5 t,0.9955893754959106,True
Test/07051.png,38,38,Keep right,0.9999974966049194,True
Test/07052.png,38,38,Keep right,0.9999929666519165,True
Test/07053.png,42,42,End of no passing for vehicles over 3.5 t,0.998503565788269,True
Test/07054.png,18,18,General caution,0.9952853322029114,True
Test/07055.png,10,10,No passing for vehicles over 3.5 t,1.0,True
Test/07056.png,7,7,Speed limit 100 km/h,0.9991194605827332,True
Test/07057.png,5,2,Speed limit 50 km/h,0.5040568709373474,False
Test/07058.png,33,33,Turn right ahead,0.9999579191207886,True
Test/07059.png,8,8,Speed limit 120 km/h,0.9994114637374878,True
Test/07060.png,1,1,Speed limit 30 km/h,0.9999616146087646,True
Test/07061.png,7,7,Speed limit 100 km/h,0.9971473813056946,True
Test/07062.png,14,14,Stop,0.9998748302459717,True
Test/07063.png,33,33,Turn right ahead,0.5493568778038025,True
Test/07064.png,11,11,Right-of-way at next intersection,0.9999986886978149,True
Test/07065.png,1,1,Speed limit 30 km/h,0.9971548318862915,True
Test/07066.png,1,1,Speed limit 30 km/h,0.9994596838951111,True
Test/07067.png,2,2,Speed limit 50 km/h,0.9987541437149048,True
Test/07068.png,31,31,Wild animals crossing,0.9604819416999817,True
Test/07069.png,3,3,Speed limit 60 km/h,0.9924081563949585,True
Test/07070.png,33,33,Turn right ahead,0.9998012185096741,True
Test/07071.png,3,3,Speed limit 60 km/h,0.9998730421066284,True
Test/07072.png,30,30,Beware of ice or snow,0.991358757019043,True
Test/07073.png,27,27,Pedestrians,0.4881231486797333,True
Test/07074.png,13,13,Yield,1.0,True
Test/07075.png,38,38,Keep right,1.0,True
Test/07076.png,13,13,Yield,1.0,True
Test/07077.png,42,42,End of no passing for vehicles over 3.5 t,0.9981654286384583,True
Test/07078.png,10,10,No passing for vehicles over 3.5 t,1.0,True
Test/07079.png,5,5,Speed limit 80 km/h,0.7687544822692871,True
Test/07080.png,26,26,Traffic signals,0.9999998807907104,True
Test/07081.png,30,30,Beware of ice or snow,0.9097782969474792,True
Test/07082.png,9,9,No passing,1.0,True
Test/07083.png,4,4,Speed limit 70 km/h,0.9955084323883057,True
Test/07084.png,8,8,Speed limit 120 km/h,0.995717465877533,True
Test/07085.png,42,42,End of no passing for vehicles over 3.5 t,0.821812629699707,True
Test/07086.png,5,5,Speed limit 80 km/h,0.9919304251670837,True
Test/07087.png,5,5,Speed limit 80 km/h,0.9995170831680298,True
Test/07088.png,25,25,Road work,0.9997919201850891,True
Test/07089.png,19,19,Dangerous curve left,1.0,True
Test/07090.png,30,29,Bicycles crossing,0.9930141568183899,False
Test/07091.png,31,31,Wild animals crossing,0.7895007133483887,True
Test/07092.png,11,11,Right-of-way at next intersection,0.9999992847442627,True
Test/07093.png,4,4,Speed limit 70 km/h,0.9902098178863525,True
Test/07094.png,7,7,Speed limit 100 km/h,0.6388393044471741,True
Test/07095.png,10,10,No passing for vehicles over 3.5 t,0.9999998807907104,True
Test/07096.png,24,24,Road narrows on right,0.6968433260917664,True
Test/07097.png,8,8,Speed limit 120 km/h,0.9198122620582581,True
Test/07098.png,25,27,Pedestrians,0.6280137896537781,False
Test/07099.png,11,11,Right-of-way at next intersection,0.9996874332427979,True
Test/07100.png,11,11,Right-of-way at next intersection,0.9949349761009216,True
Test/07101.png,3,3,Speed limit 60 km/h,0.9962736368179321,True
Test/07102.png,10,10,No passing for vehicles over 3.5 t,1.0,True
Test/07103.png,4,4,Speed limit 70 km/h,0.9999934434890747,True
Test/07104.png,38,38,Keep right,0.9999897480010986,True
Test/07105.png,1,1,Speed limit 30 km/h,0.9999679327011108,True
Test/07106.png,36,36,Go straight or right,0.9999986886978149,True
Test/07107.png,12,12,Priority road,0.9981256127357483,True
Test/07108.png,11,11,Right-of-way at next intersection,1.0,True
Test/07109.png,5,5,Speed limit 80 km/h,0.7165869474411011,True
Test/07110.png,3,3,Speed limit 60 km/h,0.9298420548439026,True
Test/07111.png,10,10,No passing for vehicles over 3.5 t,1.0,True
Test/07112.png,9,9,No passing,1.0,True
Test/07113.png,23,23,Slippery road,0.9999402761459351,True
Test/07114.png,1,1,Speed limit 30 km/h,0.9997774958610535,True
Test/07115.png,30,30,Beware of ice or snow,0.9799584746360779,True
Test/07116.png,17,17,No entry,1.0,True
Test/07117.png,12,12,Priority road,1.0,True
Test/07118.png,31,31,Wild animals crossing,0.869852602481842,True
Test/07119.png,3,3,Speed limit 60 km/h,0.9924087524414062,True
Test/07120.png,10,10,No passing for vehicles over 3.5 t,0.999997615814209,True
Test/07121.png,5,5,Speed limit 80 km/h,0.9553180932998657,True
Test/07122.png,41,9,No passing,0.9837326407432556,False
Test/07123.png,8,8,Speed limit 120 km/h,0.972027599811554,True
Test/07124.png,1,1,Speed limit 30 km/h,0.9201498031616211,True
Test/07125.png,25,25,Road work,1.0,True
Test/07126.png,17,17,No entry,1.0,True
Test/07127.png,1,1,Speed limit 30 km/h,0.8072983622550964,True
Test/07128.png,16,16,Vehicles over 3.5 t prohibited,0.9999666213989258,True
Test/07129.png,37,37,Go straight or left,0.9872859120368958,True
Test/07130.png,16,16,Vehicles over 3.5 t prohibited,0.9897067546844482,True
Test/07131.png,9,9,No passing,1.0,True
Test/07132.png,5,5,Speed limit 80 km/h,0.9960534572601318,True
Test/07133.png,25,25,Road work,0.9993521571159363,True
Test/07134.png,12,12,Priority road,0.9999023675918579,True
Test/07135.png,7,7,Speed limit 100 km/h,0.9862295389175415,True
Test/07136.png,38,38,Keep right,0.9999997615814209,True
Test/07137.png,2,2,Speed limit 50 km/h,0.9696738719940186,True
Test/07138.png,13,13,Yield,1.0,True
Test/07139.png,1,1,Speed limit 30 km/h,0.9994714856147766,True
Test/07140.png,12,12,Priority road,1.0,True
Test/07141.png,4,4,Speed limit 70 km/h,0.7769871354103088,True
Test/07142.png,26,26,Traffic signals,0.97756028175354,True
Test/07143.png,33,33,Turn right ahead,1.0,True
Test/07144.png,7,7,Speed limit 100 km/h,0.9288837313652039,True
Test/07145.png,3,3,Speed limit 60 km/h,0.9967257976531982,True
Test/07146.png,40,40,Roundabout mandatory,0.9897504448890686,True
Test/07147.png,31,20,Dangerous curve right,0.8878024220466614,False
Test/07148.png,33,33,Turn right ahead,0.9997065663337708,True
Test/07149.png,35,35,Ahead only,0.9999990463256836,True
Test/07150.png,12,12,Priority road,1.0,True
Test/07151.png,7,7,Speed limit 100 km/h,0.9986348748207092,True
Test/07152.png,12,12,Priority road,0.9999992847442627,True
Test/07153.png,2,2,Speed limit 50 km/h,0.9999028444290161,True
Test/07154.png,3,3,Speed limit 60 km/h,0.7499069571495056,True
Test/07155.png,5,1,Speed limit 30 km/h,0.803803563117981,False
Test/07156.png,12,12,Priority road,1.0,True
Test/07157.png,8,8,Speed limit 120 km/h,0.8967306613922119,True
Test/07158.png,17,17,No entry,1.0,True
Test/07159.png,8,8,Speed limit 120 km/h,0.993023157119751,True
Test/07160.png,7,7,Speed limit 100 km/h,0.8875697255134583,True
Test/07161.png,2,2,Speed limit 50 km/h,0.9819608926773071,True
Test/07162.png,7,7,Speed limit 100 km/h,0.999995231628418,True
Test/07163.png,3,3,Speed limit 60 km/h,0.9999942779541016,True
Test/07164.png,18,27,Pedestrians,0.9271309971809387,False
Test/07165.png,11,11,Right-of-way at next intersection,0.9999855756759644,True
Test/07166.png,4,4,Speed limit 70 km/h,0.9995502829551697,True
Test/07167.png,42,42,End of no passing for vehicles over 3.5 t,0.9557871222496033,True
Test/07168.png,15,15,No vehicles,1.0,True
Test/07169.png,2,1,Speed limit 30 km/h,0.8656453490257263,False
Test/07170.png,17,17,No entry,1.0,True
Test/07171.png,1,1,Speed limit 30 km/h,0.9937483072280884,True
Test/07172.png,12,12,Priority road,1.0,True
Test/07173.png,4,4,Speed limit 70 km/h,0.9994485974311829,True
Test/07174.png,16,16,Vehicles over 3.5 t prohibited,0.9999725818634033,True
Test/07175.png,6,6,End of speed limit 80 km/h,0.9894910454750061,True
Test/07176.png,10,10,No passing for vehicles over 3.5 t,1.0,True
Test/07177.png,17,17,No entry,1.0,True
Test/07178.png,18,24,Road narrows on right,0.4319213628768921,False
Test/07179.png,2,2,Speed limit 50 km/h,0.9999390840530396,True
Test/07180.png,14,14,Stop,0.9999994039535522,True
Test/07181.png,22,22,Bumpy road,0.9991851449012756,True
Test/07182.png,38,38,Keep right,0.9999908208847046,True
Test/07183.png,23,23,Slippery road,0.9992695450782776,True
Test/07184.png,4,4,Speed limit 70 km/h,0.9973524808883667,True
Test/07185.png,29,29,Bicycles crossing,0.5068457126617432,True
Test/07186.png,4,4,Speed limit 70 km/h,0.9821314811706543,True
Test/07187.png,28,28,Children crossing,0.996084451675415,True
Test/07188.png,5,5,Speed limit 80 km/h,0.6904241442680359,True
Test/07189.png,11,11,Right-of-way at next intersection,0.999792754650116,True
Test/07190.png,11,11,Right-of-way at next intersection,0.9998910427093506,True
Test/07191.png,12,12,Priority road,0.9999980926513672,True
Test/07192.png,17,17,No entry,1.0,True
Test/07193.png,12,12,Priority road,1.0,True
Test/07194.png,25,25,Road work,0.9999984502792358,True
Test/07195.png,4,4,Speed limit 70 km/h,0.9999336004257202,True
Test/07196.png,18,18,General caution,0.9955364465713501,True
Test/07197.png,38,38,Keep right,0.9999892711639404,True
Test/07198.png,13,13,Yield,1.0,True
Test/07199.png,10,10,No passing for vehicles over 3.5 t,1.0,True
Test/07200.png,33,33,Turn right ahead,1.0,True
Test/07201.png,9,9,No passing,1.0,True
Test/07202.png,2,2,Speed limit 50 km/h,0.9801811575889587,True
Test/07203.png,28,28,Children crossing,0.993979811668396,True
Test/07204.png,28,28,Children crossing,0.9999994039535522,True
Test/07205.png,8,8,Speed limit 120 km/h,0.9821183681488037,True
Test/07206.png,17,17,No entry,1.0,True
Test/07207.png,38,38,Keep right,0.9999974966049194,True
Test/07208.png,2,2,Speed limit 50 km/h,0.9999997615814209,True
Test/07209.png,10,10,No passing for vehicles over 3.5 t,0.9999992847442627,True
Test/07210.png,2,2,Speed limit 50 km/h,0.999234676361084,True
Test/07211.png,2,2,Speed limit 50 km/h,1.0,True
Test/07212.png,8,4,Speed limit 70 km/h,0.416894793510437,False
Test/07213.png,7,7,Speed limit 100 km/h,0.9916741251945496,True
Test/07214.png,7,7,Speed limit 100 km/h,0.94852614402771,True
Test/07215.png,14,14,Stop,0.9999758005142212,True
Test/07216.png,3,3,Speed limit 60 km/h,0.9992033839225769,True
Test/07217.png,32,32,End of all speed and passing limits,0.9968140721321106,True
Test/07218.png,11,11,Right-of-way at next intersection,0.9999878406524658,True
Test/07219.png,16,16,Vehicles over 3.5 t prohibited,1.0,True
Test/07220.png,9,9,No passing,1.0,True
Test/07221.png,15,15,No vehicles,1.0,True
Test/07222.png,2,2,Speed limit 50 km/h,0.6445155143737793,True
Test/07223.png,2,2,Speed limit 50 km/h,0.987403154373169,True
Test/07224.png,4,4,Speed limit 70 km/h,0.9940487146377563,True
Test/07225.png,27,27,Pedestrians,0.5097239017486572,True
Test/07226.png,38,38,Keep right,0.9303798675537109,True
Test/07227.png,11,11,Right-of-way at next intersection,0.9999998807907104,True
Test/07228.png,13,13,Yield,1.0,True
Test/07229.png,18,24,Road narrows on right,0.4793016016483307,False
Test/07230.png,11,11,Right-of-way at next intersection,1.0,True
Test/07231.png,22,22,Bumpy road,0.9866690635681152,True
Test/07232.png,10,10,No passing for vehicles over 3.5 t,1.0,True
Test/07233.png,5,5,Speed limit 80 km/h,0.92561274766922,True
Test/07234.png,18,27,Pedestrians,0.5171838402748108,False
Test/07235.png,18,18,General caution,0.850028395652771,True
Test/07236.png,38,38,Keep right,1.0,True
Test/07237.png,12,12,Priority road,1.0,True
Test/07238.png,1,1,Speed limit 30 km/h,0.962096095085144,True
Test/07239.png,13,13,Yield,1.0,True
Test/07240.png,12,12,Priority road,0.9999996423721313,True
Test/07241.png,9,9,No passing,0.9999964237213135,True
Test/07242.png,1,1,Speed limit 30 km/h,0.9994418025016785,True
Test/07243.png,41,41,End of no passing,0.9991488456726074,True
Test/07244.png,13,13,Yield,0.9983160495758057,True
Test/07245.png,11,30,Beware of ice or snow,0.4415683448314667,False
Test/07246.png,30,30,Beware of ice or snow,0.6017313599586487,True
Test/07247.png,1,1,Speed limit 30 km/h,0.9990476965904236,True
Test/07248.png,33,33,Turn right ahead,0.9999973773956299,True
Test/07249.png,4,4,Speed limit 70 km/h,0.9994376301765442,True
Test/07250.png,3,3,Speed limit 60 km/h,0.955430269241333,True
Test/07251.png,15,15,No vehicles,0.9999988079071045,True
Test/07252.png,22,28,Children crossing,0.5364266037940979,False
Test/07253.png,4,4,Speed limit 70 km/h,0.997999370098114,True
Test/07254.png,38,38,Keep right,1.0,True
Test/07255.png,30,30,Beware of ice or snow,0.34162166714668274,True
Test/07256.png,36,36,Go straight or right,0.9994910955429077,True
Test/07257.png,2,2,Speed limit 50 km/h,0.9999986886978149,True
Test/07258.png,42,42,End of no passing for vehicles over 3.5 t,0.9719666838645935,True
Test/07259.png,5,5,Speed limit 80 km/h,0.9835614562034607,True
Test/07260.png,5,5,Speed limit 80 km/h,0.5621005296707153,True
Test/07261.png,31,31,Wild animals crossing,0.9907181859016418,True
Test/07262.png,18,18,General caution,0.9977542757987976,True
Test/07263.png,5,5,Speed limit 80 km/h,0.9501057267189026,True
Test/07264.png,6,6,End of speed limit 80 km/h,0.9915128350257874,True
Test/07265.png,12,12,Priority road,1.0,True
Test/07266.png,1,1,Speed limit 30 km/h,0.999948263168335,True
Test/07267.png,40,40,Roundabout mandatory,0.9999932050704956,True
Test/07268.png,2,2,Speed limit 50 km/h,0.9999994039535522,True
Test/07269.png,8,8,Speed limit 120 km/h,0.9951817393302917,True
Test/07270.png,34,34,Turn left ahead,1.0,True
Test/07271.png,36,36,Go straight or right,0.9987305998802185,True
Test/07272.png,10,10,No passing for vehicles over 3.5 t,1.0,True
Test/07273.png,12,13,Yield,0.40700510144233704,False
Test/07274.png,14,14,Stop,1.0,True
Test/07275.png,42,41,End of no passing,0.8015518188476562,False
Test/07276.png,10,12,Priority road,0.7014369368553162,False
Test/07277.png,18,18,General caution,0.9663439989089966,True
Test/07278.png,5,5,Speed limit 80 km/h,0.9103980660438538,True
Test/07279.png,12,12,Priority road,0.40474584698677063,True
Test/07280.png,4,4,Speed limit 70 km/h,0.9999873638153076,True
Test/07281.png,34,34,Turn left ahead,1.0,True
Test/07282.png,26,26,Traffic signals,1.0,True
Test/07283.png,1,1,Speed limit 30 km/h,0.9838019609451294,True
Test/07284.png,25,25,Road work,1.0,True
Test/07285.png,12,12,Priority road,0.6794703602790833,True
Test/07286.png,28,28,Children crossing,0.9999998807907104,True
Test/07287.png,8,8,Speed limit 120 km/h,0.7230774164199829,True
Test/07288.png,5,5,Speed limit 80 km/h,0.75755375623703,True
Test/07289.png,35,35,Ahead only,0.9704205989837646,True
Test/07290.png,25,25,Road work,0.9999994039535522,True
Test/07291.png,5,5,Speed limit 80 km/h,0.9259023070335388,True
Test/07292.png,1,1,Speed limit 30 km/h,0.9991462230682373,True
Test/07293.png,32,32,End of all speed and passing limits,0.7834755182266235,True
Test/07294.png,14,14,Stop,0.6891971230506897,True
Test/07295.png,36,36,Go straight or right,0.5677372217178345,True
Test/07296.png,2,2,Speed limit 50 km/h,0.989990234375,True
Test/07297.png,9,9,No passing,0.9999998807907104,True
Test/07298.png,12,12,Priority road,1.0,True
Test/07299.png,7,7,Speed limit 100 km/h,0.9098702669143677,True
Test/07300.png,2,2,Speed limit 50 km/h,0.989345133304596,True
Test/07301.png,3,3,Speed limit 60 km/h,0.9775798916816711,True
Test/07302.png,11,11,Right-of-way at next intersection,0.9994015693664551,True
Test/07303.png,35,35,Ahead only,1.0,True
Test/07304.png,41,41,End of no passing,0.9314091801643372,True
Test/07305.png,42,42,End of no passing for vehicles over 3.5 t,0.9745318293571472,True
Test/07306.png,18,26,Traffic signals,0.47812938690185547,False
Test/07307.png,35,35,Ahead only,1.0,True
Test/07308.png,10,10,No passing for vehicles over 3.5 t,0.999881386756897,True
Test/07309.png,1,1,Speed limit 30 km/h,0.9976072311401367,True
Test/07310.png,14,14,Stop,0.999997615814209,True
Test/07311.png,38,38,Keep right,0.9995625615119934,True
Test/07312.png,7,7,Speed limit 100 km/h,0.9700974225997925,True
Test/07313.png,17,17,No entry,1.0,True
Test/07314.png,1,1,Speed limit 30 km/h,0.9970709085464478,True
Test/07315.png,35,35,Ahead only,0.9980034232139587,True
Test/07316.png,23,23,Slippery road,0.9999339580535889,True
Test/07317.png,8,8,Speed limit 120 km/h,0.9988491535186768,True
Test/07318.png,3,3,Speed limit 60 km/h,0.999990701675415,True
Test/07319.png,3,3,Speed limit 60 km/h,0.9997270703315735,True
Test/07320.png,32,32,End of all speed and passing limits,0.8018726110458374,True
Test/07321.png,38,38,Keep right,0.9994064569473267,True
Test/07322.png,1,1,Speed limit 30 km/h,0.9999912977218628,True
Test/07323.png,5,5,Speed limit 80 km/h,0.9770993590354919,True
Test/07324.png,12,12,Priority road,1.0,True
Test/07325.png,13,13,Yield,0.9999998807907104,True
Test/07326.png,8,8,Speed limit 120 km/h,0.9981393814086914,True
Test/07327.png,8,8,Speed limit 120 km/h,0.9959059953689575,True
Test/07328.png,4,4,Speed limit 70 km/h,0.999678373336792,True
Test/07329.png,22,25,Road work,0.33922404050827026,False
Test/07330.png,7,8,Speed limit 120 km/h,0.9699459075927734,False
Test/07331.png,26,26,Traffic signals,0.9999302625656128,True
Test/07332.png,28,28,Children crossing,0.9999127388000488,True
Test/07333.png,4,4,Speed limit 70 km/h,0.9995551705360413,True
Test/07334.png,1,1,Speed limit 30 km/h,0.8673219084739685,True
Test/07335.png,38,38,Keep right,1.0,True
Test/07336.png,9,9,No passing,0.8558037281036377,True
Test/07337.png,9,9,No passing,0.9982434511184692,True
Test/07338.png,3,3,Speed limit 60 km/h,0.999222993850708,True
Test/07339.png,10,10,No passing for vehicles over 3.5 t,0.9999990463256836,True
Test/07340.png,29,28,Children crossing,0.5075798630714417,False
Test/07341.png,33,33,Turn right ahead,0.9999991655349731,True
Test/07342.png,7,7,Speed limit 100 km/h,0.9994007349014282,True
Test/07343.png,16,16,Vehicles over 3.5 t prohibited,1.0,True
Test/07344.png,9,9,No passing,1.0,True
Test/07345.png,2,2,Speed limit 50 km/h,0.9773119688034058,True
Test/07346.png,22,22,Bumpy road,0.9923437237739563,True
Test/07347.png,31,31,Wild animals crossing,0.9971824884414673,True
Test/07348.png,39,39,Keep left,1.0,True
Test/07349.png,9,9,No passing,1.0,True
Test/07350.png,15,15,No vehicles,0.9999985694885254,True
Test/07351.png,35,35,Ahead only,0.9999995231628418,True
Test/07352.png,5,3,Speed limit 60 km/h,0.9561598300933838,False
Test/07353.png,38,38,Keep right,0.9999992847442627,True
Test/07354.png,2,2,Speed limit 50 km/h,0.999998927116394,True
Test/07355.png,35,35,Ahead only,0.9989292025566101,True
Test/07356.png,38,38,Keep right,0.9999942779541016,True
Test/07357.png,11,11,Right-of-way at next intersection,0.9998069405555725,True
Test/07358.png,2,2,Speed limit 50 km/h,0.9994410872459412,True
Test/07359.png,23,23,Slippery road,0.9997467398643494,True
Test/07360.png,22,22,Bumpy road,0.9999908208847046,True
Test/07361.png,38,38,Keep right,1.0,True
Test/07362.png,2,2,Speed limit 50 km/h,0.9999524354934692,True
Test/07363.png,8,8,Speed limit 120 km/h,0.9999314546585083,True
Test/07364.png,12,12,Priority road,1.0,True
Test/07365.png,5,5,Speed limit 80 km/h,0.9617756009101868,True
Test/07366.png,14,14,Stop,0.9999606609344482,True
Test/07367.png,22,22,Bumpy road,0.9999991655349731,True
Test/07368.png,2,2,Speed limit 50 km/h,0.9995367527008057,True
Test/07369.png,13,13,Yield,1.0,True
Test/07370.png,38,38,Keep right,1.0,True
Test/07371.png,4,4,Speed limit 70 km/h,0.9983587861061096,True
Test/07372.png,31,31,Wild animals crossing,0.9738544821739197,True
Test/07373.png,2,2,Speed limit 50 km/h,0.9878494143486023,True
Test/07374.png,18,18,General caution,0.9903237819671631,True
Test/07375.png,31,31,Wild animals crossing,0.9958382844924927,True
Test/07376.png,12,12,Priority road,1.0,True
Test/07377.png,5,5,Speed limit 80 km/h,0.9932568073272705,True
Test/07378.png,33,35,Ahead only,0.79143226146698,False
Test/07379.png,5,5,Speed limit 80 km/h,0.5783991813659668,True
Test/07380.png,3,3,Speed limit 60 km/h,0.9995772242546082,True
Test/07381.png,38,38,Keep right,1.0,True
Test/07382.png,13,13,Yield,1.0,True
Test/07383.png,6,6,End of speed limit 80 km/h,0.9985266923904419,True
Test/07384.png,13,13,Yield,1.0,True
Test/07385.png,14,14,Stop,0.9995861649513245,True
Test/07386.png,13,13,Yield,1.0,True
Test/07387.png,35,35,Ahead only,0.9959774613380432,True
Test/07388.png,6,6,End of speed limit 80 km/h,0.9877501130104065,True
Test/07389.png,31,31,Wild animals crossing,0.625003457069397,True
Test/07390.png,11,11,Right-of-way at next intersection,0.9984195232391357,True
Test/07391.png,35,35,Ahead only,0.9929412603378296,True
Test/07392.png,15,15,No vehicles,0.9999990463256836,True
Test/07393.png,10,10,No passing for vehicles over 3.5 t,0.9999997615814209,True
Test/07394.png,1,1,Speed limit 30 km/h,0.9989846348762512,True
Test/07395.png,19,19,Dangerous curve left,0.9999988079071045,True
Test/07396.png,17,17,No entry,0.9999775886535645,True
Test/07397.png,6,6,End of speed limit 80 km/h,0.9961065649986267,True
Test/07398.png,7,7,Speed limit 100 km/h,0.998598039150238,True
Test/07399.png,32,32,End of all speed and passing limits,0.8399484753608704,True
Test/07400.png,30,30,Beware of ice or snow,0.9609724283218384,True
Test/07401.png,10,10,No passing for vehicles over 3.5 t,0.9999994039535522,True
Test/07402.png,25,25,Road work,1.0,True
Test/07403.png,9,9,No passing,0.9998548030853271,True
Test/07404.png,36,36,Go straight or right,0.9979833364486694,True
Test/07405.png,13,13,Yield,1.0,True
Test/07406.png,21,21,Double curve,0.9944958090782166,True
Test/07407.png,10,10,No passing for vehicles over 3.5 t,1.0,True
Test/07408.png,2,2,Speed limit 50 km/h,0.9950332641601562,True
Test/07409.png,17,17,No entry,1.0,True
Test/07410.png,18,18,General caution,0.9738311767578125,True
Test/07411.png,37,37,Go straight or left,0.9562146067619324,True
Test/07412.png,25,25,Road work,0.999994158744812,True
Test/07413.png,5,5,Speed limit 80 km/h,0.9929699301719666,True
Test/07414.png,28,28,Children crossing,0.9999984502792358,True
Test/07415.png,2,2,Speed limit 50 km/h,0.9997952580451965,True
Test/07416.png,17,17,No entry,1.0,True
Test/07417.png,28,28,Children crossing,0.9997900128364563,True
Test/07418.png,12,12,Priority road,0.999213457107544,True
Test/07419.png,7,7,Speed limit 100 km/h,0.9990513920783997,True
Test/07420.png,1,1,Speed limit 30 km/h,0.9969294667243958,True
Test/07421.png,8,8,Speed limit 120 km/h,0.9582118391990662,True
Test/07422.png,35,35,Ahead only,1.0,True
Test/07423.png,3,3,Speed limit 60 km/h,0.9999338388442993,True
Test/07424.png,22,22,Bumpy road,0.994062602519989,True
Test/07425.png,2,2,Speed limit 50 km/h,0.999821126461029,True
Test/07426.png,8,8,Speed limit 120 km/h,0.9821608066558838,True
Test/07427.png,16,16,Vehicles over 3.5 t prohibited,0.9999998807907104,True
Test/07428.png,31,31,Wild animals crossing,0.9490895867347717,True
Test/07429.png,1,1,Speed limit 30 km/h,0.9985297918319702,True
Test/07430.png,28,28,Children crossing,0.9999982118606567,True
Test/07431.png,12,12,Priority road,1.0,True
Test/07432.png,17,17,No entry,1.0,True
Test/07433.png,13,13,Yield,1.0,True
Test/07434.png,40,40,Roundabout mandatory,0.9987452030181885,True
Test/07435.png,11,11,Right-of-way at next intersection,1.0,True
Test/07436.png,8,8,Speed limit 120 km/h,0.9878503680229187,True
Test/07437.png,2,2,Speed limit 50 km/h,0.9995198249816895,True
Test/07438.png,8,8,Speed limit 120 km/h,0.9992144107818604,True
Test/07439.png,30,30,Beware of ice or snow,0.9960105419158936,True
Test/07440.png,3,3,Speed limit 60 km/h,0.9968860745429993,True
Test/07441.png,8,8,Speed limit 120 km/h,0.9989027976989746,True
Test/07442.png,22,22,Bumpy road,0.9998939037322998,True
Test/07443.png,12,12,Priority road,1.0,True
Test/07444.png,25,25,Road work,0.9900144338607788,True
Test/07445.png,25,25,Road work,0.9999973773956299,True
Test/07446.png,6,6,End of speed limit 80 km/h,0.7645375728607178,True
Test/07447.png,8,8,Speed limit 120 km/h,0.8736685514450073,True
Test/07448.png,30,30,Beware of ice or snow,0.9908218383789062,True
Test/07449.png,2,2,Speed limit 50 km/h,0.9998131394386292,True
Test/07450.png,9,9,No passing,0.9976855516433716,True
Test/07451.png,7,7,Speed limit 100 km/h,0.9992559552192688,True
Test/07452.png,25,25,Road work,0.9997180104255676,True
Test/07453.png,7,7,Speed limit 100 km/h,0.5507832169532776,True
Test/07454.png,42,42,End of no passing for vehicles over 3.5 t,0.9958558678627014,True
Test/07455.png,18,18,General caution,0.9980675578117371,True
Test/07456.png,4,4,Speed limit 70 km/h,0.9885381460189819,True
Test/07457.png,14,14,Stop,0.9999998807907104,True
Test/07458.png,14,14,Stop,1.0,True
Test/07459.png,5,5,Speed limit 80 km/h,0.6553606390953064,True
Test/07460.png,41,9,No passing,0.5230408906936646,False
Test/07461.png,30,30,Beware of ice or snow,0.600673496723175,True
Test/07462.png,15,15,No vehicles,0.9999984502792358,True
Test/07463.png,7,7,Speed limit 100 km/h,0.9992087483406067,True
Test/07464.png,8,8,Speed limit 120 km/h,0.9917863011360168,True
Test/07465.png,14,14,Stop,1.0,True
Test/07466.png,9,9,No passing,0.9999995231628418,True
Test/07467.png,20,20,Dangerous curve right,0.9148873090744019,True
Test/07468.png,3,3,Speed limit 60 km/h,0.8063249588012695,True
Test/07469.png,12,12,Priority road,0.9999994039535522,True
Test/07470.png,3,3,Speed limit 60 km/h,0.8901146054267883,True
Test/07471.png,38,38,Keep right,0.9999997615814209,True
Test/07472.png,13,13,Yield,1.0,True
Test/07473.png,3,3,Speed limit 60 km/h,0.9454993009567261,True
Test/07474.png,16,16,Vehicles over 3.5 t prohibited,1.0,True
Test/07475.png,10,10,No passing for vehicles over 3.5 t,0.9999998807907104,True
Test/07476.png,33,33,Turn right ahead,0.9999943971633911,True
Test/07477.png,7,7,Speed limit 100 km/h,0.9967293739318848,True
Test/07478.png,12,12,Priority road,1.0,True
Test/07479.png,1,1,Speed limit 30 km/h,0.9995354413986206,True
Test/07480.png,31,31,Wild animals crossing,0.9654733538627625,True
Test/07481.png,33,33,Turn right ahead,0.999995231628418,True
Test/07482.png,8,8,Speed limit 120 km/h,0.9991336464881897,True
Test/07483.png,1,1,Speed limit 30 km/h,0.986983060836792,True
Test/07484.png,9,9,No passing,1.0,True
Test/07485.png,21,21,Double curve,0.9972156286239624,True
Test/07486.png,13,13,Yield,1.0,True
Test/07487.png,35,35,Ahead only,1.0,True
Test/07488.png,8,8,Speed limit 120 km/h,0.996698796749115,True
Test/07489.png,33,33,Turn right ahead,0.9999682903289795,True
Test/07490.png,14,14,Stop,0.9999998807907104,True
Test/07491.png,2,2,Speed limit 50 km/h,0.9988150596618652,True
Test/07492.png,10,10,No passing for vehicles over 3.5 t,1.0,True
Test/07493.png,1,1,Speed limit 30 km/h,0.9999382495880127,True
Test/07494.png,5,5,Speed limit 80 km/h,0.9874152541160583,True
Test/07495.png,1,1,Speed limit 30 km/h,0.9987524747848511,True
Test/07496.png,13,13,Yield,1.0,True
Test/07497.png,18,26,Traffic signals,0.7360386252403259,False
Test/07498.png,37,37,Go straight or left,0.9954518675804138,True
Test/07499.png,4,4,Speed limit 70 km/h,0.9969287514686584,True
Test/07500.png,6,6,End of speed limit 80 km/h,0.9981529116630554,True
Test/07501.png,3,3,Speed limit 60 km/h,0.9441161751747131,True
Test/07502.png,8,8,Speed limit 120 km/h,0.9870721697807312,True
Test/07503.png,38,38,Keep right,0.9999699592590332,True
Test/07504.png,42,41,End of no passing,0.6973165273666382,False
Test/07505.png,29,29,Bicycles crossing,0.9999877214431763,True
Test/07506.png,6,6,End of speed limit 80 km/h,0.9855557680130005,True
Test/07507.png,2,1,Speed limit 30 km/h,0.9563729166984558,False
Test/07508.png,18,18,General caution,0.9845702052116394,True
Test/07509.png,35,35,Ahead only,0.996813952922821,True
Test/07510.png,5,5,Speed limit 80 km/h,0.9970515966415405,True
Test/07511.png,23,23,Slippery road,0.9999889135360718,True
Test/07512.png,38,38,Keep right,1.0,True
Test/07513.png,8,8,Speed limit 120 km/h,0.9948338270187378,True
Test/07514.png,38,38,Keep right,1.0,True
Test/07515.png,13,13,Yield,1.0,True
Test/07516.png,36,38,Keep right,0.6413719058036804,False
Test/07517.png,1,1,Speed limit 30 km/h,0.9999213218688965,True
Test/07518.png,36,36,Go straight or right,0.9999951124191284,True
Test/07519.png,35,35,Ahead only,0.9999822378158569,True
Test/07520.png,18,18,General caution,0.9341510534286499,True
Test/07521.png,23,23,Slippery road,0.9987998008728027,True
Test/07522.png,11,11,Right-of-way at next intersection,1.0,True
Test/07523.png,10,10,No passing for vehicles over 3.5 t,0.9999998807907104,True
Test/07524.png,25,25,Road work,1.0,True
Test/07525.png,30,20,Dangerous curve right,0.5859804749488831,False
Test/07526.png,5,5,Speed limit 80 km/h,0.5770831108093262,True
Test/07527.png,29,29,Bicycles crossing,0.9999815225601196,True
Test/07528.png,31,31,Wild animals crossing,0.9885571002960205,True
Test/07529.png,14,14,Stop,1.0,True
Test/07530.png,1,1,Speed limit 30 km/h,0.9989878535270691,True
Test/07531.png,38,38,Keep right,1.0,True
Test/07532.png,3,3,Speed limit 60 km/h,0.9794721603393555,True
Test/07533.png,1,1,Speed limit 30 km/h,0.9998958110809326,True
Test/07534.png,14,14,Stop,1.0,True
Test/07535.png,11,11,Right-of-way at next intersection,0.9999854564666748,True
Test/07536.png,25,25,Road work,1.0,True
Test/07537.png,38,38,Keep right,1.0,True
Test/07538.png,8,8,Speed limit 120 km/h,0.9981229901313782,True
Test/07539.png,12,12,Priority road,1.0,True
Test/07540.png,39,39,Keep left,1.0,True
Test/07541.png,18,18,General caution,0.8874676823616028,True
Test/07542.png,17,17,No entry,1.0,True
Test/07543.png,4,4,Speed limit 70 km/h,0.9999431371688843,True
Test/07544.png,4,4,Speed limit 70 km/h,0.858542263507843,True
Test/07545.png,1,1,Speed limit 30 km/h,0.9998132586479187,True
Test/07546.png,1,1,Speed limit 30 km/h,0.9993892908096313,True
Test/07547.png,4,4,Speed limit 70 km/h,0.9978609681129456,True
Test/07548.png,12,12,Priority road,1.0,True
Test/07549.png,25,25,Road work,0.9994493126869202,True
Test/07550.png,12,12,Priority road,1.0,True
Test/07551.png,5,5,Speed limit 80 km/h,0.9601292610168457,True
Test/07552.png,12,12,Priority road,0.9981702566146851,True
Test/07553.png,27,27,Pedestrians,0.6056925654411316,True
Test/07554.png,12,12,Priority road,0.9994964599609375,True
Test/07555.png,12,12,Priority road,0.9999983310699463,True
Test/07556.png,38,38,Keep right,1.0,True
Test/07557.png,11,11,Right-of-way at next intersection,0.9999866485595703,True
Test/07558.png,4,4,Speed limit 70 km/h,0.9998267292976379,True
Test/07559.png,30,30,Beware of ice or snow,0.6384456157684326,True
Test/07560.png,9,9,No passing,0.993039071559906,True
Test/07561.png,4,4,Speed limit 70 km/h,0.9994363188743591,True
Test/07562.png,17,17,No entry,1.0,True
Test/07563.png,25,25,Road work,0.9999996423721313,True
Test/07564.png,4,4,Speed limit 70 km/h,0.9839927554130554,True
Test/07565.png,16,16,Vehicles over 3.5 t prohibited,0.9999853372573853,True
Test/07566.png,18,18,General caution,0.9200403690338135,True
Test/07567.png,13,13,Yield,1.0,True
Test/07568.png,23,23,Slippery road,0.7000250220298767,True
Test/07569.png,18,18,General caution,0.999582827091217,True
Test/07570.png,1,1,Speed limit 30 km/h,0.9999994039535522,True
Test/07571.png,21,18,General caution,0.9678226709365845,False
Test/07572.png,12,12,Priority road,1.0,True
Test/07573.png,10,10,No passing for vehicles over 3.5 t,1.0,True
Test/07574.png,5,5,Speed limit 80 km/h,0.9559044241905212,True
Test/07575.png,42,42,End of no passing for vehicles over 3.5 t,0.905716061592102,True
Test/07576.png,13,13,Yield,1.0,True
Test/07577.png,4,8,Speed limit 120 km/h,0.8238792419433594,False
Test/07578.png,22,22,Bumpy road,0.45647647976875305,True
Test/07579.png,2,2,Speed limit 50 km/h,0.8317421078681946,True
Test/07580.png,3,3,Speed limit 60 km/h,0.9999216794967651,True
Test/07581.png,13,13,Yield,1.0,True
Test/07582.png,19,19,Dangerous curve left,1.0,True
Test/07583.png,16,16,Vehicles over 3.5 t prohibited,0.9999897480010986,True
Test/07584.png,3,3,Speed limit 60 km/h,0.9987321496009827,True
Test/07585.png,4,4,Speed limit 70 km/h,0.9996399879455566,True
Test/07586.png,28,28,Children crossing,0.9999972581863403,True
Test/07587.png,5,5,Speed limit 80 km/h,0.9911746978759766,True
Test/07588.png,31,31,Wild animals crossing,0.9986360669136047,True
Test/07589.png,13,13,Yield,1.0,True
Test/07590.png,25,25,Road work,1.0,True
Test/07591.png,35,35,Ahead only,0.9999946355819702,True
Test/07592.png,1,1,Speed limit 30 km/h,0.9940662384033203,True
Test/07593.png,26,26,Traffic signals,0.814919114112854,True
Test/07594.png,39,39,Keep left,1.0,True
Test/07595.png,38,38,Keep right,1.0,True
Test/07596.png,36,38,Keep right,0.9520586729049683,False
Test/07597.png,31,20,Dangerous curve right,0.56273353099823,False
Test/07598.png,38,38,Keep right,1.0,True
Test/07599.png,38,38,Keep right,1.0,True
Test/07600.png,3,3,Speed limit 60 km/h,0.9990419745445251,True
Test/07601.png,13,13,Yield,1.0,True
Test/07602.png,28,28,Children crossing,0.9594940543174744,True
Test/07603.png,17,7,Speed limit 100 km/h,0.23581154644489288,False
Test/07604.png,10,10,No passing for vehicles over 3.5 t,0.9999990463256836,True
Test/07605.png,11,11,Right-of-way at next intersection,0.9999896287918091,True
Test/07606.png,38,38,Keep right,0.9999889135360718,True
Test/07607.png,7,7,Speed limit 100 km/h,0.9770853519439697,True
Test/07608.png,26,26,Traffic signals,0.9999960660934448,True
Test/07609.png,33,33,Turn right ahead,1.0,True
Test/07610.png,10,10,No passing for vehicles over 3.5 t,0.9999982118606567,True
Test/07611.png,28,28,Children crossing,0.999996542930603,True
Test/07612.png,2,2,Speed limit 50 km/h,0.9999542236328125,True
Test/07613.png,3,3,Speed limit 60 km/h,0.9999943971633911,True
Test/07614.png,3,3,Speed limit 60 km/h,0.9999750852584839,True
Test/07615.png,13,13,Yield,1.0,True
Test/07616.png,2,2,Speed limit 50 km/h,0.9996111989021301,True
Test/07617.png,12,12,Priority road,1.0,True
Test/07618.png,31,31,Wild animals crossing,0.9531785249710083,True
Test/07619.png,38,38,Keep right,1.0,True
Test/07620.png,2,2,Speed limit 50 km/h,0.9992923736572266,True
Test/07621.png,34,34,Turn left ahead,1.0,True
Test/07622.png,9,9,No passing,1.0,True
Test/07623.png,1,1,Speed limit 30 km/h,0.9998231530189514,True
Test/07624.png,8,8,Speed limit 120 km/h,0.9896194338798523,True
Test/07625.png,31,31,Wild animals crossing,0.9817405939102173,True
Test/07626.png,3,3,Speed limit 60 km/h,0.9980775117874146,True
Test/07627.png,31,28,Children crossing,0.5414239764213562,False
Test/07628.png,33,33,Turn right ahead,0.9995545744895935,True
Test/07629.png,12,12,Priority road,1.0,True
Test/07630.png,1,1,Speed limit 30 km/h,0.9870378971099854,True
Test/07631.png,6,6,End of speed limit 80 km/h,0.9812496304512024,True
Test/07632.png,35,35,Ahead only,0.9994540810585022,True
Test/07633.png,11,30,Beware of ice or snow,0.5173290371894836,False
Test/07634.png,4,4,Speed limit 70 km/h,0.9999394416809082,True
Test/07635.png,2,2,Speed limit 50 km/h,0.9533039927482605,True
Test/07636.png,38,38,Keep right,0.9971418976783752,True
Test/07637.png,34,34,Turn left ahead,1.0,True
Test/07638.png,12,12,Priority road,0.9999986886978149,True
Test/07639.png,12,12,Priority road,0.999366819858551,True
Test/07640.png,40,40,Roundabout mandatory,0.9999910593032837,True
Test/07641.png,9,9,No passing,0.9999994039535522,True
Test/07642.png,10,10,No passing for vehicles over 3.5 t,0.9999994039535522,True
Test/07643.png,4,4,Speed limit 70 km/h,0.9883410334587097,True
Test/07644.png,12,12,Priority road,0.9999828338623047,True
Test/07645.png,25,25,Road work,0.9999983310699463,True
Test/07646.png,31,31,Wild animals crossing,0.5247449278831482,True
Test/07647.png,25,25,Road work,0.9999710321426392,True
Test/07648.png,2,2,Speed limit 50 km/h,0.9999998807907104,True
Test/07649.png,13,13,Yield,1.0,True
Test/07650.png,16,16,Vehicles over 3.5 t prohibited,0.9683148264884949,True
Test/07651.png,3,3,Speed limit 60 km/h,0.9948874115943909,True
Test/07652.png,31,31,Wild animals crossing,0.9938726425170898,True
Test/07653.png,33,33,Turn right ahead,0.9999957084655762,True
Test/07654.png,12,12,Priority road,1.0,True
Test/07655.png,12,12,Priority road,1.0,True
Test/07656.png,15,15,No vehicles,0.9999943971633911,True
Test/07657.png,4,4,Speed limit 70 km/h,0.6377503275871277,True
Test/07658.png,17,9,No passing,0.5922337174415588,False
Test/07659.png,8,4,Speed limit 70 km/h,0.43247678875923157,False
Test/07660.png,38,38,Keep right,0.98311847448349,True
Test/07661.png,33,33,Turn right ahead,0.9999610185623169,True
Test/07662.png,31,31,Wild animals crossing,0.9968355298042297,True
Test/07663.png,38,38,Keep right,0.9999946355819702,True
Test/07664.png,13,13,Yield,1.0,True
Test/07665.png,13,13,Yield,1.0,True
Test/07666.png,2,2,Speed limit 50 km/h,0.9928097724914551,True
Test/07667.png,31,31,Wild animals crossing,0.9292196035385132,True
Test/07668.png,10,10,No passing for vehicles over 3.5 t,0.9999997615814209,True
Test/07669.png,2,2,Speed limit 50 km/h,0.999373733997345,True
Test/07670.png,5,5,Speed limit 80 km/h,0.8547613024711609,True
Test/07671.png,5,5,Speed limit 80 km/h,0.98237544298172,True
Test/07672.png,4,4,Speed limit 70 km/h,0.9997685551643372,True
Test/07673.png,38,38,Keep right,1.0,True
Test/07674.png,17,17,No entry,0.9998811483383179,True
Test/07675.png,7,7,Speed limit 100 km/h,0.9991080164909363,True
Test/07676.png,21,21,Double curve,0.9997013211250305,True
Test/07677.png,31,31,Wild animals crossing,0.9988558292388916,True
Test/07678.png,12,12,Priority road,1.0,True
Test/07679.png,8,8,Speed limit 120 km/h,0.9600831866264343,True
Test/07680.png,25,25,Road work,0.9999991655349731,True
Test/07681.png,4,4,Speed limit 70 km/h,0.9990235567092896,True
Test/07682.png,13,13,Yield,0.9999998807907104,True
Test/07683.png,7,7,Speed limit 100 km/h,0.9666422009468079,True
Test/07684.png,1,1,Speed limit 30 km/h,0.938023567199707,True
Test/07685.png,38,38,Keep right,0.999997615814209,True
Test/07686.png,38,38,Keep right,0.9999988079071045,True
Test/07687.png,1,1,Speed limit 30 km/h,0.9999037981033325,True
Test/07688.png,2,2,Speed limit 50 km/h,1.0,True
Test/07689.png,12,12,Priority road,1.0,True
Test/07690.png,7,7,Speed limit 100 km/h,0.8319889307022095,True
Test/07691.png,2,2,Speed limit 50 km/h,0.998761773109436,True
Test/07692.png,25,25,Road work,1.0,True
Test/07693.png,30,30,Beware of ice or snow,0.426788330078125,True
Test/07694.png,38,38,Keep right,1.0,True
Test/07695.png,40,35,Ahead only,0.42506593465805054,False
Test/07696.png,12,12,Priority road,1.0,True
Test/07697.png,29,28,Children crossing,0.6380047798156738,False
Test/07698.png,8,8,Speed limit 120 km/h,0.9960333704948425,True
Test/07699.png,9,9,No passing,0.9999867677688599,True
Test/07700.png,30,30,Beware of ice or snow,0.9829082489013672,True
Test/07701.png,5,5,Speed limit 80 km/h,0.8398207426071167,True
Test/07702.png,12,13,Yield,0.46540743112564087,False
Test/07703.png,38,38,Keep right,0.9997254014015198,True
Test/07704.png,10,10,No passing for vehicles over 3.5 t,0.9999996423721313,True
Test/07705.png,1,1,Speed limit 30 km/h,0.9904118180274963,True
Test/07706.png,35,35,Ahead only,0.9806951284408569,True
Test/07707.png,4,4,Speed limit 70 km/h,0.9999600648880005,True
Test/07708.png,16,16,Vehicles over 3.5 t prohibited,1.0,True
Test/07709.png,4,4,Speed limit 70 km/h,0.9994367957115173,True
Test/07710.png,25,25,Road work,0.9999921321868896,True
Test/07711.png,7,7,Speed limit 100 km/h,0.9904081225395203,True
Test/07712.png,0,1,Speed limit 30 km/h,0.8390119671821594,False
Test/07713.png,6,6,End of speed limit 80 km/h,0.9802998304367065,True
Test/07714.png,25,26,Traffic signals,0.417849063873291,False
Test/07715.png,20,28,Children crossing,0.6141600012779236,False
Test/07716.png,12,12,Priority road,1.0,True
Test/07717.png,11,11,Right-of-way at next intersection,0.9980904459953308,True
Test/07718.png,9,9,No passing,1.0,True
Test/07719.png,5,5,Speed limit 80 km/h,0.9645556211471558,True
Test/07720.png,27,27,Pedestrians,0.989222526550293,True
Test/07721.png,38,38,Keep right,1.0,True
Test/07722.png,4,4,Speed limit 70 km/h,0.9995341300964355,True
Test/07723.png,5,5,Speed limit 80 km/h,0.8868401646614075,True
Test/07724.png,2,2,Speed limit 50 km/h,0.9999574422836304,True
Test/07725.png,18,18,General caution,0.5135238170623779,True
Test/07726.png,4,4,Speed limit 70 km/h,0.9872785806655884,True
Test/07727.png,1,1,Speed limit 30 km/h,0.9983119964599609,True
Test/07728.png,9,9,No passing,0.9999995231628418,True
Test/07729.png,3,3,Speed limit 60 km/h,0.9910286068916321,True
Test/07730.png,5,5,Speed limit 80 km/h,0.999466598033905,True
Test/07731.png,1,1,Speed limit 30 km/h,0.9801391363143921,True
Test/07732.png,12,12,Priority road,0.999996542930603,True
Test/07733.png,11,11,Right-of-way at next intersection,0.9999997615814209,True
Test/07734.png,2,2,Speed limit 50 km/h,1.0,True
Test/07735.png,10,10,No passing for vehicles over 3.5 t,0.9999998807907104,True
Test/07736.png,1,1,Speed limit 30 km/h,0.999188244342804,True
Test/07737.png,20,20,Dangerous curve right,0.9905185103416443,True
Test/07738.png,1,1,Speed limit 30 km/h,0.9997618794441223,True
Test/07739.png,28,28,Children crossing,0.9876542687416077,True
Test/07740.png,13,13,Yield,1.0,True
Test/07741.png,20,20,Dangerous curve right,0.9833860993385315,True
Test/07742.png,25,25,Road work,0.9999983310699463,True
Test/07743.png,12,12,Priority road,1.0,True
Test/07744.png,5,5,Speed limit 80 km/h,0.9157423973083496,True
Test/07745.png,18,26,Traffic signals,0.5650234222412109,False
Test/07746.png,8,8,Speed limit 120 km/h,0.9814093112945557,True
Test/07747.png,36,36,Go straight or right,0.9751590490341187,True
Test/07748.png,11,11,Right-of-way at next intersection,0.8980611562728882,True
Test/07749.png,7,7,Speed limit 100 km/h,0.9987809062004089,True
Test/07750.png,3,3,Speed limit 60 km/h,0.9953948855400085,True
Test/07751.png,10,10,No passing for vehicles over 3.5 t,1.0,True
Test/07752.png,10,10,No passing for vehicles over 3.5 t,0.9999991655349731,True
Test/07753.png,2,2,Speed limit 50 km/h,0.9872496724128723,True
Test/07754.png,2,2,Speed limit 50 km/h,0.9999933242797852,True
Test/07755.png,7,7,Speed limit 100 km/h,0.928528904914856,True
Test/07756.png,8,8,Speed limit 120 km/h,0.9530667066574097,True
Test/07757.png,13,13,Yield,1.0,True
Test/07758.png,2,2,Speed limit 50 km/h,0.9921228289604187,True
Test/07759.png,13,13,Yield,1.0,True
Test/07760.png,28,28,Children crossing,0.9856736063957214,True
Test/07761.png,9,9,No passing,1.0,True
Test/07762.png,4,4,Speed limit 70 km/h,0.9990150928497314,True
Test/07763.png,39,39,Keep left,1.0,True
Test/07764.png,10,10,No passing for vehicles over 3.5 t,1.0,True
Test/07765.png,13,13,Yield,1.0,True
Test/07766.png,12,12,Priority road,1.0,True
Test/07767.png,18,18,General caution,0.9970619082450867,True
Test/07768.png,16,16,Vehicles over 3.5 t prohibited,0.9995090961456299,True
Test/07769.png,38,38,Keep right,0.9998452663421631,True
Test/07770.png,9,9,No passing,0.9655529260635376,True
Test/07771.png,8,8,Speed limit 120 km/h,0.9997923970222473,True
Test/07772.png,13,13,Yield,1.0,True
Test/07773.png,11,11,Right-of-way at next intersection,0.9999585151672363,True
Test/07774.png,3,3,Speed limit 60 km/h,0.9878895878791809,True
Test/07775.png,28,28,Children crossing,0.9999998807907104,True
Test/07776.png,40,40,Roundabout mandatory,0.9999737739562988,True
Test/07777.png,8,8,Speed limit 120 km/h,0.9908374547958374,True
Test/07778.png,7,7,Speed limit 100 km/h,0.9923312664031982,True
Test/07779.png,18,18,General caution,0.9901444911956787,True
Test/07780.png,2,2,Speed limit 50 km/h,0.9996639490127563,True
Test/07781.png,17,17,No entry,1.0,True
Test/07782.png,8,8,Speed limit 120 km/h,0.9835066795349121,True
Test/07783.png,16,16,Vehicles over 3.5 t prohibited,1.0,True
Test/07784.png,6,6,End of speed limit 80 km/h,0.9618025422096252,True
Test/07785.png,33,33,Turn right ahead,1.0,True
Test/07786.png,31,31,Wild animals crossing,0.9692553877830505,True
Test/07787.png,9,9,No passing,0.9967142343521118,True
Test/07788.png,34,34,Turn left ahead,0.9999865293502808,True
Test/07789.png,17,17,No entry,1.0,True
Test/07790.png,38,38,Keep right,0.8193700909614563,True
Test/07791.png,9,3,Speed limit 60 km/h,0.6654974818229675,False
Test/07792.png,12,12,Priority road,1.0,True
Test/07793.png,2,2,Speed limit 50 km/h,0.584857702255249,True
Test/07794.png,35,35,Ahead only,0.983676016330719,True
Test/07795.png,4,4,Speed limit 70 km/h,0.9998890161514282,True
Test/07796.png,8,8,Speed limit 120 km/h,0.9825087785720825,True
Test/07797.png,18,18,General caution,0.9960793852806091,True
Test/07798.png,37,37,Go straight or left,0.9432823657989502,True
Test/07799.png,8,8,Speed limit 120 km/h,0.9997400641441345,True
Test/07800.png,13,13,Yield,0.9999983310699463,True
Test/07801.png,12,12,Priority road,1.0,True
Test/07802.png,13,13,Yield,1.0,True
Test/07803.png,11,11,Right-of-way at next intersection,0.9995158910751343,True
Test/07804.png,13,13,Yield,1.0,True
Test/07805.png,12,12,Priority road,1.0,True
Test/07806.png,38,38,Keep right,1.0,True
Test/07807.png,12,12,Priority road,1.0,True
Test/07808.png,8,8,Speed limit 120 km/h,0.9985889792442322,True
Test/07809.png,31,31,Wild animals crossing,0.9952043294906616,True
Test/07810.png,7,5,Speed limit 80 km/h,0.4750615954399109,False
Test/07811.png,30,30,Beware of ice or snow,0.9582877159118652,True
Test/07812.png,5,5,Speed limit 80 km/h,0.8644613027572632,True
Test/07813.png,7,7,Speed limit 100 km/h,0.980414867401123,True
Test/07814.png,31,31,Wild animals crossing,0.9810428619384766,True
Test/07815.png,9,9,No passing,0.7903463244438171,True
Test/07816.png,10,10,No passing for vehicles over 3.5 t,0.8636537194252014,True
Test/07817.png,38,38,Keep right,0.9990857839584351,True
Test/07818.png,8,8,Speed limit 120 km/h,0.999366819858551,True
Test/07819.png,28,28,Children crossing,0.9999808073043823,True
Test/07820.png,10,10,No passing for vehicles over 3.5 t,0.9999972581863403,True
Test/07821.png,5,5,Speed limit 80 km/h,0.8949074149131775,True
Test/07822.png,5,5,Speed limit 80 km/h,0.604145348072052,True
Test/07823.png,25,25,Road work,1.0,True
Test/07824.png,24,24,Road narrows on right,0.9999599456787109,True
Test/07825.png,14,14,Stop,1.0,True
Test/07826.png,26,26,Traffic signals,0.999998927116394,True
Test/07827.png,28,30,Beware of ice or snow,0.4860336184501648,False
Test/07828.png,35,35,Ahead only,0.9999963045120239,True
Test/07829.png,4,4,Speed limit 70 km/h,0.9995457530021667,True
Test/07830.png,1,1,Speed limit 30 km/h,0.9402939677238464,True
Test/07831.png,4,4,Speed limit 70 km/h,0.9999943971633911,True
Test/07832.png,7,7,Speed limit 100 km/h,0.9990684390068054,True
Test/07833.png,39,39,Keep left,0.8755044341087341,True
Test/07834.png,13,13,Yield,1.0,True
Test/07835.png,5,3,Speed limit 60 km/h,0.5681548118591309,False
Test/07836.png,35,35,Ahead only,0.9999954700469971,True
Test/07837.png,3,3,Speed limit 60 km/h,0.961753785610199,True
Test/07838.png,2,2,Speed limit 50 km/h,0.9949829578399658,True
Test/07839.png,31,31,Wild animals crossing,0.9880318641662598,True
Test/07840.png,25,25,Road work,0.7496393918991089,True
Test/07841.png,3,3,Speed limit 60 km/h,0.9999423027038574,True
Test/07842.png,5,5,Speed limit 80 km/h,0.992986261844635,True
Test/07843.png,10,10,No passing for vehicles over 3.5 t,1.0,True
Test/07844.png,35,35,Ahead only,0.9985456466674805,True
Test/07845.png,42,42,End of no passing for vehicles over 3.5 t,0.9956122636795044,True
Test/07846.png,7,7,Speed limit 100 km/h,0.999390721321106,True
Test/07847.png,25,25,Road work,1.0,True
Test/07848.png,40,40,Roundabout mandatory,0.925350546836853,True
Test/07849.png,8,8,Speed limit 120 km/h,0.9590544104576111,True
Test/07850.png,38,38,Keep right,0.9969574213027954,True
Test/07851.png,5,5,Speed limit 80 km/h,0.9911214113235474,True
Test/07852.png,2,2,Speed limit 50 km/h,0.999945878982544,True
Test/07853.png,12,12,Priority road,0.9998915195465088,True
Test/07854.png,38,38,Keep right,1.0,True
Test/07855.png,1,1,Speed limit 30 km/h,0.9937472343444824,True
Test/07856.png,13,13,Yield,1.0,True
Test/07857.png,12,12,Priority road,1.0,True
Test/07858.png,33,33,Turn right ahead,1.0,True
Test/07859.png,38,38,Keep right,0.9988632202148438,True
Test/07860.png,4,4,Speed limit 70 km/h,1.0,True
Test/07861.png,5,5,Speed limit 80 km/h,0.9267244935035706,True
Test/07862.png,5,5,Speed limit 80 km/h,0.9481228590011597,True
Test/07863.png,11,11,Right-of-way at next intersection,0.9637199640274048,True
Test/07864.png,25,25,Road work,1.0,True
Test/07865.png,10,10,No passing for vehicles over 3.5 t,1.0,True
Test/07866.png,7,7,Speed limit 100 km/h,0.9955659508705139,True
Test/07867.png,4,1,Speed limit 30 km/h,0.5755089521408081,False
Test/07868.png,35,35,Ahead only,1.0,True
Test/07869.png,2,2,Speed limit 50 km/h,0.9949289560317993,True
Test/07870.png,8,8,Speed limit 120 km/h,0.926167368888855,True
Test/07871.png,4,4,Speed limit 70 km/h,0.9847601056098938,True
Test/07872.png,1,1,Speed limit 30 km/h,0.9866188168525696,True
Test/07873.png,34,34,Turn left ahead,1.0,True
Test/07874.png,14,14,Stop,0.9999854564666748,True
Test/07875.png,13,13,Yield,1.0,True
Test/07876.png,18,24,Road narrows on right,0.5107227563858032,False
Test/07877.png,37,37,Go straight or left,0.988564133644104,True
Test/07878.png,13,13,Yield,1.0,True
Test/07879.png,5,1,Speed limit 30 km/h,0.9942281246185303,False
Test/07880.png,12,12,Priority road,1.0,True
Test/07881.png,10,10,No passing for vehicles over 3.5 t,1.0,True
Test/07882.png,17,17,No entry,1.0,True
Test/07883.png,17,17,No entry,1.0,True
Test/07884.png,30,29,Bicycles crossing,0.9860245585441589,False
Test/07885.png,20,20,Dangerous curve right,0.9999618530273438,True
Test/07886.png,18,22,Bumpy road,0.7557534575462341,False
Test/07887.png,10,10,No passing for vehicles over 3.5 t,0.9999992847442627,True
Test/07888.png,14,14,Stop,0.9999983310699463,True
Test/07889.png,38,38,Keep right,1.0,True
Test/07890.png,12,12,Priority road,1.0,True
Test/07891.png,12,12,Priority road,1.0,True
Test/07892.png,25,25,Road work,1.0,True
Test/07893.png,12,12,Priority road,1.0,True
Test/07894.png,13,13,Yield,1.0,True
Test/07895.png,35,35,Ahead only,0.9999744892120361,True
Test/07896.png,5,5,Speed limit 80 km/h,0.9578536152839661,True
Test/07897.png,25,25,Road work,1.0,True
Test/07898.png,5,5,Speed limit 80 km/h,0.99808669090271,True
Test/07899.png,1,1,Speed limit 30 km/h,0.9954356551170349,True
Test/07900.png,17,17,No entry,1.0,True
Test/07901.png,4,4,Speed limit 70 km/h,0.9999755620956421,True
Test/07902.png,4,4,Speed limit 70 km/h,0.9250704050064087,True
Test/07903.png,13,13,Yield,1.0,True
Test/07904.png,26,26,Traffic signals,0.9999927282333374,True
Test/07905.png,3,3,Speed limit 60 km/h,0.7561968564987183,True
Test/07906.png,5,5,Speed limit 80 km/h,0.9703353047370911,True
Test/07907.png,30,23,Slippery road,0.8527815341949463,False
Test/07908.png,1,1,Speed limit 30 km/h,0.9885365962982178,True
Test/07909.png,34,34,Turn left ahead,0.9999743700027466,True
Test/07910.png,21,21,Double curve,0.9993754029273987,True
Test/07911.png,18,18,General caution,0.9671781659126282,True
Test/07912.png,12,12,Priority road,1.0,True
Test/07913.png,12,12,Priority road,1.0,True
Test/07914.png,4,4,Speed limit 70 km/h,0.9999774694442749,True
Test/07915.png,2,2,Speed limit 50 km/h,0.6534065008163452,True
Test/07916.png,1,1,Speed limit 30 km/h,0.9999955892562866,True
Test/07917.png,22,22,Bumpy road,0.8152859807014465,True
Test/07918.png,35,35,Ahead only,0.9982333183288574,True
Test/07919.png,31,31,Wild animals crossing,0.9923145174980164,True
Test/07920.png,11,11,Right-of-way at next intersection,1.0,True
Test/07921.png,16,16,Vehicles over 3.5 t prohibited,1.0,True
Test/07922.png,14,14,Stop,0.9789140224456787,True
Test/07923.png,32,32,End of all speed and passing limits,0.741809070110321,True
Test/07924.png,16,16,Vehicles over 3.5 t prohibited,0.9995611310005188,True
Test/07925.png,37,37,Go straight or left,0.999583899974823,True
Test/07926.png,5,5,Speed limit 80 km/h,0.9800037741661072,True
Test/07927.png,35,35,Ahead only,0.6011207103729248,True
Test/07928.png,6,6,End of speed limit 80 km/h,0.5006416440010071,True
Test/07929.png,15,15,No vehicles,0.9999996423721313,True
Test/07930.png,26,26,Traffic signals,0.9999922513961792,True
Test/07931.png,25,25,Road work,0.999539852142334,True
Test/07932.png,5,5,Speed limit 80 km/h,0.9959536790847778,True
Test/07933.png,10,10,No passing for vehicles over 3.5 t,0.9889567494392395,True
Test/07934.png,25,25,Road work,1.0,True
Test/07935.png,40,40,Roundabout mandatory,0.9997925162315369,True
Test/07936.png,2,2,Speed limit 50 km/h,0.9999707937240601,True
Test/07937.png,5,5,Speed limit 80 km/h,0.7245922684669495,True
Test/07938.png,33,33,Turn right ahead,0.9989607334136963,True
Test/07939.png,10,10,No passing for vehicles over 3.5 t,1.0,True
Test/07940.png,13,13,Yield,1.0,True
Test/07941.png,1,1,Speed limit 30 km/h,0.9334004521369934,True
Test/07942.png,15,15,No vehicles,0.9999990463256836,True
Test/07943.png,38,38,Keep right,0.6170699596405029,True
Test/07944.png,7,7,Speed limit 100 km/h,0.9600672721862793,True
Test/07945.png,1,1,Speed limit 30 km/h,0.9835402369499207,True
Test/07946.png,13,13,Yield,0.9994125366210938,True
Test/07947.png,35,35,Ahead only,1.0,True
Test/07948.png,35,35,Ahead only,0.998393714427948,True
Test/07949.png,42,42,End of no passing for vehicles over 3.5 t,0.8432441353797913,True
Test/07950.png,11,11,Right-of-way at next intersection,0.577260434627533,True
Test/07951.png,1,1,Speed limit 30 km/h,0.999911904335022,True
Test/07952.png,35,35,Ahead only,0.9991022348403931,True
Test/07953.png,29,29,Bicycles crossing,0.6295058131217957,True
Test/07954.png,12,12,Priority road,1.0,True
Test/07955.png,37,39,Keep left,0.7742729783058167,False
Test/07956.png,13,13,Yield,1.0,True
Test/07957.png,8,8,Speed limit 120 km/h,0.8846845626831055,True
Test/07958.png,7,7,Speed limit 100 km/h,0.9942726492881775,True
Test/07959.png,5,3,Speed limit 60 km/h,0.6503575444221497,False
Test/07960.png,2,2,Speed limit 50 km/h,0.9996371269226074,True
Test/07961.png,14,14,Stop,0.9993464350700378,True
Test/07962.png,3,3,Speed limit 60 km/h,0.9999594688415527,True
Test/07963.png,38,38,Keep right,0.9999998807907104,True
Test/07964.png,13,13,Yield,0.9999990463256836,True
Test/07965.png,15,15,No vehicles,0.9999998807907104,True
Test/07966.png,25,25,Road work,1.0,True
Test/07967.png,8,8,Speed limit 120 km/h,0.985342264175415,True
Test/07968.png,3,3,Speed limit 60 km/h,0.9999423027038574,True
Test/07969.png,18,18,General caution,0.9811884760856628,True
Test/07970.png,9,9,No passing,0.9999998807907104,True
Test/07971.png,28,28,Children crossing,0.9999784231185913,True
Test/07972.png,3,3,Speed limit 60 km/h,0.9906717538833618,True
Test/07973.png,23,23,Slippery road,0.9991670846939087,True
Test/07974.png,2,2,Speed limit 50 km/h,0.5082581043243408,True
Test/07975.png,4,4,Speed limit 70 km/h,0.9989532232284546,True
Test/07976.png,9,9,No passing,0.9994550347328186,True
Test/07977.png,30,30,Beware of ice or snow,0.8414282202720642,True
Test/07978.png,34,34,Turn left ahead,0.9999773502349854,True
Test/07979.png,2,2,Speed limit 50 km/h,0.9999982118606567,True
Test/07980.png,10,10,No passing for vehicles over 3.5 t,0.9999986886978149,True
Test/07981.png,25,25,Road work,1.0,True
Test/07982.png,1,1,Speed limit 30 km/h,0.9886476397514343,True
Test/07983.png,38,38,Keep right,1.0,True
Test/07984.png,38,38,Keep right,1.0,True
Test/07985.png,24,24,Road narrows on right,0.9926210641860962,True
Test/07986.png,5,5,Speed limit 80 km/h,0.5484614372253418,True
Test/07987.png,19,19,Dangerous curve left,0.999984860420227,True
Test/07988.png,10,20,Dangerous curve right,0.49345317482948303,False
Test/07989.png,35,35,Ahead only,0.878881573677063,True
Test/07990.png,7,5,Speed limit 80 km/h,0.6355918645858765,False
Test/07991.png,11,11,Right-of-way at next intersection,0.9160156846046448,True
Test/07992.png,11,11,Right-of-way at next intersection,0.9999685287475586,True
Test/07993.png,11,28,Children crossing,0.5026395320892334,False
Test/07994.png,3,3,Speed limit 60 km/h,0.9999949932098389,True
Test/07995.png,23,23,Slippery road,0.40921100974082947,True
Test/07996.png,10,10,No passing for vehicles over 3.5 t,0.9999997615814209,True
Test/07997.png,18,26,Traffic signals,0.9150863885879517,False
Test/07998.png,4,4,Speed limit 70 km/h,0.9999984502792358,True
Test/07999.png,1,1,Speed limit 30 km/h,0.9991289973258972,True
Test/08000.png,32,32,End of all speed and passing limits,0.6765462160110474,True
Test/08001.png,5,5,Speed limit 80 km/h,0.9992823004722595,True
Test/08002.png,4,4,Speed limit 70 km/h,0.998245120048523,True
Test/08003.png,38,38,Keep right,0.9984118938446045,True
Test/08004.png,7,7,Speed limit 100 km/h,0.6493226289749146,True
Test/08005.png,38,38,Keep right,1.0,True
Test/08006.png,20,20,Dangerous curve right,0.8612151741981506,True
Test/08007.png,26,26,Traffic signals,0.9778062701225281,True
Test/08008.png,16,16,Vehicles over 3.5 t prohibited,0.9999998807907104,True
Test/08009.png,21,21,Double curve,0.9992590546607971,True
Test/08010.png,23,23,Slippery road,0.999998927116394,True
Test/08011.png,13,13,Yield,1.0,True
Test/08012.png,25,25,Road work,0.9999964237213135,True
Test/08013.png,21,21,Double curve,0.9999886751174927,True
Test/08014.png,4,4,Speed limit 70 km/h,0.9959514141082764,True
Test/08015.png,10,31,Wild animals crossing,0.3742411136627197,False
Test/08016.png,7,7,Speed limit 100 km/h,0.9656926393508911,True
Test/08017.png,2,4,Speed limit 70 km/h,0.9942435622215271,False
Test/08018.png,12,12,Priority road,1.0,True
Test/08019.png,40,40,Roundabout mandatory,0.9760679602622986,True
Test/08020.png,12,12,Priority road,1.0,True
Test/08021.png,34,34,Turn left ahead,0.9999998807907104,True
Test/08022.png,7,7,Speed limit 100 km/h,0.7717466950416565,True
Test/08023.png,9,9,No passing,1.0,True
Test/08024.png,38,38,Keep right,0.9999994039535522,True
Test/08025.png,18,18,General caution,0.9566868543624878,True
Test/08026.png,13,13,Yield,1.0,True
Test/08027.png,38,38,Keep right,0.8149091601371765,True
Test/08028.png,3,3,Speed limit 60 km/h,0.6339775323867798,True
Test/08029.png,17,17,No entry,1.0,True
Test/08030.png,35,33,Turn right ahead,0.7567991018295288,False
Test/08031.png,40,40,Roundabout mandatory,0.9994188547134399,True
Test/08032.png,7,7,Speed limit 100 km/h,0.6410192847251892,True
Test/08033.png,9,9,No passing,0.9999967813491821,True
Test/08034.png,9,9,No passing,1.0,True
Test/08035.png,9,9,No passing,0.9987255930900574,True
Test/08036.png,21,21,Double curve,0.9995693564414978,True
Test/08037.png,38,38,Keep right,1.0,True
Test/08038.png,31,31,Wild animals crossing,0.8787538409233093,True
Test/08039.png,10,10,No passing for vehicles over 3.5 t,1.0,True
Test/08040.png,2,2,Speed limit 50 km/h,0.9998840093612671,True
Test/08041.png,12,12,Priority road,0.9971705079078674,True
Test/08042.png,27,27,Pedestrians,0.9990869760513306,True
Test/08043.png,31,31,Wild animals crossing,0.9786770343780518,True
Test/08044.png,25,25,Road work,0.9345983266830444,True
Test/08045.png,36,36,Go straight or right,0.9999747276306152,True
Test/08046.png,11,11,Right-of-way at next intersection,0.9999963045120239,True
Test/08047.png,24,24,Road narrows on right,0.9877620935440063,True
Test/08048.png,8,8,Speed limit 120 km/h,0.9876809120178223,True
Test/08049.png,35,35,Ahead only,0.9999809265136719,True
Test/08050.png,9,9,No passing,0.9999984502792358,True
Test/08051.png,3,5,Speed limit 80 km/h,0.8378880023956299,False
Test/08052.png,18,18,General caution,0.7097203135490417,True
Test/08053.png,38,38,Keep right,1.0,True
Test/08054.png,13,13,Yield,1.0,True
Test/08055.png,18,18,General caution,0.8681548833847046,True
Test/08056.png,39,39,Keep left,1.0,True
Test/08057.png,38,38,Keep right,1.0,True
Test/08058.png,18,31,Wild animals crossing,0.5909252166748047,False
Test/08059.png,29,29,Bicycles crossing,0.9999839067459106,True
Test/08060.png,18,18,General caution,0.9993557333946228,True
Test/08061.png,10,10,No passing for vehicles over 3.5 t,0.9999887943267822,True
Test/08062.png,13,13,Yield,1.0,True
Test/08063.png,30,30,Beware of ice or snow,0.9972061514854431,True
Test/08064.png,17,17,No entry,1.0,True
Test/08065.png,16,16,Vehicles over 3.5 t prohibited,0.9999674558639526,True
Test/08066.png,9,9,No passing,0.9980900883674622,True
Test/08067.png,35,35,Ahead only,0.9999982118606567,True
Test/08068.png,22,22,Bumpy road,0.8088498711585999,True
Test/08069.png,13,13,Yield,1.0,True
Test/08070.png,13,13,Yield,1.0,True
Test/08071.png,13,13,Yield,1.0,True
Test/08072.png,13,13,Yield,1.0,True
Test/08073.png,13,13,Yield,1.0,True
Test/08074.png,2,1,Speed limit 30 km/h,0.910243034362793,False
Test/08075.png,13,13,Yield,1.0,True
Test/08076.png,24,24,Road narrows on right,0.9885517358779907,True
Test/08077.png,3,3,Speed limit 60 km/h,0.9958220720291138,True
Test/08078.png,35,35,Ahead only,0.9999982118606567,True
Test/08079.png,2,2,Speed limit 50 km/h,0.9999291896820068,True
Test/08080.png,2,2,Speed limit 50 km/h,0.9997395873069763,True
Test/08081.png,9,9,No passing,0.9967296123504639,True
Test/08082.png,8,8,Speed limit 120 km/h,0.9985541701316833,True
Test/08083.png,38,38,Keep right,0.9999963045120239,True
Test/08084.png,35,35,Ahead only,1.0,True
Test/08085.png,7,7,Speed limit 100 km/h,0.9009679555892944,True
Test/08086.png,9,9,No passing,1.0,True
Test/08087.png,9,9,No passing,0.9978975057601929,True
Test/08088.png,2,2,Speed limit 50 km/h,0.9995666146278381,True
Test/08089.png,1,1,Speed limit 30 km/h,0.9314732551574707,True
Test/08090.png,33,33,Turn right ahead,0.9997727274894714,True
Test/08091.png,2,2,Speed limit 50 km/h,0.9999960660934448,True
Test/08092.png,17,17,No entry,1.0,True
Test/08093.png,5,5,Speed limit 80 km/h,0.9592573046684265,True
Test/08094.png,5,5,Speed limit 80 km/h,0.9966475367546082,True
Test/08095.png,3,3,Speed limit 60 km/h,0.9544790387153625,True
Test/08096.png,13,13,Yield,1.0,True
Test/08097.png,34,34,Turn left ahead,1.0,True
Test/08098.png,13,13,Yield,1.0,True
Test/08099.png,35,35,Ahead only,1.0,True
Test/08100.png,28,28,Children crossing,0.9993983507156372,True
Test/08101.png,10,10,No passing for vehicles over 3.5 t,1.0,True
Test/08102.png,11,11,Right-of-way at next intersection,0.9996646642684937,True
Test/08103.png,2,2,Speed limit 50 km/h,1.0,True
Test/08104.png,32,32,End of all speed and passing limits,0.992547333240509,True
Test/08105.png,12,12,Priority road,0.9881652593612671,True
Test/08106.png,2,2,Speed limit 50 km/h,0.9999998807907104,True
Test/08107.png,13,13,Yield,1.0,True
Test/08108.png,11,11,Right-of-way at next intersection,1.0,True
Test/08109.png,35,35,Ahead only,0.9996930360794067,True
Test/08110.png,4,4,Speed limit 70 km/h,0.9999549388885498,True
Test/08111.png,12,12,Priority road,1.0,True
Test/08112.png,17,17,No entry,1.0,True
Test/08113.png,2,2,Speed limit 50 km/h,1.0,True
Test/08114.png,1,1,Speed limit 30 km/h,0.9996265172958374,True
Test/08115.png,1,1,Speed limit 30 km/h,0.9999902248382568,True
Test/08116.png,28,28,Children crossing,0.9998050332069397,True
Test/08117.png,4,4,Speed limit 70 km/h,1.0,True
Test/08118.png,21,21,Double curve,0.999450147151947,True
Test/08119.png,17,17,No entry,0.998111367225647,True
Test/08120.png,3,3,Speed limit 60 km/h,0.9989901185035706,True
Test/08121.png,1,1,Speed limit 30 km/h,0.9922014474868774,True
Test/08122.png,2,2,Speed limit 50 km/h,0.9914312362670898,True
Test/08123.png,18,18,General caution,0.7905904054641724,True
Test/08124.png,10,10,No passing for vehicles over 3.5 t,1.0,True
Test/08125.png,12,12,Priority road,0.9984956979751587,True
Test/08126.png,30,28,Children crossing,0.40104952454566956,False
Test/08127.png,1,1,Speed limit 30 km/h,0.9860300421714783,True
Test/08128.png,7,7,Speed limit 100 km/h,0.9836448431015015,True
Test/08129.png,2,2,Speed limit 50 km/h,0.9930857419967651,True
Test/08130.png,25,25,Road work,0.9783021211624146,True
Test/08131.png,40,40,Roundabout mandatory,0.9999614953994751,True
Test/08132.png,8,8,Speed limit 120 km/h,0.9811098575592041,True
Test/08133.png,27,27,Pedestrians,0.9663836359977722,True
Test/08134.png,4,4,Speed limit 70 km/h,0.9981083869934082,True
Test/08135.png,41,41,End of no passing,0.9094573259353638,True
Test/08136.png,7,7,Speed limit 100 km/h,0.9999860525131226,True
Test/08137.png,3,3,Speed limit 60 km/h,0.9997346997261047,True
Test/08138.png,15,15,No vehicles,0.9999996423721313,True
Test/08139.png,9,9,No passing,1.0,True
Test/08140.png,1,1,Speed limit 30 km/h,0.9999641180038452,True
Test/08141.png,7,7,Speed limit 100 km/h,0.9816699028015137,True
Test/08142.png,32,32,End of all speed and passing limits,0.9973965883255005,True
Test/08143.png,14,14,Stop,0.9999972581863403,True
Test/08144.png,12,25,Road work,0.24346067011356354,False
Test/08145.png,9,9,No passing,1.0,True
Test/08146.png,12,12,Priority road,1.0,True
Test/08147.png,34,34,Turn left ahead,1.0,True
Test/08148.png,12,12,Priority road,0.9999756813049316,True
Test/08149.png,2,2,Speed limit 50 km/h,0.9998458623886108,True
Test/08150.png,35,35,Ahead only,0.9953346848487854,True
Test/08151.png,10,10,No passing for vehicles over 3.5 t,1.0,True
Test/08152.png,7,7,Speed limit 100 km/h,0.998670220375061,True
Test/08153.png,26,26,Traffic signals,0.999981164932251,True
Test/08154.png,12,12,Priority road,1.0,True
Test/08155.png,8,8,Speed limit 120 km/h,0.9998249411582947,True
Test/08156.png,3,3,Speed limit 60 km/h,0.9988987445831299,True
Test/08157.png,11,11,Right-of-way at next intersection,0.9999998807907104,True
Test/08158.png,7,7,Speed limit 100 km/h,0.939544141292572,True
Test/08159.png,38,38,Keep right,1.0,True
Test/08160.png,5,5,Speed limit 80 km/h,0.9959285855293274,True
Test/08161.png,4,4,Speed limit 70 km/h,0.9999910593032837,True
Test/08162.png,33,33,Turn right ahead,1.0,True
Test/08163.png,1,1,Speed limit 30 km/h,0.9927334785461426,True
Test/08164.png,29,28,Children crossing,0.5872398018836975,False
Test/08165.png,4,4,Speed limit 70 km/h,0.9999712705612183,True
Test/08166.png,25,25,Road work,0.9982391595840454,True
Test/08167.png,25,25,Road work,0.9996292591094971,True
Test/08168.png,37,37,Go straight or left,0.992334246635437,True
Test/08169.png,12,12,Priority road,0.9373969435691833,True
Test/08170.png,10,10,No passing for vehicles over 3.5 t,0.9999998807907104,True
Test/08171.png,15,15,No vehicles,0.9999456405639648,True
Test/08172.png,38,38,Keep right,1.0,True
Test/08173.png,11,27,Pedestrians,0.577650249004364,False
Test/08174.png,5,5,Speed limit 80 km/h,0.9915537238121033,True
Test/08175.png,18,18,General caution,0.9997594952583313,True
Test/08176.png,2,1,Speed limit 30 km/h,0.5342400074005127,False
Test/08177.png,13,13,Yield,1.0,True
Test/08178.png,35,35,Ahead only,0.9994068145751953,True
Test/08179.png,26,26,Traffic signals,0.9999659061431885,True
Test/08180.png,13,13,Yield,1.0,True
Test/08181.png,38,38,Keep right,1.0,True
Test/08182.png,13,13,Yield,1.0,True
Test/08183.png,2,2,Speed limit 50 km/h,0.9730601906776428,True
Test/08184.png,19,19,Dangerous curve left,1.0,True
Test/08185.png,12,12,Priority road,1.0,True
Test/08186.png,38,38,Keep right,0.9999978542327881,True
Test/08187.png,26,26,Traffic signals,0.9505019187927246,True
Test/08188.png,38,38,Keep right,0.9994574189186096,True
Test/08189.png,6,6,End of speed limit 80 km/h,0.9951564073562622,True
Test/08190.png,5,5,Speed limit 80 km/h,0.7924142479896545,True
Test/08191.png,5,5,Speed limit 80 km/h,0.9696577191352844,True
Test/08192.png,9,9,No passing,0.9991760849952698,True
Test/08193.png,34,34,Turn left ahead,1.0,True
Test/08194.png,29,29,Bicycles crossing,0.99930739402771,True
Test/08195.png,13,13,Yield,1.0,True
Test/08196.png,3,3,Speed limit 60 km/h,0.999840497970581,True
Test/08197.png,10,10,No passing for vehicles over 3.5 t,1.0,True
Test/08198.png,3,3,Speed limit 60 km/h,0.9201379418373108,True
Test/08199.png,40,40,Roundabout mandatory,0.999846339225769,True
Test/08200.png,4,4,Speed limit 70 km/h,0.8553842306137085,True
Test/08201.png,5,3,Speed limit 60 km/h,0.8224969506263733,False
Test/08202.png,13,13,Yield,0.9999442100524902,True
Test/08203.png,29,29,Bicycles crossing,0.8369017839431763,True
Test/08204.png,12,12,Priority road,1.0,True
Test/08205.png,42,41,End of no passing,0.36742809414863586,False
Test/08206.png,1,1,Speed limit 30 km/h,0.999891996383667,True
Test/08207.png,7,7,Speed limit 100 km/h,0.9747593998908997,True
Test/08208.png,6,6,End of speed limit 80 km/h,0.8038281798362732,True
Test/08209.png,3,3,Speed limit 60 km/h,0.9998377561569214,True
Test/08210.png,19,19,Dangerous curve left,0.7349320650100708,True
Test/08211.png,1,1,Speed limit 30 km/h,0.9584396481513977,True
Test/08212.png,5,5,Speed limit 80 km/h,0.9818854928016663,True
Test/08213.png,2,2,Speed limit 50 km/h,0.9999587535858154,True
Test/08214.png,9,9,No passing,0.9972686767578125,True
Test/08215.png,38,38,Keep right,1.0,True
Test/08216.png,12,12,Priority road,1.0,True
Test/08217.png,33,33,Turn right ahead,1.0,True
Test/08218.png,15,15,No vehicles,1.0,True
Test/08219.png,22,22,Bumpy road,0.9999980926513672,True
Test/08220.png,1,2,Speed limit 50 km/h,0.8275790810585022,False
Test/08221.png,1,1,Speed limit 30 km/h,0.9879255294799805,True
Test/08222.png,2,2,Speed limit 50 km/h,0.8972632884979248,True
Test/08223.png,35,35,Ahead only,0.9998120665550232,True
Test/08224.png,4,4,Speed limit 70 km/h,0.9996954202651978,True
Test/08225.png,17,17,No entry,0.9998663663864136,True
Test/08226.png,31,31,Wild animals crossing,0.8587151765823364,True
Test/08227.png,18,18,General caution,0.9626021385192871,True
Test/08228.png,31,31,Wild animals crossing,0.8899350762367249,True
Test/08229.png,10,10,No passing for vehicles over 3.5 t,1.0,True
Test/08230.png,10,10,No passing for vehicles over 3.5 t,0.9999998807907104,True
Test/08231.png,38,38,Keep right,1.0,True
Test/08232.png,1,1,Speed limit 30 km/h,0.7752872705459595,True
Test/08233.png,9,9,No passing,0.9725595116615295,True
Test/08234.png,35,35,Ahead only,0.9993196725845337,True
Test/08235.png,31,31,Wild animals crossing,0.9822287559509277,True
Test/08236.png,28,28,Children crossing,0.9999953508377075,True
Test/08237.png,16,16,Vehicles over 3.5 t prohibited,0.9996486902236938,True
Test/08238.png,17,9,No passing,0.6264432072639465,False
Test/08239.png,8,8,Speed limit 120 km/h,0.9922651052474976,True
Test/08240.png,23,23,Slippery road,0.6221674084663391,True
Test/08241.png,5,5,Speed limit 80 km/h,0.9914430975914001,True
Test/08242.png,2,2,Speed limit 50 km/h,0.9996675252914429,True
Test/08243.png,7,7,Speed limit 100 km/h,0.5307987928390503,True
Test/08244.png,13,13,Yield,1.0,True
Test/08245.png,13,13,Yield,0.9999996423721313,True
Test/08246.png,7,7,Speed limit 100 km/h,0.9998252987861633,True
Test/08247.png,13,13,Yield,1.0,True
Test/08248.png,38,38,Keep right,0.8139693140983582,True
Test/08249.png,8,8,Speed limit 120 km/h,0.9998026490211487,True
Test/08250.png,35,35,Ahead only,0.745670735836029,True
Test/08251.png,9,9,No passing,1.0,True
Test/08252.png,9,9,No passing,1.0,True
Test/08253.png,13,13,Yield,1.0,True
Test/08254.png,41,41,End of no passing,0.670555591583252,True
Test/08255.png,35,35,Ahead only,0.9995595812797546,True
Test/08256.png,2,1,Speed limit 30 km/h,0.6901669502258301,False
Test/08257.png,12,12,Priority road,1.0,True
Test/08258.png,33,33,Turn right ahead,0.9999998807907104,True
Test/08259.png,18,18,General caution,0.9598057270050049,True
Test/08260.png,4,4,Speed limit 70 km/h,0.9998903274536133,True
Test/08261.png,1,1,Speed limit 30 km/h,0.9998818635940552,True
Test/08262.png,12,12,Priority road,0.9999963045120239,True
Test/08263.png,1,1,Speed limit 30 km/h,0.9358190298080444,True
Test/08264.png,5,5,Speed limit 80 km/h,0.9847151041030884,True
Test/08265.png,11,11,Right-of-way at next intersection,0.8059478402137756,True
Test/08266.png,38,38,Keep right,0.9993537068367004,True
Test/08267.png,7,7,Speed limit 100 km/h,0.9637413620948792,True
Test/08268.png,18,18,General caution,0.9982836246490479,True
Test/08269.png,14,14,Stop,1.0,True
Test/08270.png,2,2,Speed limit 50 km/h,0.9968518614768982,True
Test/08271.png,8,8,Speed limit 120 km/h,0.9988958835601807,True
Test/08272.png,38,38,Keep right,1.0,True
Test/08273.png,7,8,Speed limit 120 km/h,0.42728090286254883,False
Test/08274.png,9,3,Speed limit 60 km/h,0.9207364320755005,False
Test/08275.png,11,11,Right-of-way at next intersection,0.9952523708343506,True
Test/08276.png,12,12,Priority road,0.9996254444122314,True
Test/08277.png,12,12,Priority road,1.0,True
Test/08278.png,8,8,Speed limit 120 km/h,0.6016832590103149,True
Test/08279.png,35,35,Ahead only,0.9944625496864319,True
Test/08280.png,4,4,Speed limit 70 km/h,0.9917824268341064,True
Test/08281.png,3,3,Speed limit 60 km/h,0.9780202507972717,True
Test/08282.png,28,28,Children crossing,0.9933085441589355,True
Test/08283.png,31,31,Wild animals crossing,0.46786484122276306,True
Test/08284.png,18,18,General caution,0.43032529950141907,True
Test/08285.png,4,4,Speed limit 70 km/h,0.999996542930603,True
Test/08286.png,26,26,Traffic signals,0.9992521405220032,True
Test/08287.png,2,2,Speed limit 50 km/h,0.9999892711639404,True
Test/08288.png,38,38,Keep right,0.9999986886978149,True
Test/08289.png,2,2,Speed limit 50 km/h,0.999998927116394,True
Test/08290.png,14,14,Stop,0.9999992847442627,True
Test/08291.png,13,13,Yield,1.0,True
Test/08292.png,18,18,General caution,0.925794780254364,True
Test/08293.png,4,4,Speed limit 70 km/h,0.9955669045448303,True
Test/08294.png,13,13,Yield,1.0,True
Test/08295.png,12,12,Priority road,0.9996310472488403,True
Test/08296.png,11,11,Right-of-way at next intersection,0.9999263286590576,True
Test/08297.png,11,30,Beware of ice or snow,0.5031821131706238,False
Test/08298.png,1,1,Speed limit 30 km/h,0.9971972703933716,True
Test/08299.png,21,21,Double curve,0.9970722198486328,True
Test/08300.png,18,18,General caution,0.9164532423019409,True
Test/08301.png,25,25,Road work,1.0,True
Test/08302.png,38,38,Keep right,1.0,True
Test/08303.png,6,6,End of speed limit 80 km/h,0.9553427696228027,True
Test/08304.png,34,34,Turn left ahead,1.0,True
Test/08305.png,35,33,Turn right ahead,0.4639902710914612,False
Test/08306.png,12,12,Priority road,1.0,True
Test/08307.png,16,16,Vehicles over 3.5 t prohibited,1.0,True
Test/08308.png,12,4,Speed limit 70 km/h,0.9481114149093628,False
Test/08309.png,18,24,Road narrows on right,0.31871676445007324,False
Test/08310.png,3,3,Speed limit 60 km/h,0.9965932965278625,True
Test/08311.png,1,1,Speed limit 30 km/h,0.9904566407203674,True
Test/08312.png,10,10,No passing for vehicles over 3.5 t,0.9999947547912598,True
Test/08313.png,5,5,Speed limit 80 km/h,0.7684113383293152,True
Test/08314.png,12,12,Priority road,1.0,True
Test/08315.png,1,1,Speed limit 30 km/h,0.9999998807907104,True
Test/08316.png,1,1,Speed limit 30 km/h,0.9895331263542175,True
Test/08317.png,11,11,Right-of-way at next intersection,0.9999885559082031,True
Test/08318.png,9,9,No passing,0.9999998807907104,True
Test/08319.png,2,1,Speed limit 30 km/h,0.9771499037742615,False
Test/08320.png,34,34,Turn left ahead,1.0,True
Test/08321.png,3,3,Speed limit 60 km/h,0.9982777833938599,True
Test/08322.png,29,29,Bicycles crossing,0.9999942779541016,True
Test/08323.png,6,6,End of speed limit 80 km/h,0.9984683394432068,True
Test/08324.png,35,35,Ahead only,0.9997789263725281,True
Test/08325.png,12,12,Priority road,1.0,True
Test/08326.png,25,25,Road work,1.0,True
Test/08327.png,35,35,Ahead only,0.9773650765419006,True
Test/08328.png,15,15,No vehicles,0.9999984502792358,True
Test/08329.png,38,38,Keep right,0.9999994039535522,True
Test/08330.png,4,4,Speed limit 70 km/h,0.9999171495437622,True
Test/08331.png,12,12,Priority road,1.0,True
Test/08332.png,31,25,Road work,0.4010410010814667,False
Test/08333.png,4,4,Speed limit 70 km/h,0.9463014006614685,True
Test/08334.png,13,13,Yield,1.0,True
Test/08335.png,38,38,Keep right,1.0,True
Test/08336.png,2,2,Speed limit 50 km/h,0.9973045587539673,True
Test/08337.png,39,39,Keep left,0.7613800168037415,True
Test/08338.png,10,10,No passing for vehicles over 3.5 t,1.0,True
Test/08339.png,11,11,Right-of-way at next intersection,0.9999716281890869,True
Test/08340.png,31,31,Wild animals crossing,0.7710182070732117,True
Test/08341.png,6,6,End of speed limit 80 km/h,0.9758051037788391,True
Test/08342.png,38,38,Keep right,1.0,True
Test/08343.png,25,25,Road work,0.9985637068748474,True
Test/08344.png,40,40,Roundabout mandatory,0.8487429022789001,True
Test/08345.png,7,7,Speed limit 100 km/h,0.8436758518218994,True
Test/08346.png,17,17,No entry,1.0,True
Test/08347.png,35,35,Ahead only,0.9747506976127625,True
Test/08348.png,30,30,Beware of ice or snow,0.9873247146606445,True
Test/08349.png,10,10,No passing for vehicles over 3.5 t,0.9999998807907104,True
Test/08350.png,9,9,No passing,0.997211754322052,True
Test/08351.png,38,38,Keep right,1.0,True
Test/08352.png,21,18,General caution,0.8492873311042786,False
Test/08353.png,38,38,Keep right,1.0,True
Test/08354.png,2,1,Speed limit 30 km/h,0.5587169528007507,False
Test/08355.png,31,18,General caution,0.3980885446071625,False
Test/08356.png,9,9,No passing,0.9999871253967285,True
Test/08357.png,33,33,Turn right ahead,1.0,True
Test/08358.png,31,31,Wild animals crossing,0.970811665058136,True
Test/08359.png,1,1,Speed limit 30 km/h,0.9999839067459106,True
Test/08360.png,4,4,Speed limit 70 km/h,0.989719808101654,True
Test/08361.png,20,20,Dangerous curve right,0.6677108407020569,True
Test/08362.png,31,31,Wild animals crossing,0.8818655014038086,True
Test/08363.png,13,13,Yield,0.9999970197677612,True
Test/08364.png,25,25,Road work,0.9999998807907104,True
Test/08365.png,23,23,Slippery road,0.6831520795822144,True
Test/08366.png,38,38,Keep right,1.0,True
Test/08367.png,1,1,Speed limit 30 km/h,0.9866718649864197,True
Test/08368.png,28,28,Children crossing,0.99998939037323,True
Test/08369.png,2,2,Speed limit 50 km/h,0.554527759552002,True
Test/08370.png,11,11,Right-of-way at next intersection,0.9998036026954651,True
Test/08371.png,1,1,Speed limit 30 km/h,0.9987921118736267,True
Test/08372.png,33,33,Turn right ahead,0.9999990463256836,True
Test/08373.png,18,18,General caution,0.998555600643158,True
Test/08374.png,9,9,No passing,0.9969852566719055,True
Test/08375.png,20,20,Dangerous curve right,0.9999673366546631,True
Test/08376.png,18,21,Double curve,0.4021812975406647,False
Test/08377.png,25,25,Road work,0.9995802044868469,True
Test/08378.png,2,2,Speed limit 50 km/h,0.9999947547912598,True
Test/08379.png,9,9,No passing,1.0,True
Test/08380.png,10,10,No passing for vehicles over 3.5 t,1.0,True
Test/08381.png,8,8,Speed limit 120 km/h,0.8648014068603516,True
Test/08382.png,39,39,Keep left,0.8817522525787354,True
Test/08383.png,38,38,Keep right,1.0,True
Test/08384.png,9,9,No passing,1.0,True
Test/08385.png,4,4,Speed limit 70 km/h,0.998561680316925,True
Test/08386.png,2,2,Speed limit 50 km/h,0.9999459981918335,True
Test/08387.png,8,8,Speed limit 120 km/h,0.9918506741523743,True
Test/08388.png,25,25,Road work,0.9999998807907104,True
Test/08389.png,5,5,Speed limit 80 km/h,0.9826347231864929,True
Test/08390.png,3,3,Speed limit 60 km/h,0.9994825124740601,True
Test/08391.png,13,13,Yield,1.0,True
Test/08392.png,4,4,Speed limit 70 km/h,0.8821014165878296,True
Test/08393.png,3,3,Speed limit 60 km/h,0.9996680021286011,True
Test/08394.png,18,18,General caution,0.9901140928268433,True
Test/08395.png,25,25,Road work,0.9998928308486938,True
Test/08396.png,13,13,Yield,0.9999245405197144,True
Test/08397.png,12,12,Priority road,1.0,True
Test/08398.png,19,19,Dangerous curve left,0.9490857124328613,True
Test/08399.png,13,13,Yield,1.0,True
Test/08400.png,25,25,Road work,1.0,True
Test/08401.png,4,4,Speed limit 70 km/h,0.9997419714927673,True
Test/08402.png,12,12,Priority road,0.9997922778129578,True
Test/08403.png,39,39,Keep left,1.0,True
Test/08404.png,5,5,Speed limit 80 km/h,0.9985172152519226,True
Test/08405.png,5,5,Speed limit 80 km/h,0.81547611951828,True
Test/08406.png,5,5,Speed limit 80 km/h,0.9995111227035522,True
Test/08407.png,3,3,Speed limit 60 km/h,0.9974035620689392,True
Test/08408.png,5,5,Speed limit 80 km/h,0.998121440410614,True
Test/08409.png,8,8,Speed limit 120 km/h,0.9919267892837524,True
Test/08410.png,23,23,Slippery road,0.9825894832611084,True
Test/08411.png,4,4,Speed limit 70 km/h,0.9954994320869446,True
Test/08412.png,12,12,Priority road,1.0,True
Test/08413.png,28,28,Children crossing,0.9999997615814209,True
Test/08414.png,4,4,Speed limit 70 km/h,0.9982593655586243,True
Test/08415.png,9,9,No passing,0.9996339082717896,True
Test/08416.png,12,12,Priority road,0.9999998807907104,True
Test/08417.png,13,13,Yield,0.9999943971633911,True
Test/08418.png,13,13,Yield,1.0,True
Test/08419.png,17,17,No entry,1.0,True
Test/08420.png,5,5,Speed limit 80 km/h,0.9572856426239014,True
Test/08421.png,4,4,Speed limit 70 km/h,0.997626006603241,True
Test/08422.png,27,25,Road work,0.3468955457210541,False
Test/08423.png,39,39,Keep left,0.9999961853027344,True
Test/08424.png,37,39,Keep left,0.9349730610847473,False
Test/08425.png,13,13,Yield,1.0,True
Test/08426.png,3,3,Speed limit 60 km/h,0.9958708882331848,True
Test/08427.png,15,15,No vehicles,0.7685332298278809,True
Test/08428.png,24,24,Road narrows on right,0.9878448843955994,True
Test/08429.png,10,10,No passing for vehicles over 3.5 t,0.9999840259552002,True
Test/08430.png,12,12,Priority road,1.0,True
Test/08431.png,6,6,End of speed limit 80 km/h,0.979013204574585,True
Test/08432.png,38,38,Keep right,1.0,True
Test/08433.png,17,17,No entry,1.0,True
Test/08434.png,12,12,Priority road,1.0,True
Test/08435.png,31,31,Wild animals crossing,0.7933924198150635,True
Test/08436.png,1,1,Speed limit 30 km/h,0.9961200952529907,True
Test/08437.png,11,11,Right-of-way at next intersection,0.9541068077087402,True
Test/08438.png,15,15,No vehicles,0.9999978542327881,True
Test/08439.png,15,15,No vehicles,1.0,True
Test/08440.png,4,4,Speed limit 70 km/h,0.9997149109840393,True
Test/08441.png,7,7,Speed limit 100 km/h,0.9863802790641785,True
Test/08442.png,13,13,Yield,1.0,True
Test/08443.png,13,13,Yield,1.0,True
Test/08444.png,34,34,Turn left ahead,0.9999387264251709,True
Test/08445.png,7,5,Speed limit 80 km/h,0.836854875087738,False
Test/08446.png,11,11,Right-of-way at next intersection,0.7294633388519287,True
Test/08447.png,21,21,Double curve,0.9999959468841553,True
Test/08448.png,14,14,Stop,1.0,True
Test/08449.png,24,24,Road narrows on right,0.999697208404541,True
Test/08450.png,38,38,Keep right,1.0,True
Test/08451.png,4,4,Speed limit 70 km/h,0.9985132813453674,True
Test/08452.png,20,20,Dangerous curve right,0.9989597797393799,True
Test/08453.png,4,4,Speed limit 70 km/h,0.9974938631057739,True
Test/08454.png,9,9,No passing,0.9999996423721313,True
Test/08455.png,1,1,Speed limit 30 km/h,0.9964233040809631,True
Test/08456.png,41,41,End of no passing,0.9884575009346008,True
Test/08457.png,10,10,No passing for vehicles over 3.5 t,0.9999899864196777,True
Test/08458.png,34,34,Turn left ahead,0.9999678134918213,True
Test/08459.png,2,2,Speed limit 50 km/h,0.9922922849655151,True
Test/08460.png,21,22,Bumpy road,0.6534925699234009,False
Test/08461.png,1,1,Speed limit 30 km/h,0.9972021579742432,True
Test/08462.png,20,20,Dangerous curve right,0.9951819777488708,True
Test/08463.png,2,2,Speed limit 50 km/h,0.9964768290519714,True
Test/08464.png,4,4,Speed limit 70 km/h,0.9988179802894592,True
Test/08465.png,25,25,Road work,0.9993430972099304,True
Test/08466.png,9,9,No passing,1.0,True
Test/08467.png,16,16,Vehicles over 3.5 t prohibited,0.9999996423721313,True
Test/08468.png,3,3,Speed limit 60 km/h,0.9993614554405212,True
Test/08469.png,26,26,Traffic signals,0.9994547963142395,True
Test/08470.png,1,1,Speed limit 30 km/h,0.9989669322967529,True
Test/08471.png,5,3,Speed limit 60 km/h,0.6056782007217407,False
Test/08472.png,8,8,Speed limit 120 km/h,0.9999057054519653,True
Test/08473.png,7,7,Speed limit 100 km/h,0.9911194443702698,True
Test/08474.png,9,9,No passing,0.9999985694885254,True
Test/08475.png,14,14,Stop,0.9999923706054688,True
Test/08476.png,14,14,Stop,0.9999998807907104,True
Test/08477.png,14,14,Stop,1.0,True
Test/08478.png,7,7,Speed limit 100 km/h,0.9959331154823303,True
Test/08479.png,4,4,Speed limit 70 km/h,0.9998624324798584,True
Test/08480.png,23,23,Slippery road,0.7081392407417297,True
Test/08481.png,28,28,Children crossing,0.9999990463256836,True
Test/08482.png,11,11,Right-of-way at next intersection,0.998799204826355,True
Test/08483.png,29,22,Bumpy road,0.6659599542617798,False
Test/08484.png,33,33,Turn right ahead,0.9999949932098389,True
Test/08485.png,11,11,Right-of-way at next intersection,0.6663579344749451,True
Test/08486.png,6,6,End of speed limit 80 km/h,0.9985920786857605,True
Test/08487.png,6,6,End of speed limit 80 km/h,0.9961052536964417,True
Test/08488.png,11,11,Right-of-way at next intersection,0.7506259083747864,True
Test/08489.png,12,12,Priority road,1.0,True
Test/08490.png,4,4,Speed limit 70 km/h,0.9992656111717224,True
Test/08491.png,13,13,Yield,1.0,True
Test/08492.png,16,16,Vehicles over 3.5 t prohibited,0.9959695339202881,True
Test/08493.png,7,7,Speed limit 100 km/h,0.998847484588623,True
Test/08494.png,2,2,Speed limit 50 km/h,0.9793532490730286,True
Test/08495.png,10,10,No passing for vehicles over 3.5 t,0.9999752044677734,True
Test/08496.png,13,13,Yield,0.9998667240142822,True
Test/08497.png,10,10,No passing for vehicles over 3.5 t,1.0,True
Test/08498.png,4,4,Speed limit 70 km/h,0.9965482354164124,True
Test/08499.png,6,6,End of speed limit 80 km/h,0.8777766823768616,True
Test/08500.png,38,38,Keep right,1.0,True
Test/08501.png,10,10,No passing for vehicles over 3.5 t,1.0,True
Test/08502.png,15,15,No vehicles,1.0,True
Test/08503.png,10,10,No passing for vehicles over 3.5 t,1.0,True
Test/08504.png,9,9,No passing,1.0,True
Test/08505.png,37,37,Go straight or left,0.7922300696372986,True
Test/08506.png,18,18,General caution,0.9594558477401733,True
Test/08507.png,38,38,Keep right,0.9999998807907104,True
Test/08508.png,38,38,Keep right,0.9990259408950806,True
Test/08509.png,13,13,Yield,1.0,True
Test/08510.png,30,30,Beware of ice or snow,0.5989375710487366,True
Test/08511.png,13,13,Yield,1.0,True
Test/08512.png,17,17,No entry,1.0,True
Test/08513.png,1,1,Speed limit 30 km/h,0.9742188453674316,True
Test/08514.png,17,17,No entry,1.0,True
Test/08515.png,7,7,Speed limit 100 km/h,0.9972327351570129,True
Test/08516.png,11,11,Right-of-way at next intersection,0.9999970197677612,True
Test/08517.png,5,1,Speed limit 30 km/h,0.9898209571838379,False
Test/08518.png,7,7,Speed limit 100 km/h,0.9804743528366089,True
Test/08519.png,18,18,General caution,0.7289777398109436,True
Test/08520.png,36,38,Keep right,0.6053732633590698,False
Test/08521.png,18,18,General caution,0.999431312084198,True
Test/08522.png,9,9,No passing,0.9999979734420776,True
Test/08523.png,2,2,Speed limit 50 km/h,0.9933819770812988,True
Test/08524.png,7,5,Speed limit 80 km/h,0.7878538966178894,False
Test/08525.png,39,39,Keep left,1.0,True
Test/08526.png,7,7,Speed limit 100 km/h,0.999987006187439,True
Test/08527.png,25,25,Road work,0.9999994039535522,True
Test/08528.png,5,5,Speed limit 80 km/h,0.9994650483131409,True
Test/08529.png,25,25,Road work,0.9996241331100464,True
Test/08530.png,15,15,No vehicles,0.6004273295402527,True
Test/08531.png,4,15,No vehicles,0.7267301082611084,False
Test/08532.png,35,35,Ahead only,0.9991233944892883,True
Test/08533.png,10,10,No passing for vehicles over 3.5 t,0.999958872795105,True
Test/08534.png,1,1,Speed limit 30 km/h,0.9900397658348083,True
Test/08535.png,12,12,Priority road,0.9999172687530518,True
Test/08536.png,1,1,Speed limit 30 km/h,0.9996987581253052,True
Test/08537.png,12,12,Priority road,1.0,True
Test/08538.png,13,13,Yield,1.0,True
Test/08539.png,5,5,Speed limit 80 km/h,0.9722838997840881,True
Test/08540.png,8,8,Speed limit 120 km/h,0.9189369678497314,True
Test/08541.png,18,18,General caution,0.9858273267745972,True
Test/08542.png,10,10,No passing for vehicles over 3.5 t,0.9966524243354797,True
Test/08543.png,35,35,Ahead only,1.0,True
Test/08544.png,39,39,Keep left,0.944818377494812,True
Test/08545.png,5,5,Speed limit 80 km/h,0.9682429432868958,True
Test/08546.png,10,10,No passing for vehicles over 3.5 t,0.999995231628418,True
Test/08547.png,13,13,Yield,1.0,True
Test/08548.png,14,14,Stop,1.0,True
Test/08549.png,30,30,Beware of ice or snow,0.8694656491279602,True
Test/08550.png,2,2,Speed limit 50 km/h,0.998233437538147,True
Test/08551.png,12,12,Priority road,1.0,True
Test/08552.png,3,5,Speed limit 80 km/h,0.935985803604126,False
Test/08553.png,38,38,Keep right,1.0,True
Test/08554.png,1,1,Speed limit 30 km/h,0.9997726082801819,True
Test/08555.png,38,38,Keep right,0.9999998807907104,True
Test/08556.png,35,35,Ahead only,0.927214503288269,True
Test/08557.png,1,1,Speed limit 30 km/h,0.9975507855415344,True
Test/08558.png,12,12,Priority road,1.0,True
Test/08559.png,2,2,Speed limit 50 km/h,0.9988356232643127,True
Test/08560.png,23,23,Slippery road,0.999828577041626,True
Test/08561.png,23,23,Slippery road,0.9999924898147583,True
Test/08562.png,2,2,Speed limit 50 km/h,0.998748779296875,True
Test/08563.png,28,28,Children crossing,0.9999964237213135,True
Test/08564.png,8,8,Speed limit 120 km/h,0.9996612071990967,True
Test/08565.png,4,4,Speed limit 70 km/h,0.999261200428009,True
Test/08566.png,35,35,Ahead only,0.9978741407394409,True
Test/08567.png,8,8,Speed limit 120 km/h,0.9997523427009583,True
Test/08568.png,1,1,Speed limit 30 km/h,0.9999884366989136,True
Test/08569.png,13,13,Yield,1.0,True
Test/08570.png,10,10,No passing for vehicles over 3.5 t,1.0,True
Test/08571.png,17,17,No entry,1.0,True
Test/08572.png,17,17,No entry,1.0,True
Test/08573.png,14,14,Stop,1.0,True
Test/08574.png,27,27,Pedestrians,0.9719093441963196,True
Test/08575.png,2,2,Speed limit 50 km/h,0.9912828207015991,True
Test/08576.png,10,10,No passing for vehicles over 3.5 t,0.9999775886535645,True
Test/08577.png,35,35,Ahead only,0.9984391331672668,True
Test/08578.png,38,38,Keep right,0.9999998807907104,True
Test/08579.png,38,38,Keep right,1.0,True
Test/08580.png,13,13,Yield,1.0,True
Test/08581.png,31,31,Wild animals crossing,0.976688802242279,True
Test/08582.png,4,4,Speed limit 70 km/h,0.9999650716781616,True
Test/08583.png,7,5,Speed limit 80 km/h,0.830479085445404,False
Test/08584.png,11,11,Right-of-way at next intersection,0.9898473620414734,True
Test/08585.png,27,25,Road work,0.5837194919586182,False
Test/08586.png,14,14,Stop,1.0,True
Test/08587.png,26,26,Traffic signals,0.9885290265083313,True
Test/08588.png,31,23,Slippery road,0.7458193898200989,False
Test/08589.png,22,22,Bumpy road,0.9717949628829956,True
Test/08590.png,18,24,Road narrows on right,0.4099638760089874,False
Test/08591.png,10,10,No passing for vehicles over 3.5 t,1.0,True
Test/08592.png,4,4,Speed limit 70 km/h,0.9995760321617126,True
Test/08593.png,11,11,Right-of-way at next intersection,0.9990972280502319,True
Test/08594.png,13,13,Yield,0.9999574422836304,True
Test/08595.png,38,38,Keep right,0.8122497200965881,True
Test/08596.png,10,10,No passing for vehicles over 3.5 t,0.9999866485595703,True
Test/08597.png,8,8,Speed limit 120 km/h,0.9861283302307129,True
Test/08598.png,13,13,Yield,0.9999972581863403,True
Test/08599.png,24,24,Road narrows on right,0.9630680680274963,True
Test/08600.png,5,5,Speed limit 80 km/h,0.9950348138809204,True
Test/08601.png,4,4,Speed limit 70 km/h,0.9990498423576355,True
Test/08602.png,3,3,Speed limit 60 km/h,0.9913980960845947,True
Test/08603.png,23,23,Slippery road,0.9905756711959839,True
Test/08604.png,17,17,No entry,0.99960857629776,True
Test/08605.png,1,1,Speed limit 30 km/h,0.9999833106994629,True
Test/08606.png,8,8,Speed limit 120 km/h,0.9966564178466797,True
Test/08607.png,14,14,Stop,0.9999998807907104,True
Test/08608.png,2,2,Speed limit 50 km/h,0.9999849796295166,True
Test/08609.png,13,13,Yield,1.0,True
Test/08610.png,12,12,Priority road,1.0,True
Test/08611.png,5,5,Speed limit 80 km/h,0.9882056713104248,True
Test/08612.png,13,13,Yield,1.0,True
Test/08613.png,31,31,Wild animals crossing,0.9899786710739136,True
Test/08614.png,38,38,Keep right,1.0,True
Test/08615.png,23,23,Slippery road,0.986554741859436,True
Test/08616.png,28,28,Children crossing,0.9999899864196777,True
Test/08617.png,35,35,Ahead only,1.0,True
Test/08618.png,8,8,Speed limit 120 km/h,0.9984424710273743,True
Test/08619.png,16,16,Vehicles over 3.5 t prohibited,1.0,True
Test/08620.png,31,31,Wild animals crossing,0.9966508746147156,True
Test/08621.png,5,5,Speed limit 80 km/h,0.9969348907470703,True
Test/08622.png,12,12,Priority road,0.31625136733055115,True
Test/08623.png,1,1,Speed limit 30 km/h,0.999956488609314,True
Test/08624.png,30,30,Beware of ice or snow,0.8676808476448059,True
Test/08625.png,34,34,Turn left ahead,1.0,True
Test/08626.png,15,15,No vehicles,1.0,True
Test/08627.png,7,7,Speed limit 100 km/h,0.9803048968315125,True
Test/08628.png,14,14,Stop,0.9999984502792358,True
Test/08629.png,13,13,Yield,1.0,True
Test/08630.png,15,15,No vehicles,1.0,True
Test/08631.png,12,12,Priority road,1.0,True
Test/08632.png,2,2,Speed limit 50 km/h,0.9999967813491821,True
Test/08633.png,4,4,Speed limit 70 km/h,1.0,True
Test/08634.png,1,1,Speed limit 30 km/h,0.9994451403617859,True
Test/08635.png,17,17,No entry,1.0,True
Test/08636.png,13,13,Yield,1.0,True
Test/08637.png,12,12,Priority road,1.0,True
Test/08638.png,1,1,Speed limit 30 km/h,0.9998840093612671,True
Test/08639.png,9,9,No passing,1.0,True
Test/08640.png,29,22,Bumpy road,0.7691795825958252,False
Test/08641.png,5,5,Speed limit 80 km/h,0.7389928698539734,True
Test/08642.png,9,9,No passing,1.0,True
Test/08643.png,38,38,Keep right,0.983609676361084,True
Test/08644.png,5,5,Speed limit 80 km/h,0.9999227523803711,True
Test/08645.png,9,9,No passing,1.0,True
Test/08646.png,8,8,Speed limit 120 km/h,0.998839795589447,True
Test/08647.png,38,38,Keep right,0.9995918869972229,True
Test/08648.png,28,28,Children crossing,0.9336526989936829,True
Test/08649.png,4,4,Speed limit 70 km/h,0.9850386381149292,True
Test/08650.png,12,12,Priority road,1.0,True
Test/08651.png,2,2,Speed limit 50 km/h,0.8315424919128418,True
Test/08652.png,1,1,Speed limit 30 km/h,0.9923588633537292,True
Test/08653.png,13,13,Yield,1.0,True
Test/08654.png,13,13,Yield,0.9999961853027344,True
Test/08655.png,8,8,Speed limit 120 km/h,0.9933700561523438,True
Test/08656.png,1,1,Speed limit 30 km/h,0.9989815354347229,True
Test/08657.png,31,31,Wild animals crossing,0.9562641382217407,True
Test/08658.png,2,2,Speed limit 50 km/h,0.9999998807907104,True
Test/08659.png,8,8,Speed limit 120 km/h,0.9999724626541138,True
Test/08660.png,19,19,Dangerous curve left,0.9998781681060791,True
Test/08661.png,2,2,Speed limit 50 km/h,0.9380293488502502,True
Test/08662.png,12,12,Priority road,1.0,True
Test/08663.png,12,12,Priority road,0.9988040924072266,True
Test/08664.png,11,11,Right-of-way at next intersection,0.9999982118606567,True
Test/08665.png,12,12,Priority road,1.0,True
Test/08666.png,17,17,No entry,1.0,True
Test/08667.png,17,17,No entry,1.0,True
Test/08668.png,36,36,Go straight or right,0.9999997615814209,True
Test/08669.png,12,12,Priority road,0.9999237060546875,True
Test/08670.png,12,12,Priority road,0.9999996423721313,True
Test/08671.png,18,31,Wild animals crossing,0.717296302318573,False
Test/08672.png,14,14,Stop,0.9999986886978149,True
Test/08673.png,23,23,Slippery road,0.9995275735855103,True
Test/08674.png,9,9,No passing,0.9999997615814209,True
Test/08675.png,13,13,Yield,1.0,True
Test/08676.png,5,3,Speed limit 60 km/h,0.7192299365997314,False
Test/08677.png,26,26,Traffic signals,0.9998074173927307,True
Test/08678.png,6,6,End of speed limit 80 km/h,0.721169650554657,True
Test/08679.png,2,1,Speed limit 30 km/h,0.9901134967803955,False
Test/08680.png,13,13,Yield,1.0,True
Test/08681.png,13,13,Yield,1.0,True
Test/08682.png,31,31,Wild animals crossing,0.9044943451881409,True
Test/08683.png,3,3,Speed limit 60 km/h,0.9357060790061951,True
Test/08684.png,41,41,End of no passing,0.973939836025238,True
Test/08685.png,23,23,Slippery road,0.8905473947525024,True
Test/08686.png,10,10,No passing for vehicles over 3.5 t,1.0,True
Test/08687.png,1,1,Speed limit 30 km/h,0.9989539384841919,True
Test/08688.png,25,25,Road work,1.0,True
Test/08689.png,38,38,Keep right,1.0,True
Test/08690.png,8,8,Speed limit 120 km/h,0.9896252751350403,True
Test/08691.png,5,5,Speed limit 80 km/h,0.703578531742096,True
Test/08692.png,25,25,Road work,1.0,True
Test/08693.png,18,18,General caution,0.9768269658088684,True
Test/08694.png,8,8,Speed limit 120 km/h,0.9254547953605652,True
Test/08695.png,5,5,Speed limit 80 km/h,0.9315841794013977,True
Test/08696.png,15,15,No vehicles,0.9977442026138306,True
Test/08697.png,10,10,No passing for vehicles over 3.5 t,1.0,True
Test/08698.png,9,9,No passing,0.9999998807907104,True
Test/08699.png,11,11,Right-of-way at next intersection,1.0,True
Test/08700.png,42,42,End of no passing for vehicles over 3.5 t,0.8424433469772339,True
Test/08701.png,22,22,Bumpy road,0.9973304271697998,True
Test/08702.png,26,26,Traffic signals,0.965610146522522,True
Test/08703.png,33,33,Turn right ahead,1.0,True
Test/08704.png,5,5,Speed limit 80 km/h,0.9734751582145691,True
Test/08705.png,30,30,Beware of ice or snow,0.9951531887054443,True
Test/08706.png,5,5,Speed limit 80 km/h,0.8682613372802734,True
Test/08707.png,5,5,Speed limit 80 km/h,0.9925717711448669,True
Test/08708.png,16,16,Vehicles over 3.5 t prohibited,1.0,True
Test/08709.png,28,28,Children crossing,0.9999028444290161,True
Test/08710.png,17,9,No passing,0.7056969404220581,False
Test/08711.png,41,41,End of no passing,0.9967511892318726,True
Test/08712.png,38,38,Keep right,1.0,True
Test/08713.png,12,12,Priority road,1.0,True
Test/08714.png,5,5,Speed limit 80 km/h,0.64615797996521,True
Test/08715.png,12,12,Priority road,1.0,True
Test/08716.png,9,9,No passing,1.0,True
Test/08717.png,13,13,Yield,1.0,True
Test/08718.png,38,38,Keep right,1.0,True
Test/08719.png,17,17,No entry,1.0,True
Test/08720.png,4,1,Speed limit 30 km/h,0.6642135381698608,False
Test/08721.png,25,25,Road work,0.9999988079071045,True
Test/08722.png,30,30,Beware of ice or snow,0.4970526695251465,True
Test/08723.png,13,13,Yield,1.0,True
Test/08724.png,1,1,Speed limit 30 km/h,0.6007102727890015,True
Test/08725.png,12,12,Priority road,1.0,True
Test/08726.png,38,38,Keep right,0.9999992847442627,True
Test/08727.png,41,41,End of no passing,0.839715301990509,True
Test/08728.png,12,12,Priority road,1.0,True
Test/08729.png,33,33,Turn right ahead,0.9987075328826904,True
Test/08730.png,42,41,End of no passing,0.6737532019615173,False
Test/08731.png,38,38,Keep right,1.0,True
Test/08732.png,2,2,Speed limit 50 km/h,0.9999922513961792,True
Test/08733.png,2,2,Speed limit 50 km/h,0.9977732300758362,True
Test/08734.png,16,16,Vehicles over 3.5 t prohibited,0.9993890523910522,True
Test/08735.png,32,32,End of all speed and passing limits,0.9676232933998108,True
Test/08736.png,5,5,Speed limit 80 km/h,0.9444069862365723,True
Test/08737.png,15,15,No vehicles,0.9999206066131592,True
Test/08738.png,22,22,Bumpy road,0.9128836989402771,True
Test/08739.png,35,35,Ahead only,1.0,True
Test/08740.png,27,27,Pedestrians,0.9054790735244751,True
Test/08741.png,10,10,No passing for vehicles over 3.5 t,1.0,True
Test/08742.png,1,1,Speed limit 30 km/h,0.8553439378738403,True
Test/08743.png,17,17,No entry,1.0,True
Test/08744.png,4,4,Speed limit 70 km/h,0.9759467840194702,True
Test/08745.png,8,8,Speed limit 120 km/h,0.9158042073249817,True
Test/08746.png,24,24,Road narrows on right,0.9965599179267883,True
Test/08747.png,33,33,Turn right ahead,0.9999955892562866,True
Test/08748.png,18,18,General caution,0.9811727404594421,True
Test/08749.png,18,26,Traffic signals,0.4995276629924774,False
Test/08750.png,25,25,Road work,0.9327890276908875,True
Test/08751.png,31,31,Wild animals crossing,0.5989224910736084,True
Test/08752.png,9,9,No passing,1.0,True
Test/08753.png,15,15,No vehicles,0.9999998807907104,True
Test/08754.png,38,38,Keep right,1.0,True
Test/08755.png,9,9,No passing,0.999998927116394,True
Test/08756.png,2,2,Speed limit 50 km/h,0.9966065883636475,True
Test/08757.png,15,15,No vehicles,1.0,True
Test/08758.png,38,38,Keep right,0.9997345805168152,True
Test/08759.png,10,10,No passing for vehicles over 3.5 t,0.9999593496322632,True
Test/08760.png,10,10,No passing for vehicles over 3.5 t,0.9896619319915771,True
Test/08761.png,23,23,Slippery road,0.9991649389266968,True
Test/08762.png,9,9,No passing,1.0,True
Test/08763.png,38,38,Keep right,0.9996587038040161,True
Test/08764.png,34,34,Turn left ahead,0.9999504089355469,True
Test/08765.png,38,38,Keep right,1.0,True
Test/08766.png,16,16,Vehicles over 3.5 t prohibited,0.9999475479125977,True
Test/08767.png,4,4,Speed limit 70 km/h,0.9905973076820374,True
Test/08768.png,15,15,No vehicles,0.99998939037323,True
Test/08769.png,32,32,End of all speed and passing limits,0.9934095144271851,True
Test/08770.png,6,6,End of speed limit 80 km/h,0.9476656913757324,True
Test/08771.png,13,13,Yield,1.0,True
Test/08772.png,4,4,Speed limit 70 km/h,0.9946960210800171,True
Test/08773.png,27,27,Pedestrians,0.9995749592781067,True
Test/08774.png,5,5,Speed limit 80 km/h,0.9993118047714233,True
Test/08775.png,4,4,Speed limit 70 km/h,0.9997614026069641,True
Test/08776.png,9,9,No passing,1.0,True
Test/08777.png,38,38,Keep right,0.9946869611740112,True
Test/08778.png,1,1,Speed limit 30 km/h,0.9992033839225769,True
Test/08779.png,35,35,Ahead only,0.9651483297348022,True
Test/08780.png,2,2,Speed limit 50 km/h,0.94831383228302,True
Test/08781.png,1,1,Speed limit 30 km/h,0.8607054352760315,True
Test/08782.png,34,34,Turn left ahead,1.0,True
Test/08783.png,12,12,Priority road,1.0,True
Test/08784.png,42,42,End of no passing for vehicles over 3.5 t,0.9710261225700378,True
Test/08785.png,7,8,Speed limit 120 km/h,0.33240625262260437,False
Test/08786.png,13,13,Yield,1.0,True
Test/08787.png,2,2,Speed limit 50 km/h,0.9986398816108704,True
Test/08788.png,7,7,Speed limit 100 km/h,0.9420369267463684,True
Test/08789.png,5,5,Speed limit 80 km/h,0.9850584268569946,True
Test/08790.png,35,35,Ahead only,0.9837309122085571,True
Test/08791.png,2,4,Speed limit 70 km/h,0.9929261803627014,False
Test/08792.png,25,25,Road work,0.9999961853027344,True
Test/08793.png,7,8,Speed limit 120 km/h,0.567331075668335,False
Test/08794.png,13,13,Yield,1.0,True
Test/08795.png,13,13,Yield,1.0,True
Test/08796.png,13,13,Yield,1.0,True
Test/08797.png,38,38,Keep right,1.0,True
Test/08798.png,29,29,Bicycles crossing,0.997572124004364,True
Test/08799.png,25,25,Road work,0.9955073595046997,True
Test/08800.png,8,8,Speed limit 120 km/h,0.9030234813690186,True
Test/08801.png,17,17,No entry,1.0,True
Test/08802.png,5,5,Speed limit 80 km/h,0.9991703033447266,True
Test/08803.png,5,5,Speed limit 80 km/h,0.5238057971000671,True
Test/08804.png,12,12,Priority road,1.0,True
Test/08805.png,15,15,No vehicles,0.999998927116394,True
Test/08806.png,15,15,No vehicles,0.9999996423721313,True
Test/08807.png,11,11,Right-of-way at next intersection,0.9999806880950928,True
Test/08808.png,40,40,Roundabout mandatory,0.998548686504364,True
Test/08809.png,9,9,No passing,0.9999395608901978,True
Test/08810.png,11,11,Right-of-way at next intersection,0.9868541955947876,True
Test/08811.png,8,8,Speed limit 120 km/h,0.9993684887886047,True
Test/08812.png,15,15,No vehicles,0.9999997615814209,True
Test/08813.png,1,1,Speed limit 30 km/h,0.994625985622406,True
Test/08814.png,4,4,Speed limit 70 km/h,0.6537222862243652,True
Test/08815.png,6,6,End of speed limit 80 km/h,0.9982004165649414,True
Test/08816.png,35,35,Ahead only,0.9986841082572937,True
Test/08817.png,26,26,Traffic signals,0.9800283908843994,True
Test/08818.png,30,25,Road work,0.34786733984947205,False
Test/08819.png,18,18,General caution,0.9700263142585754,True
Test/08820.png,2,2,Speed limit 50 km/h,0.9910864233970642,True
Test/08821.png,42,42,End of no passing for vehicles over 3.5 t,0.6009935140609741,True
Test/08822.png,8,8,Speed limit 120 km/h,0.9839005470275879,True
Test/08823.png,3,3,Speed limit 60 km/h,0.9958384037017822,True
Test/08824.png,30,30,Beware of ice or snow,0.9874402284622192,True
Test/08825.png,13,13,Yield,1.0,True
Test/08826.png,30,30,Beware of ice or snow,0.9790676832199097,True
Test/08827.png,17,17,No entry,1.0,True
Test/08828.png,3,3,Speed limit 60 km/h,0.9167156219482422,True
Test/08829.png,13,13,Yield,1.0,True
Test/08830.png,2,2,Speed limit 50 km/h,0.9997813105583191,True
Test/08831.png,38,38,Keep right,1.0,True
Test/08832.png,41,41,End of no passing,0.8900805711746216,True
Test/08833.png,34,34,Turn left ahead,1.0,True
Test/08834.png,4,4,Speed limit 70 km/h,0.9956865906715393,True
Test/08835.png,12,12,Priority road,1.0,True
Test/08836.png,25,25,Road work,0.9999980926513672,True
Test/08837.png,26,26,Traffic signals,1.0,True
Test/08838.png,18,18,General caution,0.930070698261261,True
Test/08839.png,5,5,Speed limit 80 km/h,0.946681797504425,True
Test/08840.png,13,13,Yield,1.0,True
Test/08841.png,29,29,Bicycles crossing,0.852120578289032,True
Test/08842.png,1,1,Speed limit 30 km/h,0.9998550415039062,True
Test/08843.png,11,11,Right-of-way at next intersection,0.999997615814209,True
Test/08844.png,38,38,Keep right,0.9998886585235596,True
Test/08845.png,14,14,Stop,1.0,True
Test/08846.png,23,23,Slippery road,0.710068941116333,True
Test/08847.png,10,10,No passing for vehicles over 3.5 t,0.9999994039535522,True
Test/08848.png,29,25,Road work,0.5486745238304138,False
Test/08849.png,18,18,General caution,0.9682005643844604,True
Test/08850.png,8,8,Speed limit 120 km/h,0.9978343844413757,True
Test/08851.png,13,13,Yield,1.0,True
Test/08852.png,33,33,Turn right ahead,0.9036810994148254,True
Test/08853.png,10,10,No passing for vehicles over 3.5 t,1.0,True
Test/08854.png,17,17,No entry,1.0,True
Test/08855.png,4,4,Speed limit 70 km/h,0.9999709129333496,True
Test/08856.png,26,26,Traffic signals,0.9990869760513306,True
Test/08857.png,13,13,Yield,1.0,True
Test/08858.png,6,6,End of speed limit 80 km/h,0.9987150430679321,True
Test/08859.png,24,24,Road narrows on right,0.5040560364723206,True
Test/08860.png,9,9,No passing,0.9968600273132324,True
Test/08861.png,39,39,Keep left,0.8503326177597046,True
Test/08862.png,23,23,Slippery road,0.9787695407867432,True
Test/08863.png,38,38,Keep right,0.992874264717102,True
Test/08864.png,11,11,Right-of-way at next intersection,0.998890221118927,True
Test/08865.png,36,36,Go straight or right,0.9856109619140625,True
Test/08866.png,25,25,Road work,1.0,True
Test/08867.png,35,35,Ahead only,0.9794372916221619,True
Test/08868.png,12,12,Priority road,1.0,True
Test/08869.png,39,39,Keep left,0.8727184534072876,True
Test/08870.png,15,15,No vehicles,0.9999996423721313,True
Test/08871.png,3,3,Speed limit 60 km/h,0.9992546439170837,True
Test/08872.png,3,3,Speed limit 60 km/h,0.9982612729072571,True
Test/08873.png,25,25,Road work,0.9997455477714539,True
Test/08874.png,25,25,Road work,1.0,True
Test/08875.png,38,38,Keep right,0.9998414516448975,True
Test/08876.png,10,10,No passing for vehicles over 3.5 t,1.0,True
Test/08877.png,14,14,Stop,1.0,True
Test/08878.png,13,13,Yield,1.0,True
Test/08879.png,23,23,Slippery road,0.9999350309371948,True
Test/08880.png,2,2,Speed limit 50 km/h,0.9999996423721313,True
Test/08881.png,12,12,Priority road,0.9999245405197144,True
Test/08882.png,12,12,Priority road,1.0,True
Test/08883.png,4,4,Speed limit 70 km/h,0.9995207786560059,True
Test/08884.png,14,14,Stop,1.0,True
Test/08885.png,2,2,Speed limit 50 km/h,0.9935750365257263,True
Test/08886.png,2,2,Speed limit 50 km/h,0.9999809265136719,True
Test/08887.png,4,4,Speed limit 70 km/h,0.9999902248382568,True
Test/08888.png,25,25,Road work,0.9999996423721313,True
Test/08889.png,31,31,Wild animals crossing,0.9794152975082397,True
Test/08890.png,32,32,End of all speed and passing limits,0.9946225881576538,True
Test/08891.png,4,4,Speed limit 70 km/h,1.0,True
Test/08892.png,4,4,Speed limit 70 km/h,0.9979422688484192,True
Test/08893.png,10,10,No passing for vehicles over 3.5 t,0.9999998807907104,True
Test/08894.png,41,41,End of no passing,0.9424052238464355,True
Test/08895.png,24,26,Traffic signals,0.885179877281189,False
Test/08896.png,15,15,No vehicles,0.999998927116394,True
Test/08897.png,10,10,No passing for vehicles over 3.5 t,1.0,True
Test/08898.png,9,9,No passing,1.0,True
Test/08899.png,31,31,Wild animals crossing,0.9561750888824463,True
Test/08900.png,31,31,Wild animals crossing,0.8925127983093262,True
Test/08901.png,10,10,No passing for vehicles over 3.5 t,1.0,True
Test/08902.png,36,36,Go straight or right,0.999977707862854,True
Test/08903.png,35,35,Ahead only,1.0,True
Test/08904.png,2,2,Speed limit 50 km/h,0.9958524703979492,True
Test/08905.png,36,36,Go straight or right,0.9999994039535522,True
Test/08906.png,11,11,Right-of-way at next intersection,0.9984540939331055,True
Test/08907.png,7,7,Speed limit 100 km/h,0.9986818432807922,True
Test/08908.png,1,1,Speed limit 30 km/h,0.9771327972412109,True
Test/08909.png,31,31,Wild animals crossing,0.9953331351280212,True
Test/08910.png,18,18,General caution,0.9964817762374878,True
Test/08911.png,12,12,Priority road,0.9999997615814209,True
Test/08912.png,38,38,Keep right,0.9999996423721313,True
Test/08913.png,38,38,Keep right,0.9999507665634155,True
Test/08914.png,3,3,Speed limit 60 km/h,0.9993718266487122,True
Test/08915.png,7,7,Speed limit 100 km/h,0.9472005367279053,True
Test/08916.png,9,9,No passing,1.0,True
Test/08917.png,38,38,Keep right,0.9091054797172546,True
Test/08918.png,6,32,End of all speed and passing limits,0.32397565245628357,False
Test/08919.png,2,2,Speed limit 50 km/h,0.9991911053657532,True
Test/08920.png,13,13,Yield,1.0,True
Test/08921.png,13,13,Yield,1.0,True
Test/08922.png,17,17,No entry,1.0,True
Test/08923.png,8,8,Speed limit 120 km/h,0.9964513778686523,True
Test/08924.png,7,7,Speed limit 100 km/h,0.9964216947555542,True
Test/08925.png,10,20,Dangerous curve right,0.8447374701499939,False
Test/08926.png,18,18,General caution,0.9991260170936584,True
Test/08927.png,13,13,Yield,1.0,True
Test/08928.png,3,3,Speed limit 60 km/h,0.9998891353607178,True
Test/08929.png,2,2,Speed limit 50 km/h,0.9769827127456665,True
Test/08930.png,31,31,Wild animals crossing,0.9903360605239868,True
Test/08931.png,33,33,Turn right ahead,0.999685525894165,True
Test/08932.png,38,38,Keep right,0.7426255345344543,True
Test/08933.png,21,21,Double curve,0.9991625547409058,True
Test/08934.png,2,2,Speed limit 50 km/h,0.9994105100631714,True
Test/08935.png,1,1,Speed limit 30 km/h,0.9990608096122742,True
Test/08936.png,15,15,No vehicles,0.9999983310699463,True
Test/08937.png,2,2,Speed limit 50 km/h,0.9887480735778809,True
Test/08938.png,42,42,End of no passing for vehicles over 3.5 t,0.5966286659240723,True
Test/08939.png,10,10,No passing for vehicles over 3.5 t,1.0,True
Test/08940.png,13,13,Yield,0.9999996423721313,True
Test/08941.png,33,33,Turn right ahead,0.9999992847442627,True
Test/08942.png,38,38,Keep right,1.0,True
Test/08943.png,25,25,Road work,1.0,True
Test/08944.png,26,26,Traffic signals,0.9999892711639404,True
Test/08945.png,4,1,Speed limit 30 km/h,0.49878737330436707,False
Test/08946.png,5,5,Speed limit 80 km/h,0.9954090714454651,True
Test/08947.png,5,5,Speed limit 80 km/h,0.9146404266357422,True
Test/08948.png,7,7,Speed limit 100 km/h,0.9822707772254944,True
Test/08949.png,25,25,Road work,0.9999891519546509,True
Test/08950.png,9,9,No passing,1.0,True
Test/08951.png,13,13,Yield,1.0,True
Test/08952.png,33,33,Turn right ahead,0.9999991655349731,True
Test/08953.png,34,34,Turn left ahead,0.9999889135360718,True
Test/08954.png,1,1,Speed limit 30 km/h,0.9989820122718811,True
Test/08955.png,5,5,Speed limit 80 km/h,0.9219828248023987,True
Test/08956.png,12,12,Priority road,1.0,True
Test/08957.png,31,31,Wild animals crossing,0.9815881252288818,True
Test/08958.png,4,4,Speed limit 70 km/h,0.9883463978767395,True
Test/08959.png,13,13,Yield,1.0,True
Test/08960.png,42,42,End of no passing for vehicles over 3.5 t,0.9714564681053162,True
Test/08961.png,3,3,Speed limit 60 km/h,0.9997742772102356,True
Test/08962.png,38,38,Keep right,0.9999998807907104,True
Test/08963.png,2,2,Speed limit 50 km/h,0.9994599223136902,True
Test/08964.png,8,8,Speed limit 120 km/h,0.9586864709854126,True
Test/08965.png,14,14,Stop,0.9999998807907104,True
Test/08966.png,19,19,Dangerous curve left,1.0,True
Test/08967.png,2,2,Speed limit 50 km/h,0.999528169631958,True
Test/08968.png,6,6,End of speed limit 80 km/h,0.9798080325126648,True
Test/08969.png,12,12,Priority road,1.0,True
Test/08970.png,2,2,Speed limit 50 km/h,0.9999901056289673,True
Test/08971.png,25,25,Road work,1.0,True
Test/08972.png,20,20,Dangerous curve right,0.679996907711029,True
Test/08973.png,11,11,Right-of-way at next intersection,0.9857864379882812,True
Test/08974.png,30,29,Bicycles crossing,0.9725456833839417,False
Test/08975.png,12,12,Priority road,0.9999973773956299,True
Test/08976.png,4,4,Speed limit 70 km/h,0.9992795586585999,True
Test/08977.png,3,3,Speed limit 60 km/h,0.9977632761001587,True
Test/08978.png,8,3,Speed limit 60 km/h,0.41537919640541077,False
Test/08979.png,23,23,Slippery road,0.9999948740005493,True
Test/08980.png,36,36,Go straight or right,0.9999949932098389,True
Test/08981.png,38,38,Keep right,1.0,True
Test/08982.png,2,2,Speed limit 50 km/h,0.9999878406524658,True
Test/08983.png,33,33,Turn right ahead,1.0,True
Test/08984.png,21,21,Double curve,0.9854381084442139,True
Test/08985.png,5,5,Speed limit 80 km/h,0.9751619100570679,True
Test/08986.png,8,8,Speed limit 120 km/h,0.9988835453987122,True
Test/08987.png,18,18,General caution,0.9992719292640686,True
Test/08988.png,10,10,No passing for vehicles over 3.5 t,0.9999998807907104,True
Test/08989.png,1,1,Speed limit 30 km/h,0.9369040727615356,True
Test/08990.png,38,38,Keep right,1.0,True
Test/08991.png,19,19,Dangerous curve left,0.9751840233802795,True
Test/08992.png,9,9,No passing,0.997556209564209,True
Test/08993.png,18,18,General caution,0.9881147146224976,True
Test/08994.png,14,14,Stop,0.9999985694885254,True
Test/08995.png,16,16,Vehicles over 3.5 t prohibited,1.0,True
Test/08996.png,17,17,No entry,1.0,True
Test/08997.png,12,12,Priority road,0.9999970197677612,True
Test/08998.png,25,25,Road work,0.9999943971633911,True
Test/08999.png,35,35,Ahead only,1.0,True
Test/09000.png,10,10,No passing for vehicles over 3.5 t,1.0,True
Test/09001.png,5,3,Speed limit 60 km/h,0.9415874481201172,False
Test/09002.png,11,11,Right-of-way at next intersection,0.9999977350234985,True
Test/09003.png,14,14,Stop,0.9999895095825195,True
Test/09004.png,4,4,Speed limit 70 km/h,0.9989466071128845,True
Test/09005.png,14,14,Stop,0.9999995231628418,True
Test/09006.png,23,23,Slippery road,0.7844310402870178,True
Test/09007.png,10,10,No passing for vehicles over 3.5 t,1.0,True
Test/09008.png,16,16,Vehicles over 3.5 t prohibited,0.9998047947883606,True
Test/09009.png,38,38,Keep right,0.999992847442627,True
Test/09010.png,5,5,Speed limit 80 km/h,0.8780504465103149,True
Test/09011.png,3,3,Speed limit 60 km/h,0.842048704624176,True
Test/09012.png,11,11,Right-of-way at next intersection,1.0,True
Test/09013.png,1,1,Speed limit 30 km/h,0.9943180680274963,True
Test/09014.png,1,1,Speed limit 30 km/h,0.9619269371032715,True
Test/09015.png,38,38,Keep right,1.0,True
Test/09016.png,9,9,No passing,0.999839186668396,True
Test/09017.png,11,11,Right-of-way at next intersection,0.9956791996955872,True
Test/09018.png,38,38,Keep right,1.0,True
Test/09019.png,26,26,Traffic signals,0.9976152181625366,True
Test/09020.png,16,16,Vehicles over 3.5 t prohibited,1.0,True
Test/09021.png,2,2,Speed limit 50 km/h,0.9999951124191284,True
Test/09022.png,3,3,Speed limit 60 km/h,0.9965973496437073,True
Test/09023.png,3,3,Speed limit 60 km/h,0.9989075660705566,True
Test/09024.png,32,32,End of all speed and passing limits,0.7719113826751709,True
Test/09025.png,9,9,No passing,1.0,True
Test/09026.png,11,11,Right-of-way at next intersection,0.9779157042503357,True
Test/09027.png,7,7,Speed limit 100 km/h,0.996929943561554,True
Test/09028.png,1,1,Speed limit 30 km/h,0.9893826246261597,True
Test/09029.png,5,8,Speed limit 120 km/h,0.25116151571273804,False
Test/09030.png,8,8,Speed limit 120 km/h,0.8820348978042603,True
Test/09031.png,23,23,Slippery road,0.9531137943267822,True
Test/09032.png,39,39,Keep left,0.9999997615814209,True
Test/09033.png,12,12,Priority road,0.9999998807907104,True
Test/09034.png,1,1,Speed limit 30 km/h,0.9982727766036987,True
Test/09035.png,4,4,Speed limit 70 km/h,0.9940285682678223,True
Test/09036.png,28,28,Children crossing,0.9999047517776489,True
Test/09037.png,1,1,Speed limit 30 km/h,0.9999986886978149,True
Test/09038.png,5,5,Speed limit 80 km/h,0.8142165541648865,True
Test/09039.png,23,23,Slippery road,0.8755066394805908,True
Test/09040.png,1,1,Speed limit 30 km/h,0.9996756315231323,True
Test/09041.png,33,33,Turn right ahead,1.0,True
Test/09042.png,3,3,Speed limit 60 km/h,0.9964978098869324,True
Test/09043.png,9,9,No passing,1.0,True
Test/09044.png,4,4,Speed limit 70 km/h,0.9970665574073792,True
Test/09045.png,5,5,Speed limit 80 km/h,0.9995274543762207,True
Test/09046.png,31,31,Wild animals crossing,0.7508783936500549,True
Test/09047.png,38,38,Keep right,0.9993013143539429,True
Test/09048.png,22,22,Bumpy road,0.9599332213401794,True
Test/09049.png,10,10,No passing for vehicles over 3.5 t,1.0,True
Test/09050.png,3,3,Speed limit 60 km/h,0.9979696869850159,True
Test/09051.png,10,10,No passing for vehicles over 3.5 t,1.0,True
Test/09052.png,2,2,Speed limit 50 km/h,0.9086653590202332,True
Test/09053.png,5,5,Speed limit 80 km/h,0.9943388104438782,True
Test/09054.png,4,4,Speed limit 70 km/h,1.0,True
Test/09055.png,37,37,Go straight or left,0.9814741015434265,True
Test/09056.png,20,20,Dangerous curve right,0.8434900641441345,True
Test/09057.png,35,35,Ahead only,1.0,True
Test/09058.png,9,9,No passing,0.9999737739562988,True
Test/09059.png,15,15,No vehicles,0.9999940395355225,True
Test/09060.png,15,15,No vehicles,1.0,True
Test/09061.png,12,12,Priority road,0.9999994039535522,True
Test/09062.png,34,34,Turn left ahead,1.0,True
Test/09063.png,13,13,Yield,0.992702841758728,True
Test/09064.png,11,28,Children crossing,0.5077610611915588,False
Test/09065.png,12,12,Priority road,1.0,True
Test/09066.png,26,26,Traffic signals,0.9997507929801941,True
Test/09067.png,38,38,Keep right,1.0,True
Test/09068.png,11,30,Beware of ice or snow,0.5874212980270386,False
Test/09069.png,2,2,Speed limit 50 km/h,0.9999946355819702,True
Test/09070.png,12,12,Priority road,1.0,True
Test/09071.png,21,21,Double curve,0.9998729228973389,True
Test/09072.png,7,7,Speed limit 100 km/h,0.9995649456977844,True
Test/09073.png,18,27,Pedestrians,0.5800820589065552,False
Test/09074.png,33,33,Turn right ahead,1.0,True
Test/09075.png,1,1,Speed limit 30 km/h,0.8572448492050171,True
Test/09076.png,3,3,Speed limit 60 km/h,0.9814669489860535,True
Test/09077.png,10,10,No passing for vehicles over 3.5 t,0.9999998807907104,True
Test/09078.png,23,23,Slippery road,0.9941583871841431,True
Test/09079.png,5,5,Speed limit 80 km/h,0.9510922431945801,True
Test/09080.png,4,4,Speed limit 70 km/h,0.9222372174263,True
Test/09081.png,6,6,End of speed limit 80 km/h,0.9808465838432312,True
Test/09082.png,2,2,Speed limit 50 km/h,0.42483752965927124,True
Test/09083.png,25,25,Road work,1.0,True
Test/09084.png,3,3,Speed limit 60 km/h,0.9968605041503906,True
Test/09085.png,5,1,Speed limit 30 km/h,0.9819273352622986,False
Test/09086.png,1,1,Speed limit 30 km/h,0.6340137720108032,True
Test/09087.png,18,26,Traffic signals,0.487528532743454,False
Test/09088.png,10,10,No passing for vehicles over 3.5 t,1.0,True
Test/09089.png,29,29,Bicycles crossing,0.999869704246521,True
Test/09090.png,12,12,Priority road,1.0,True
Test/09091.png,4,4,Speed limit 70 km/h,0.995198667049408,True
Test/09092.png,35,35,Ahead only,0.9999982118606567,True
Test/09093.png,39,39,Keep left,1.0,True
Test/09094.png,33,33,Turn right ahead,0.9995556473731995,True
Test/09095.png,24,28,Children crossing,0.6310818195343018,False
Test/09096.png,3,3,Speed limit 60 km/h,0.9988532066345215,True
Test/09097.png,4,4,Speed limit 70 km/h,0.9850590229034424,True
Test/09098.png,2,2,Speed limit 50 km/h,0.9981309771537781,True
Test/09099.png,3,3,Speed limit 60 km/h,0.9995853304862976,True
Test/09100.png,2,2,Speed limit 50 km/h,0.9990463852882385,True
Test/09101.png,10,10,No passing for vehicles over 3.5 t,1.0,True
Test/09102.png,1,1,Speed limit 30 km/h,0.9894485473632812,True
Test/09103.png,22,22,Bumpy road,0.6318564414978027,True
Test/09104.png,8,8,Speed limit 120 km/h,0.999853253364563,True
Test/09105.png,10,10,No passing for vehicles over 3.5 t,1.0,True
Test/09106.png,11,11,Right-of-way at next intersection,0.9999947547912598,True
Test/09107.png,15,15,No vehicles,1.0,True
Test/09108.png,25,25,Road work,1.0,True
Test/09109.png,4,4,Speed limit 70 km/h,0.9975160360336304,True
Test/09110.png,7,7,Speed limit 100 km/h,0.9899886250495911,True
Test/09111.png,11,11,Right-of-way at next intersection,0.5228433609008789,True
Test/09112.png,3,3,Speed limit 60 km/h,0.9999401569366455,True
Test/09113.png,38,38,Keep right,0.9999991655349731,True
Test/09114.png,25,25,Road work,0.9999951124191284,True
Test/09115.png,8,8,Speed limit 120 km/h,0.9595937132835388,True
Test/09116.png,8,8,Speed limit 120 km/h,0.9994565844535828,True
Test/09117.png,0,0,Speed limit 20 km/h,0.6697905659675598,True
Test/09118.png,36,38,Keep right,0.6972233653068542,False
Test/09119.png,5,5,Speed limit 80 km/h,0.9995546936988831,True
Test/09120.png,10,10,No passing for vehicles over 3.5 t,1.0,True
Test/09121.png,4,8,Speed limit 120 km/h,0.6771647334098816,False
Test/09122.png,13,13,Yield,1.0,True
Test/09123.png,35,35,Ahead only,1.0,True
Test/09124.png,13,13,Yield,1.0,True
Test/09125.png,17,17,No entry,0.9983938336372375,True
Test/09126.png,25,25,Road work,1.0,True
Test/09127.png,28,28,Children crossing,0.8927013278007507,True
Test/09128.png,3,3,Speed limit 60 km/h,0.9971879124641418,True
Test/09129.png,10,10,No passing for vehicles over 3.5 t,0.9999316930770874,True
Test/09130.png,13,13,Yield,1.0,True
Test/09131.png,12,12,Priority road,0.9999994039535522,True
Test/09132.png,1,1,Speed limit 30 km/h,0.9947763681411743,True
Test/09133.png,6,6,End of speed limit 80 km/h,0.9668040871620178,True
Test/09134.png,13,13,Yield,0.9667070508003235,True
Test/09135.png,18,18,General caution,0.9613459706306458,True
Test/09136.png,24,24,Road narrows on right,0.9923627376556396,True
Test/09137.png,4,4,Speed limit 70 km/h,0.9716256856918335,True
Test/09138.png,2,2,Speed limit 50 km/h,0.6649318337440491,True
Test/09139.png,3,3,Speed limit 60 km/h,0.9844880700111389,True
Test/09140.png,30,30,Beware of ice or snow,0.9821365475654602,True
Test/09141.png,32,32,End of all speed and passing limits,0.7037696242332458,True
Test/09142.png,1,1,Speed limit 30 km/h,0.9989240765571594,True
Test/09143.png,8,8,Speed limit 120 km/h,0.9829730987548828,True
Test/09144.png,38,38,Keep right,1.0,True
Test/09145.png,14,14,Stop,0.9999988079071045,True
Test/09146.png,12,12,Priority road,1.0,True
Test/09147.png,24,24,Road narrows on right,0.9471283555030823,True
Test/09148.png,25,25,Road work,1.0,True
Test/09149.png,1,1,Speed limit 30 km/h,0.9998906850814819,True
Test/09150.png,4,4,Speed limit 70 km/h,0.9998657703399658,True
Test/09151.png,38,38,Keep right,0.9983433485031128,True
Test/09152.png,10,10,No passing for vehicles over 3.5 t,0.9999998807907104,True
Test/09153.png,12,12,Priority road,0.9989604949951172,True
Test/09154.png,12,12,Priority road,0.9991649389266968,True
Test/09155.png,22,22,Bumpy road,0.9999947547912598,True
Test/09156.png,13,13,Yield,0.9999997615814209,True
Test/09157.png,11,11,Right-of-way at next intersection,0.9669561982154846,True
Test/09158.png,27,27,Pedestrians,0.5005432367324829,True
Test/09159.png,32,32,End of all speed and passing limits,0.8784167170524597,True
Test/09160.png,32,32,End of all speed and passing limits,0.9857043027877808,True
Test/09161.png,40,40,Roundabout mandatory,0.8768812417984009,True
Test/09162.png,1,1,Speed limit 30 km/h,0.9993476271629333,True
Test/09163.png,18,18,General caution,0.9988582134246826,True
Test/09164.png,37,37,Go straight or left,0.9403242468833923,True
Test/09165.png,12,12,Priority road,0.8365572690963745,True
Test/09166.png,13,13,Yield,1.0,True
Test/09167.png,31,31,Wild animals crossing,0.9930980801582336,True
Test/09168.png,35,35,Ahead only,1.0,True
Test/09169.png,38,38,Keep right,0.9991902709007263,True
Test/09170.png,30,30,Beware of ice or snow,0.8919323086738586,True
Test/09171.png,13,13,Yield,1.0,True
Test/09172.png,5,5,Speed limit 80 km/h,0.6400876045227051,True
Test/09173.png,38,38,Keep right,0.6808395981788635,True
Test/09174.png,25,25,Road work,0.8595778346061707,True
Test/09175.png,5,5,Speed limit 80 km/h,0.8638028502464294,True
Test/09176.png,8,8,Speed limit 120 km/h,0.9974330067634583,True
Test/09177.png,26,26,Traffic signals,0.9992384910583496,True
Test/09178.png,10,10,No passing for vehicles over 3.5 t,1.0,True
Test/09179.png,10,10,No passing for vehicles over 3.5 t,0.42491650581359863,True
Test/09180.png,17,17,No entry,1.0,True
Test/09181.png,2,2,Speed limit 50 km/h,0.9800021648406982,True
Test/09182.png,24,24,Road narrows on right,0.9534175395965576,True
Test/09183.png,39,39,Keep left,0.9505832195281982,True
Test/09184.png,9,9,No passing,0.9999997615814209,True
Test/09185.png,11,28,Children crossing,0.33524078130722046,False
Test/09186.png,4,4,Speed limit 70 km/h,0.9979730248451233,True
Test/09187.png,1,1,Speed limit 30 km/h,0.9997702240943909,True
Test/09188.png,10,10,No passing for vehicles over 3.5 t,1.0,True
Test/09189.png,2,2,Speed limit 50 km/h,0.999478280544281,True
Test/09190.png,11,11,Right-of-way at next intersection,0.9999828338623047,True
Test/09191.png,12,12,Priority road,0.999782145023346,True
Test/09192.png,25,25,Road work,0.9999977350234985,True
Test/09193.png,38,38,Keep right,0.9999891519546509,True
Test/09194.png,10,10,No passing for vehicles over 3.5 t,0.9967830181121826,True
Test/09195.png,10,10,No passing for vehicles over 3.5 t,1.0,True
Test/09196.png,38,38,Keep right,1.0,True
Test/09197.png,10,10,No passing for vehicles over 3.5 t,0.9997275471687317,True
Test/09198.png,13,13,Yield,1.0,True
Test/09199.png,13,13,Yield,1.0,True
Test/09200.png,7,7,Speed limit 100 km/h,0.986822247505188,True
Test/09201.png,32,32,End of all speed and passing limits,0.8604230880737305,True
Test/09202.png,12,12,Priority road,1.0,True
Test/09203.png,1,1,Speed limit 30 km/h,0.9997856020927429,True
Test/09204.png,35,35,Ahead only,1.0,True
Test/09205.png,10,10,No passing for vehicles over 3.5 t,0.4117324948310852,True
Test/09206.png,3,5,Speed limit 80 km/h,0.5033395886421204,False
Test/09207.png,25,25,Road work,0.9999991655349731,True
Test/09208.png,13,13,Yield,0.9976887702941895,True
Test/09209.png,5,5,Speed limit 80 km/h,0.9972212314605713,True
Test/09210.png,7,7,Speed limit 100 km/h,0.9540953040122986,True
Test/09211.png,9,9,No passing,0.9955731630325317,True
Test/09212.png,35,35,Ahead only,1.0,True
Test/09213.png,23,23,Slippery road,0.7184845209121704,True
Test/09214.png,2,2,Speed limit 50 km/h,1.0,True
Test/09215.png,5,3,Speed limit 60 km/h,0.5164297819137573,False
Test/09216.png,24,24,Road narrows on right,0.9901984930038452,True
Test/09217.png,37,37,Go straight or left,0.9753748774528503,True
Test/09218.png,5,5,Speed limit 80 km/h,0.9959285855293274,True
Test/09219.png,12,12,Priority road,1.0,True
Test/09220.png,38,38,Keep right,1.0,True
Test/09221.png,9,9,No passing,1.0,True
Test/09222.png,21,18,General caution,0.9251644015312195,False
Test/09223.png,13,13,Yield,1.0,True
Test/09224.png,35,35,Ahead only,0.9999637603759766,True
Test/09225.png,25,25,Road work,0.997825562953949,True
Test/09226.png,10,10,No passing for vehicles over 3.5 t,0.999907374382019,True
Test/09227.png,17,17,No entry,1.0,True
Test/09228.png,9,9,No passing,1.0,True
Test/09229.png,10,10,No passing for vehicles over 3.5 t,0.9998785257339478,True
Test/09230.png,15,15,No vehicles,0.9999991655349731,True
Test/09231.png,36,36,Go straight or right,0.9999574422836304,True
Test/09232.png,12,12,Priority road,0.9999997615814209,True
Test/09233.png,42,42,End of no passing for vehicles over 3.5 t,0.9409456849098206,True
Test/09234.png,1,1,Speed limit 30 km/h,0.9745916724205017,True
Test/09235.png,4,4,Speed limit 70 km/h,0.9996504783630371,True
Test/09236.png,7,7,Speed limit 100 km/h,0.9786322712898254,True
Test/09237.png,2,2,Speed limit 50 km/h,0.871738612651825,True
Test/09238.png,2,4,Speed limit 70 km/h,0.9844675660133362,False
Test/09239.png,22,28,Children crossing,0.3555667996406555,False
Test/09240.png,10,10,No passing for vehicles over 3.5 t,1.0,True
Test/09241.png,4,4,Speed limit 70 km/h,1.0,True
Test/09242.png,18,31,Wild animals crossing,0.5783048272132874,False
Test/09243.png,7,7,Speed limit 100 km/h,0.9984295964241028,True
Test/09244.png,2,2,Speed limit 50 km/h,0.9974784255027771,True
Test/09245.png,29,29,Bicycles crossing,0.9997716546058655,True
Test/09246.png,30,30,Beware of ice or snow,0.9686782360076904,True
Test/09247.png,18,18,General caution,0.6229579448699951,True
Test/09248.png,39,39,Keep left,1.0,True
Test/09249.png,31,31,Wild animals crossing,0.9769935011863708,True
Test/09250.png,13,13,Yield,1.0,True
Test/09251.png,8,8,Speed limit 120 km/h,0.9997623562812805,True
Test/09252.png,5,5,Speed limit 80 km/h,0.9988225102424622,True
Test/09253.png,18,18,General caution,0.9697345495223999,True
Test/09254.png,18,27,Pedestrians,0.616112470626831,False
Test/09255.png,18,18,General caution,0.5192720293998718,True
Test/09256.png,23,23,Slippery road,0.9999922513961792,True
Test/09257.png,12,12,Priority road,1.0,True
Test/09258.png,3,3,Speed limit 60 km/h,0.9999817609786987,True
Test/09259.png,35,35,Ahead only,0.9996634721755981,True
Test/09260.png,5,5,Speed limit 80 km/h,0.9541963338851929,True
Test/09261.png,25,25,Road work,0.9999997615814209,True
Test/09262.png,8,8,Speed limit 120 km/h,0.91463303565979,True
Test/09263.png,4,4,Speed limit 70 km/h,0.7926658987998962,True
Test/09264.png,14,14,Stop,1.0,True
Test/09265.png,7,7,Speed limit 100 km/h,0.9474632143974304,True
Test/09266.png,2,2,Speed limit 50 km/h,0.9995937943458557,True
Test/09267.png,21,21,Double curve,0.9838224053382874,True
Test/09268.png,8,8,Speed limit 120 km/h,0.9888817667961121,True
Test/09269.png,9,9,No passing,1.0,True
Test/09270.png,21,22,Bumpy road,0.2983070909976959,False
Test/09271.png,1,1,Speed limit 30 km/h,0.9999206066131592,True
Test/09272.png,2,2,Speed limit 50 km/h,0.9999498128890991,True
Test/09273.png,2,2,Speed limit 50 km/h,0.9999963045120239,True
Test/09274.png,40,40,Roundabout mandatory,0.9998308420181274,True
Test/09275.png,18,18,General caution,0.955963134765625,True
Test/09276.png,13,13,Yield,1.0,True
Test/09277.png,18,18,General caution,0.9967339038848877,True
Test/09278.png,7,7,Speed limit 100 km/h,0.892004668712616,True
Test/09279.png,11,11,Right-of-way at next intersection,0.9999892711639404,True
Test/09280.png,10,10,No passing for vehicles over 3.5 t,0.9999927282333374,True
Test/09281.png,15,15,No vehicles,1.0,True
Test/09282.png,10,10,No passing for vehicles over 3.5 t,0.9999998807907104,True
Test/09283.png,12,12,Priority road,1.0,True
Test/09284.png,2,2,Speed limit 50 km/h,0.9999997615814209,True
Test/09285.png,35,35,Ahead only,1.0,True
Test/09286.png,13,13,Yield,1.0,True
Test/09287.png,38,38,Keep right,1.0,True
Test/09288.png,22,22,Bumpy road,0.9918352365493774,True
Test/09289.png,28,28,Children crossing,0.7897080779075623,True
Test/09290.png,8,8,Speed limit 120 km/h,0.9550725817680359,True
Test/09291.png,11,11,Right-of-way at next intersection,1.0,True
Test/09292.png,10,10,No passing for vehicles over 3.5 t,0.9999997615814209,True
Test/09293.png,13,13,Yield,0.9999996423721313,True
Test/09294.png,4,4,Speed limit 70 km/h,0.9811372756958008,True
Test/09295.png,6,6,End of speed limit 80 km/h,0.8789469599723816,True
Test/09296.png,25,25,Road work,0.9999964237213135,True
Test/09297.png,1,1,Speed limit 30 km/h,0.9964163303375244,True
Test/09298.png,18,18,General caution,0.7583598494529724,True
Test/09299.png,18,18,General caution,0.9994146823883057,True
Test/09300.png,25,25,Road work,0.9999978542327881,True
Test/09301.png,8,8,Speed limit 120 km/h,0.9991298317909241,True
Test/09302.png,34,34,Turn left ahead,1.0,True
Test/09303.png,18,18,General caution,0.9982494711875916,True
Test/09304.png,13,13,Yield,1.0,True
Test/09305.png,11,11,Right-of-way at next intersection,0.9999195337295532,True
Test/09306.png,5,5,Speed limit 80 km/h,0.9903077483177185,True
Test/09307.png,31,31,Wild animals crossing,0.9977810978889465,True
Test/09308.png,11,11,Right-of-way at next intersection,0.9866373538970947,True
Test/09309.png,28,28,Children crossing,0.9469316601753235,True
Test/09310.png,37,37,Go straight or left,0.9952955842018127,True
Test/09311.png,4,4,Speed limit 70 km/h,0.5033111572265625,True
Test/09312.png,8,8,Speed limit 120 km/h,0.995629072189331,True
Test/09313.png,12,12,Priority road,0.9999760389328003,True
Test/09314.png,5,5,Speed limit 80 km/h,0.4606502652168274,True
Test/09315.png,2,2,Speed limit 50 km/h,0.9509705305099487,True
Test/09316.png,14,14,Stop,0.9999926090240479,True
Test/09317.png,13,13,Yield,1.0,True
Test/09318.png,17,17,No entry,1.0,True
Test/09319.png,8,8,Speed limit 120 km/h,0.9948273301124573,True
Test/09320.png,1,1,Speed limit 30 km/h,0.9996583461761475,True
Test/09321.png,3,3,Speed limit 60 km/h,0.9999605417251587,True
Test/09322.png,18,18,General caution,0.989492654800415,True
Test/09323.png,4,4,Speed limit 70 km/h,0.9998155236244202,True
Test/09324.png,3,3,Speed limit 60 km/h,0.9998999834060669,True
Test/09325.png,8,8,Speed limit 120 km/h,0.999982476234436,True
Test/09326.png,28,28,Children crossing,0.9821951985359192,True
Test/09327.png,1,1,Speed limit 30 km/h,0.9990572333335876,True
Test/09328.png,36,36,Go straight or right,0.9923853874206543,True
Test/09329.png,34,34,Turn left ahead,1.0,True
Test/09330.png,25,25,Road work,0.822329580783844,True
Test/09331.png,7,7,Speed limit 100 km/h,0.9995249509811401,True
Test/09332.png,2,2,Speed limit 50 km/h,0.989367663860321,True
Test/09333.png,9,9,No passing,1.0,True
Test/09334.png,2,2,Speed limit 50 km/h,0.44198912382125854,True
Test/09335.png,30,20,Dangerous curve right,0.4225667417049408,False
Test/09336.png,2,2,Speed limit 50 km/h,0.9996939897537231,True
Test/09337.png,13,13,Yield,1.0,True
Test/09338.png,7,7,Speed limit 100 km/h,0.9855169653892517,True
Test/09339.png,23,23,Slippery road,0.5934779644012451,True
Test/09340.png,38,38,Keep right,1.0,True
Test/09341.png,2,2,Speed limit 50 km/h,0.9979110360145569,True
Test/09342.png,17,17,No entry,1.0,True
Test/09343.png,1,1,Speed limit 30 km/h,0.9868942499160767,True
Test/09344.png,14,14,Stop,0.9999997615814209,True
Test/09345.png,36,36,Go straight or right,0.9993465542793274,True
Test/09346.png,13,13,Yield,1.0,True
Test/09347.png,3,3,Speed limit 60 km/h,0.9893604516983032,True
Test/09348.png,1,1,Speed limit 30 km/h,0.9984599351882935,True
Test/09349.png,38,38,Keep right,0.9999997615814209,True
Test/09350.png,42,42,End of no passing for vehicles over 3.5 t,0.9341163635253906,True
Test/09351.png,38,38,Keep right,1.0,True
Test/09352.png,3,3,Speed limit 60 km/h,0.9978463649749756,True
Test/09353.png,11,11,Right-of-way at next intersection,1.0,True
Test/09354.png,15,15,No vehicles,0.9999990463256836,True
Test/09355.png,35,35,Ahead only,1.0,True
Test/09356.png,16,16,Vehicles over 3.5 t prohibited,0.9998511075973511,True
Test/09357.png,12,12,Priority road,1.0,True
Test/09358.png,13,13,Yield,1.0,True
Test/09359.png,25,25,Road work,0.9815707802772522,True
Test/09360.png,14,14,Stop,1.0,True
Test/09361.png,1,1,Speed limit 30 km/h,0.9937673807144165,True
Test/09362.png,2,2,Speed limit 50 km/h,0.9701179265975952,True
Test/09363.png,1,1,Speed limit 30 km/h,0.9793054461479187,True
Test/09364.png,33,33,Turn right ahead,0.9173381328582764,True
Test/09365.png,1,1,Speed limit 30 km/h,0.999834418296814,True
Test/09366.png,8,8,Speed limit 120 km/h,0.9711563587188721,True
Test/09367.png,4,4,Speed limit 70 km/h,0.9998626708984375,True
Test/09368.png,35,35,Ahead only,0.9993433356285095,True
Test/09369.png,6,6,End of speed limit 80 km/h,0.9492274522781372,True
Test/09370.png,6,6,End of speed limit 80 km/h,0.9899576306343079,True
Test/09371.png,18,18,General caution,0.9799602627754211,True
Test/09372.png,33,33,Turn right ahead,0.912959098815918,True
Test/09373.png,38,38,Keep right,0.9999237060546875,True
Test/09374.png,10,10,No passing for vehicles over 3.5 t,0.9999915361404419,True
Test/09375.png,14,14,Stop,0.999998927116394,True
Test/09376.png,4,4,Speed limit 70 km/h,0.990840494632721,True
Test/09377.png,12,12,Priority road,1.0,True
Test/09378.png,9,9,No passing,1.0,True
Test/09379.png,33,33,Turn right ahead,1.0,True
Test/09380.png,34,34,Turn left ahead,1.0,True
Test/09381.png,35,35,Ahead only,0.9999992847442627,True
Test/09382.png,28,28,Children crossing,0.9998482465744019,True
Test/09383.png,18,26,Traffic signals,0.654644787311554,False
Test/09384.png,14,14,Stop,0.9999909400939941,True
Test/09385.png,13,13,Yield,1.0,True
Test/09386.png,34,34,Turn left ahead,1.0,True
Test/09387.png,13,13,Yield,1.0,True
Test/09388.png,11,11,Right-of-way at next intersection,0.9977715611457825,True
Test/09389.png,20,20,Dangerous curve right,0.8463965058326721,True
Test/09390.png,8,8,Speed limit 120 km/h,0.9979959726333618,True
Test/09391.png,5,5,Speed limit 80 km/h,0.9909674525260925,True
Test/09392.png,2,2,Speed limit 50 km/h,0.9999613761901855,True
Test/09393.png,8,8,Speed limit 120 km/h,0.9857979416847229,True
Test/09394.png,5,5,Speed limit 80 km/h,0.9952219128608704,True
Test/09395.png,12,12,Priority road,1.0,True
Test/09396.png,7,7,Speed limit 100 km/h,0.9945053458213806,True
Test/09397.png,33,33,Turn right ahead,0.9964733719825745,True
Test/09398.png,2,2,Speed limit 50 km/h,0.9014939069747925,True
Test/09399.png,10,10,No passing for vehicles over 3.5 t,1.0,True
Test/09400.png,36,36,Go straight or right,0.9997795224189758,True
Test/09401.png,26,26,Traffic signals,0.9999548196792603,True
Test/09402.png,28,28,Children crossing,1.0,True
Test/09403.png,13,13,Yield,1.0,True
Test/09404.png,31,31,Wild animals crossing,0.9954751133918762,True
Test/09405.png,38,38,Keep right,1.0,True
Test/09406.png,2,2,Speed limit 50 km/h,0.9867216348648071,True
Test/09407.png,22,22,Bumpy road,0.9999550580978394,True
Test/09408.png,29,29,Bicycles crossing,0.6547357439994812,True
Test/09409.png,25,25,Road work,0.9980511665344238,True
Test/09410.png,6,6,End of speed limit 80 km/h,0.9978095889091492,True
Test/09411.png,30,30,Beware of ice or snow,0.45615553855895996,True
Test/09412.png,11,11,Right-of-way at next intersection,1.0,True
Test/09413.png,18,26,Traffic signals,0.5753832459449768,False
Test/09414.png,10,10,No passing for vehicles over 3.5 t,0.9999998807907104,True
Test/09415.png,6,6,End of speed limit 80 km/h,0.9990127086639404,True
Test/09416.png,38,38,Keep right,1.0,True
Test/09417.png,22,22,Bumpy road,0.9998716115951538,True
Test/09418.png,27,27,Pedestrians,0.9957212209701538,True
Test/09419.png,10,10,No passing for vehicles over 3.5 t,0.9999995231628418,True
Test/09420.png,1,1,Speed limit 30 km/h,0.9735992550849915,True
Test/09421.png,23,23,Slippery road,0.9999837875366211,True
Test/09422.png,38,38,Keep right,1.0,True
Test/09423.png,7,5,Speed limit 80 km/h,0.5382765531539917,False
Test/09424.png,8,8,Speed limit 120 km/h,0.9911789298057556,True
Test/09425.png,13,13,Yield,1.0,True
Test/09426.png,5,5,Speed limit 80 km/h,0.9995349645614624,True
Test/09427.png,10,10,No passing for vehicles over 3.5 t,0.9999998807907104,True
Test/09428.png,34,34,Turn left ahead,1.0,True
Test/09429.png,5,8,Speed limit 120 km/h,0.7451789975166321,False
Test/09430.png,12,12,Priority road,0.9538596272468567,True
Test/09431.png,10,10,No passing for vehicles over 3.5 t,1.0,True
Test/09432.png,2,2,Speed limit 50 km/h,0.9999570846557617,True
Test/09433.png,31,31,Wild animals crossing,0.9981725215911865,True
Test/09434.png,23,23,Slippery road,0.5486294627189636,True
Test/09435.png,2,2,Speed limit 50 km/h,0.9866739511489868,True
Test/09436.png,9,9,No passing,1.0,True
Test/09437.png,35,35,Ahead only,0.9956672191619873,True
Test/09438.png,1,1,Speed limit 30 km/h,0.9955713152885437,True
Test/09439.png,4,4,Speed limit 70 km/h,1.0,True
Test/09440.png,5,5,Speed limit 80 km/h,0.883632242679596,True
Test/09441.png,17,17,No entry,1.0,True
Test/09442.png,38,38,Keep right,0.9999854564666748,True
Test/09443.png,24,24,Road narrows on right,0.994017481803894,True
Test/09444.png,3,3,Speed limit 60 km/h,0.9959405660629272,True
Test/09445.png,10,10,No passing for vehicles over 3.5 t,0.6794658303260803,True
Test/09446.png,2,2,Speed limit 50 km/h,0.9997474551200867,True
Test/09447.png,6,6,End of speed limit 80 km/h,0.9990912675857544,True
Test/09448.png,12,12,Priority road,0.9306442737579346,True
Test/09449.png,12,12,Priority road,1.0,True
Test/09450.png,39,39,Keep left,1.0,True
Test/09451.png,18,18,General caution,0.959209144115448,True
Test/09452.png,25,25,Road work,1.0,True
Test/09453.png,13,13,Yield,1.0,True
Test/09454.png,7,7,Speed limit 100 km/h,0.9951748251914978,True
Test/09455.png,1,1,Speed limit 30 km/h,0.9977810978889465,True
Test/09456.png,13,13,Yield,1.0,True
Test/09457.png,28,28,Children crossing,0.9925392270088196,True
Test/09458.png,23,23,Slippery road,0.7614811658859253,True
Test/09459.png,3,3,Speed limit 60 km/h,0.9736108779907227,True
Test/09460.png,10,10,No passing for vehicles over 3.5 t,1.0,True
Test/09461.png,38,38,Keep right,1.0,True
Test/09462.png,41,41,End of no passing,0.978084146976471,True
Test/09463.png,11,11,Right-of-way at next intersection,0.9853271245956421,True
Test/09464.png,12,12,Priority road,0.9999076128005981,True
Test/09465.png,2,2,Speed limit 50 km/h,0.9999866485595703,True
Test/09466.png,2,2,Speed limit 50 km/h,0.9999644756317139,True
Test/09467.png,33,33,Turn right ahead,0.9997267127037048,True
Test/09468.png,10,10,No passing for vehicles over 3.5 t,1.0,True
Test/09469.png,38,38,Keep right,1.0,True
Test/09470.png,38,38,Keep right,0.9999997615814209,True
Test/09471.png,16,16,Vehicles over 3.5 t prohibited,0.999794065952301,True
Test/09472.png,1,1,Speed limit 30 km/h,0.9984005093574524,True
Test/09473.png,23,23,Slippery road,0.9928346872329712,True
Test/09474.png,5,5,Speed limit 80 km/h,0.9909148812294006,True
Test/09475.png,41,41,End of no passing,0.6367332935333252,True
Test/09476.png,17,17,No entry,0.8333874344825745,True
Test/09477.png,8,8,Speed limit 120 km/h,0.9990676045417786,True
Test/09478.png,25,25,Road work,0.9999997615814209,True
Test/09479.png,26,26,Traffic signals,0.9999827146530151,True
Test/09480.png,21,21,Double curve,0.9999774694442749,True
Test/09481.png,10,10,No passing for vehicles over 3.5 t,0.9999970197677612,True
Test/09482.png,15,15,No vehicles,1.0,True
Test/09483.png,4,4,Speed limit 70 km/h,0.6935571432113647,True
Test/09484.png,10,20,Dangerous curve right,0.5527898073196411,False
Test/09485.png,25,25,Road work,0.9999998807907104,True
Test/09486.png,8,8,Speed limit 120 km/h,0.9673922061920166,True
Test/09487.png,13,13,Yield,1.0,True
Test/09488.png,35,35,Ahead only,0.9997770190238953,True
Test/09489.png,16,16,Vehicles over 3.5 t prohibited,0.9999920129776001,True
Test/09490.png,25,25,Road work,1.0,True
Test/09491.png,9,9,No passing,1.0,True
Test/09492.png,19,19,Dangerous curve left,0.47752439975738525,True
Test/09493.png,42,42,End of no passing for vehicles over 3.5 t,0.995759904384613,True
Test/09494.png,20,20,Dangerous curve right,0.5679238438606262,True
Test/09495.png,8,8,Speed limit 120 km/h,0.9945185780525208,True
Test/09496.png,15,15,No vehicles,1.0,True
Test/09497.png,25,25,Road work,0.9871134757995605,True
Test/09498.png,15,15,No vehicles,1.0,True
Test/09499.png,4,4,Speed limit 70 km/h,0.9994159936904907,True
Test/09500.png,7,7,Speed limit 100 km/h,0.9969488978385925,True
Test/09501.png,17,17,No entry,1.0,True
Test/09502.png,11,11,Right-of-way at next intersection,1.0,True
Test/09503.png,38,38,Keep right,1.0,True
Test/09504.png,38,38,Keep right,0.9962692260742188,True
Test/09505.png,1,1,Speed limit 30 km/h,0.9998966455459595,True
Test/09506.png,11,28,Children crossing,0.7357572317123413,False
Test/09507.png,3,3,Speed limit 60 km/h,0.9999984502792358,True
Test/09508.png,1,1,Speed limit 30 km/h,0.9495728015899658,True
Test/09509.png,27,27,Pedestrians,0.29290831089019775,True
Test/09510.png,1,1,Speed limit 30 km/h,0.9994885921478271,True
Test/09511.png,38,38,Keep right,1.0,True
Test/09512.png,29,29,Bicycles crossing,0.9233271479606628,True
Test/09513.png,1,1,Speed limit 30 km/h,0.9829379916191101,True
Test/09514.png,26,26,Traffic signals,0.9996064305305481,True
Test/09515.png,4,4,Speed limit 70 km/h,0.6547924876213074,True
Test/09516.png,1,1,Speed limit 30 km/h,0.9885398745536804,True
Test/09517.png,1,1,Speed limit 30 km/h,0.999483585357666,True
Test/09518.png,4,4,Speed limit 70 km/h,0.9998507499694824,True
Test/09519.png,1,1,Speed limit 30 km/h,0.9996145963668823,True
Test/09520.png,17,17,No entry,1.0,True
Test/09521.png,4,4,Speed limit 70 km/h,0.9958840012550354,True
Test/09522.png,1,1,Speed limit 30 km/h,0.9936717748641968,True
Test/09523.png,1,1,Speed limit 30 km/h,0.9999662637710571,True
Test/09524.png,10,10,No passing for vehicles over 3.5 t,0.9999798536300659,True
Test/09525.png,35,35,Ahead only,0.997689962387085,True
Test/09526.png,5,5,Speed limit 80 km/h,0.9992976188659668,True
Test/09527.png,3,3,Speed limit 60 km/h,0.9628238081932068,True
Test/09528.png,27,27,Pedestrians,0.9879163503646851,True
Test/09529.png,9,9,No passing,0.9999393224716187,True
Test/09530.png,1,1,Speed limit 30 km/h,0.999915599822998,True
Test/09531.png,16,16,Vehicles over 3.5 t prohibited,0.9990434050559998,True
Test/09532.png,14,14,Stop,1.0,True
Test/09533.png,12,12,Priority road,1.0,True
Test/09534.png,35,35,Ahead only,0.9999895095825195,True
Test/09535.png,38,38,Keep right,0.9973068237304688,True
Test/09536.png,20,20,Dangerous curve right,0.5936478972434998,True
Test/09537.png,35,35,Ahead only,0.911895215511322,True
Test/09538.png,1,1,Speed limit 30 km/h,0.9973094463348389,True
Test/09539.png,3,3,Speed limit 60 km/h,0.8061254024505615,True
Test/09540.png,10,10,No passing for vehicles over 3.5 t,0.9999988079071045,True
Test/09541.png,5,5,Speed limit 80 km/h,0.915386974811554,True
Test/09542.png,24,24,Road narrows on right,0.9999850988388062,True
Test/09543.png,32,32,End of all speed and passing limits,0.9169055819511414,True
Test/09544.png,13,13,Yield,1.0,True
Test/09545.png,6,6,End of speed limit 80 km/h,0.9859828352928162,True
Test/09546.png,18,18,General caution,0.8474122881889343,True
Test/09547.png,27,27,Pedestrians,0.9384992122650146,True
Test/09548.png,19,19,Dangerous curve left,0.9999997615814209,True
Test/09549.png,11,11,Right-of-way at next intersection,0.9996635913848877,True
Test/09550.png,29,29,Bicycles crossing,0.9919638633728027,True
Test/09551.png,9,9,No passing,1.0,True
Test/09552.png,10,10,No passing for vehicles over 3.5 t,1.0,True
Test/09553.png,27,27,Pedestrians,0.9949350953102112,True
Test/09554.png,4,4,Speed limit 70 km/h,0.9999364614486694,True
Test/09555.png,5,5,Speed limit 80 km/h,0.6774126291275024,True
Test/09556.png,35,35,Ahead only,0.9985514283180237,True
Test/09557.png,15,15,No vehicles,1.0,True
Test/09558.png,12,12,Priority road,1.0,True
Test/09559.png,8,8,Speed limit 120 km/h,0.9859398603439331,True
Test/09560.png,2,2,Speed limit 50 km/h,0.9993324875831604,True
Test/09561.png,5,5,Speed limit 80 km/h,0.4929440915584564,True
Test/09562.png,38,38,Keep right,1.0,True
Test/09563.png,5,5,Speed limit 80 km/h,0.7745298147201538,True
Test/09564.png,2,2,Speed limit 50 km/h,0.9999958276748657,True
Test/09565.png,9,9,No passing,1.0,True
Test/09566.png,10,10,No passing for vehicles over 3.5 t,1.0,True
Test/09567.png,14,14,Stop,1.0,True
Test/09568.png,12,12,Priority road,1.0,True
Test/09569.png,4,4,Speed limit 70 km/h,0.9995238780975342,True
Test/09570.png,26,26,Traffic signals,0.9999914169311523,True
Test/09571.png,35,35,Ahead only,0.9989960789680481,True
Test/09572.png,10,10,No passing for vehicles over 3.5 t,1.0,True
Test/09573.png,4,4,Speed limit 70 km/h,0.9981873631477356,True
Test/09574.png,5,5,Speed limit 80 km/h,0.9890186786651611,True
Test/09575.png,14,14,Stop,0.9999892711639404,True
Test/09576.png,13,13,Yield,1.0,True
Test/09577.png,10,10,No passing for vehicles over 3.5 t,1.0,True
Test/09578.png,9,9,No passing,0.9998300075531006,True
Test/09579.png,18,18,General caution,0.9423250555992126,True
Test/09580.png,4,4,Speed limit 70 km/h,0.9845012426376343,True
Test/09581.png,13,13,Yield,1.0,True
Test/09582.png,3,3,Speed limit 60 km/h,0.9915639162063599,True
Test/09583.png,15,15,No vehicles,0.9999967813491821,True
Test/09584.png,9,9,No passing,0.9920927882194519,True
Test/09585.png,14,14,Stop,1.0,True
Test/09586.png,2,2,Speed limit 50 km/h,0.9999890327453613,True
Test/09587.png,4,4,Speed limit 70 km/h,0.9996565580368042,True
Test/09588.png,17,17,No entry,1.0,True
Test/09589.png,33,33,Turn right ahead,0.9871652126312256,True
Test/09590.png,7,7,Speed limit 100 km/h,0.9419916272163391,True
Test/09591.png,6,6,End of speed limit 80 km/h,0.8801490068435669,True
Test/09592.png,3,3,Speed limit 60 km/h,0.9989715814590454,True
Test/09593.png,42,6,End of speed limit 80 km/h,0.4249427914619446,False
Test/09594.png,4,4,Speed limit 70 km/h,0.9959153532981873,True
Test/09595.png,1,1,Speed limit 30 km/h,0.9760531783103943,True
Test/09596.png,26,26,Traffic signals,0.999984622001648,True
Test/09597.png,38,38,Keep right,0.978826105594635,True
Test/09598.png,2,2,Speed limit 50 km/h,0.9778345823287964,True
Test/09599.png,11,11,Right-of-way at next intersection,0.997870922088623,True
Test/09600.png,13,13,Yield,1.0,True
Test/09601.png,16,16,Vehicles over 3.5 t prohibited,0.9998570680618286,True
Test/09602.png,2,2,Speed limit 50 km/h,0.9968799352645874,True
Test/09603.png,16,16,Vehicles over 3.5 t prohibited,0.9999994039535522,True
Test/09604.png,25,25,Road work,0.9999991655349731,True
Test/09605.png,4,4,Speed limit 70 km/h,0.9904345273971558,True
Test/09606.png,12,12,Priority road,1.0,True
Test/09607.png,17,17,No entry,1.0,True
Test/09608.png,31,31,Wild animals crossing,0.2667700946331024,True
Test/09609.png,36,40,Roundabout mandatory,0.5706323385238647,False
Test/09610.png,13,13,Yield,1.0,True
Test/09611.png,20,20,Dangerous curve right,0.9563082456588745,True
Test/09612.png,13,13,Yield,1.0,True
Test/09613.png,12,4,Speed limit 70 km/h,0.9642296433448792,False
Test/09614.png,1,1,Speed limit 30 km/h,0.9985139966011047,True
Test/09615.png,10,10,No passing for vehicles over 3.5 t,1.0,True
Test/09616.png,35,35,Ahead only,0.9999998807907104,True
Test/09617.png,38,38,Keep right,0.9999936819076538,True
Test/09618.png,35,35,Ahead only,0.9978445768356323,True
Test/09619.png,11,11,Right-of-way at next intersection,0.8602725267410278,True
Test/09620.png,10,10,No passing for vehicles over 3.5 t,1.0,True
Test/09621.png,26,26,Traffic signals,0.9999898672103882,True
Test/09622.png,38,38,Keep right,0.9999516010284424,True
Test/09623.png,7,7,Speed limit 100 km/h,0.4822801947593689,True
Test/09624.png,5,5,Speed limit 80 km/h,0.862219512462616,True
Test/09625.png,18,18,General caution,0.9985750913619995,True
Test/09626.png,12,12,Priority road,1.0,True
Test/09627.png,28,28,Children crossing,0.9999997615814209,True
Test/09628.png,18,18,General caution,0.5119388103485107,True
Test/09629.png,14,14,Stop,1.0,True
Test/09630.png,26,26,Traffic signals,0.9999997615814209,True
Test/09631.png,38,38,Keep right,0.9999970197677612,True
Test/09632.png,10,10,No passing for vehicles over 3.5 t,0.9999997615814209,True
Test/09633.png,9,9,No passing,0.9999996423721313,True
Test/09634.png,1,1,Speed limit 30 km/h,0.999997615814209,True
Test/09635.png,38,38,Keep right,1.0,True
Test/09636.png,13,13,Yield,1.0,True
Test/09637.png,22,22,Bumpy road,0.9999547004699707,True
Test/09638.png,3,3,Speed limit 60 km/h,0.8233709931373596,True
Test/09639.png,4,4,Speed limit 70 km/h,0.9296005964279175,True
Test/09640.png,5,5,Speed limit 80 km/h,0.7985246777534485,True
Test/09641.png,5,5,Speed limit 80 km/h,0.9742271304130554,True
Test/09642.png,14,14,Stop,1.0,True
Test/09643.png,14,14,Stop,0.9999947547912598,True
Test/09644.png,2,2,Speed limit 50 km/h,0.9999673366546631,True
Test/09645.png,13,13,Yield,1.0,True
Test/09646.png,42,42,End of no passing for vehicles over 3.5 t,0.9777103066444397,True
Test/09647.png,5,5,Speed limit 80 km/h,0.9872604608535767,True
Test/09648.png,6,6,End of speed limit 80 km/h,0.7945196032524109,True
Test/09649.png,3,3,Speed limit 60 km/h,0.9981837868690491,True
Test/09650.png,38,38,Keep right,0.9999922513961792,True
Test/09651.png,5,5,Speed limit 80 km/h,0.92259681224823,True
Test/09652.png,8,8,Speed limit 120 km/h,0.999933123588562,True
Test/09653.png,35,35,Ahead only,1.0,True
Test/09654.png,15,15,No vehicles,0.9999994039535522,True
Test/09655.png,13,13,Yield,1.0,True
Test/09656.png,3,3,Speed limit 60 km/h,0.9998296499252319,True
Test/09657.png,5,5,Speed limit 80 km/h,0.9654337167739868,True
Test/09658.png,10,10,No passing for vehicles over 3.5 t,0.9999998807907104,True
Test/09659.png,22,20,Dangerous curve right,0.26729369163513184,False
Test/09660.png,2,2,Speed limit 50 km/h,0.9996999502182007,True
Test/09661.png,30,30,Beware of ice or snow,0.9986479878425598,True
Test/09662.png,9,9,No passing,1.0,True
Test/09663.png,11,11,Right-of-way at next intersection,1.0,True
Test/09664.png,14,14,Stop,0.9999996423721313,True
Test/09665.png,25,25,Road work,0.9999992847442627,True
Test/09666.png,35,35,Ahead only,0.9999996423721313,True
Test/09667.png,4,4,Speed limit 70 km/h,1.0,True
Test/09668.png,22,22,Bumpy road,0.9991706609725952,True
Test/09669.png,25,25,Road work,0.8521290421485901,True
Test/09670.png,5,5,Speed limit 80 km/h,0.9975776076316833,True
Test/09671.png,12,12,Priority road,1.0,True
Test/09672.png,2,2,Speed limit 50 km/h,0.9980908036231995,True
Test/09673.png,10,10,No passing for vehicles over 3.5 t,0.999997615814209,True
Test/09674.png,17,17,No entry,1.0,True
Test/09675.png,13,13,Yield,1.0,True
Test/09676.png,13,13,Yield,1.0,True
Test/09677.png,1,1,Speed limit 30 km/h,0.9922802448272705,True
Test/09678.png,14,14,Stop,0.9999806880950928,True
Test/09679.png,3,3,Speed limit 60 km/h,0.9851266741752625,True
Test/09680.png,38,38,Keep right,1.0,True
Test/09681.png,4,4,Speed limit 70 km/h,0.9986978769302368,True
Test/09682.png,1,1,Speed limit 30 km/h,0.9999750852584839,True
Test/09683.png,4,4,Speed limit 70 km/h,0.999742329120636,True
Test/09684.png,13,13,Yield,1.0,True
Test/09685.png,7,5,Speed limit 80 km/h,0.9385114908218384,False
Test/09686.png,1,1,Speed limit 30 km/h,0.9985952973365784,True
Test/09687.png,2,1,Speed limit 30 km/h,0.9797973036766052,False
Test/09688.png,23,23,Slippery road,0.6457483172416687,True
Test/09689.png,4,4,Speed limit 70 km/h,0.988091230392456,True
Test/09690.png,10,10,No passing for vehicles over 3.5 t,0.9999959468841553,True
Test/09691.png,4,4,Speed limit 70 km/h,0.9981867671012878,True
Test/09692.png,30,29,Bicycles crossing,0.26730287075042725,False
Test/09693.png,4,4,Speed limit 70 km/h,1.0,True
Test/09694.png,9,9,No passing,0.7845759987831116,True
Test/09695.png,2,2,Speed limit 50 km/h,0.9993439316749573,True
Test/09696.png,7,7,Speed limit 100 km/h,0.994110643863678,True
Test/09697.png,7,5,Speed limit 80 km/h,0.8700080513954163,False
Test/09698.png,10,10,No passing for vehicles over 3.5 t,1.0,True
Test/09699.png,11,11,Right-of-way at next intersection,0.999985933303833,True
Test/09700.png,5,5,Speed limit 80 km/h,0.9599664211273193,True
Test/09701.png,8,8,Speed limit 120 km/h,0.7882177829742432,True
Test/09702.png,33,33,Turn right ahead,1.0,True
Test/09703.png,18,18,General caution,0.9722297191619873,True
Test/09704.png,13,13,Yield,1.0,True
Test/09705.png,7,7,Speed limit 100 km/h,0.9974911212921143,True
Test/09706.png,4,4,Speed limit 70 km/h,0.9816223382949829,True
Test/09707.png,2,2,Speed limit 50 km/h,0.9995881915092468,True
Test/09708.png,3,3,Speed limit 60 km/h,0.9932050704956055,True
Test/09709.png,38,38,Keep right,0.998658299446106,True
Test/09710.png,28,28,Children crossing,0.9999948740005493,True
Test/09711.png,3,3,Speed limit 60 km/h,0.9986866116523743,True
Test/09712.png,12,12,Priority road,1.0,True
Test/09713.png,12,12,Priority road,0.9999064207077026,True
Test/09714.png,38,38,Keep right,0.9999510049819946,True
Test/09715.png,16,16,Vehicles over 3.5 t prohibited,0.9998300075531006,True
Test/09716.png,38,38,Keep right,1.0,True
Test/09717.png,38,38,Keep right,0.9999994039535522,True
Test/09718.png,13,13,Yield,1.0,True
Test/09719.png,3,3,Speed limit 60 km/h,0.9315133094787598,True
Test/09720.png,33,33,Turn right ahead,1.0,True
Test/09721.png,7,7,Speed limit 100 km/h,0.6138842105865479,True
Test/09722.png,34,34,Turn left ahead,1.0,True
Test/09723.png,11,11,Right-of-way at next intersection,0.9999998807907104,True
Test/09724.png,5,5,Speed limit 80 km/h,0.9852396249771118,True
Test/09725.png,18,18,General caution,0.9467760324478149,True
Test/09726.png,18,18,General caution,0.9814028739929199,True
Test/09727.png,11,11,Right-of-way at next intersection,0.9999771118164062,True
Test/09728.png,4,4,Speed limit 70 km/h,0.9996509552001953,True
Test/09729.png,9,9,No passing,0.9999263286590576,True
Test/09730.png,5,5,Speed limit 80 km/h,0.9802097678184509,True
Test/09731.png,38,38,Keep right,0.9999916553497314,True
Test/09732.png,28,28,Children crossing,0.9998331069946289,True
Test/09733.png,4,4,Speed limit 70 km/h,0.7775695323944092,True
Test/09734.png,2,2,Speed limit 50 km/h,0.6310378909111023,True
Test/09735.png,38,38,Keep right,0.9999959468841553,True
Test/09736.png,13,13,Yield,1.0,True
Test/09737.png,39,39,Keep left,0.9999992847442627,True
Test/09738.png,8,8,Speed limit 120 km/h,0.9994385838508606,True
Test/09739.png,3,3,Speed limit 60 km/h,0.9957612156867981,True
Test/09740.png,8,8,Speed limit 120 km/h,0.9951252341270447,True
Test/09741.png,10,10,No passing for vehicles over 3.5 t,0.9999995231628418,True
Test/09742.png,14,14,Stop,0.9999985694885254,True
Test/09743.png,18,18,General caution,0.9992527365684509,True
Test/09744.png,4,4,Speed limit 70 km/h,0.9928597807884216,True
Test/09745.png,3,3,Speed limit 60 km/h,0.9995043277740479,True
Test/09746.png,15,15,No vehicles,0.9999997615814209,True
Test/09747.png,36,36,Go straight or right,0.9747347235679626,True
Test/09748.png,38,38,Keep right,0.999967098236084,True
Test/09749.png,2,2,Speed limit 50 km/h,0.9999998807907104,True
Test/09750.png,13,13,Yield,1.0,True
Test/09751.png,34,34,Turn left ahead,1.0,True
Test/09752.png,11,11,Right-of-way at next intersection,0.9998595714569092,True
Test/09753.png,25,25,Road work,0.9999972581863403,True
Test/09754.png,13,13,Yield,1.0,True
Test/09755.png,2,2,Speed limit 50 km/h,1.0,True
Test/09756.png,7,7,Speed limit 100 km/h,0.9995051622390747,True
Test/09757.png,5,2,Speed limit 50 km/h,0.665225625038147,False
Test/09758.png,3,3,Speed limit 60 km/h,0.9999672174453735,True
Test/09759.png,13,13,Yield,0.9999887943267822,True
Test/09760.png,4,4,Speed limit 70 km/h,0.9991950392723083,True
Test/09761.png,7,5,Speed limit 80 km/h,0.9506823420524597,False
Test/09762.png,25,27,Pedestrians,0.45463308691978455,False
Test/09763.png,4,4,Speed limit 70 km/h,0.9980764389038086,True
Test/09764.png,8,8,Speed limit 120 km/h,0.85114985704422,True
Test/09765.png,10,10,No passing for vehicles over 3.5 t,0.990912914276123,True
Test/09766.png,31,31,Wild animals crossing,0.9880642294883728,True
Test/09767.png,9,9,No passing,1.0,True
Test/09768.png,1,1,Speed limit 30 km/h,0.9999947547912598,True
Test/09769.png,30,30,Beware of ice or snow,0.9606236815452576,True
Test/09770.png,12,12,Priority road,1.0,True
Test/09771.png,29,28,Children crossing,0.5905713438987732,False
Test/09772.png,31,31,Wild animals crossing,0.9835547804832458,True
Test/09773.png,2,2,Speed limit 50 km/h,0.9999644756317139,True
Test/09774.png,7,8,Speed limit 120 km/h,0.5182986855506897,False
Test/09775.png,12,12,Priority road,1.0,True
Test/09776.png,25,25,Road work,1.0,True
Test/09777.png,9,9,No passing,0.9999997615814209,True
Test/09778.png,18,18,General caution,0.6450935006141663,True
Test/09779.png,16,16,Vehicles over 3.5 t prohibited,0.9999715089797974,True
Test/09780.png,11,11,Right-of-way at next intersection,0.9966652989387512,True
Test/09781.png,18,18,General caution,0.9761607646942139,True
Test/09782.png,4,4,Speed limit 70 km/h,0.9403507113456726,True
Test/09783.png,2,2,Speed limit 50 km/h,0.9999986886978149,True
Test/09784.png,1,1,Speed limit 30 km/h,0.9914377331733704,True
Test/09785.png,10,10,No passing for vehicles over 3.5 t,0.9984859824180603,True
Test/09786.png,13,13,Yield,0.9999356269836426,True
Test/09787.png,13,13,Yield,1.0,True
Test/09788.png,1,1,Speed limit 30 km/h,0.9999871253967285,True
Test/09789.png,9,9,No passing,1.0,True
Test/09790.png,37,37,Go straight or left,0.9782435894012451,True
Test/09791.png,20,20,Dangerous curve right,0.999196469783783,True
Test/09792.png,21,23,Slippery road,0.5399885773658752,False
Test/09793.png,19,19,Dangerous curve left,0.9999998807907104,True
Test/09794.png,12,12,Priority road,0.999891996383667,True
Test/09795.png,38,38,Keep right,0.9999762773513794,True
Test/09796.png,2,2,Speed limit 50 km/h,0.9999982118606567,True
Test/09797.png,11,28,Children crossing,0.8554844260215759,False
Test/09798.png,2,2,Speed limit 50 km/h,0.9998859167098999,True
Test/09799.png,33,33,Turn right ahead,0.9999995231628418,True
Test/09800.png,13,13,Yield,1.0,True
Test/09801.png,34,34,Turn left ahead,1.0,True
Test/09802.png,14,14,Stop,0.9999998807907104,True
Test/09803.png,13,13,Yield,1.0,True
Test/09804.png,25,25,Road work,0.9999998807907104,True
Test/09805.png,38,38,Keep right,0.40304306149482727,True
Test/09806.png,5,3,Speed limit 60 km/h,0.6753710508346558,False
Test/09807.png,4,4,Speed limit 70 km/h,0.9988256096839905,True
Test/09808.png,24,24,Road narrows on right,0.9089948534965515,True
Test/09809.png,38,38,Keep right,0.7977904677391052,True
Test/09810.png,6,6,End of speed limit 80 km/h,0.9945589900016785,True
Test/09811.png,35,35,Ahead only,0.9937378168106079,True
Test/09812.png,11,11,Right-of-way at next intersection,0.9999827146530151,True
Test/09813.png,1,1,Speed limit 30 km/h,0.992316722869873,True
Test/09814.png,2,2,Speed limit 50 km/h,0.9999985694885254,True
Test/09815.png,15,15,No vehicles,1.0,True
Test/09816.png,1,1,Speed limit 30 km/h,0.9998852014541626,True
Test/09817.png,38,38,Keep right,1.0,True
Test/09818.png,25,25,Road work,0.9984433054924011,True
Test/09819.png,13,13,Yield,1.0,True
Test/09820.png,10,10,No passing for vehicles over 3.5 t,0.999997615814209,True
Test/09821.png,25,25,Road work,0.9999997615814209,True
Test/09822.png,26,26,Traffic signals,0.9965512752532959,True
Test/09823.png,13,13,Yield,1.0,True
Test/09824.png,12,12,Priority road,0.9999414682388306,True
Test/09825.png,11,11,Right-of-way at next intersection,0.9999501705169678,True
Test/09826.png,9,9,No passing,1.0,True
Test/09827.png,9,3,Speed limit 60 km/h,0.9309300780296326,False
Test/09828.png,39,39,Keep left,1.0,True
Test/09829.png,8,8,Speed limit 120 km/h,0.9108287692070007,True
Test/09830.png,31,31,Wild animals crossing,0.6352756023406982,True
Test/09831.png,13,13,Yield,1.0,True
Test/09832.png,2,2,Speed limit 50 km/h,0.4942031502723694,True
Test/09833.png,17,17,No entry,1.0,True
Test/09834.png,19,19,Dangerous curve left,0.9843803644180298,True
Test/09835.png,21,23,Slippery road,0.45495426654815674,False
Test/09836.png,23,23,Slippery road,0.6952642798423767,True
Test/09837.png,17,17,No entry,0.9997618794441223,True
Test/09838.png,2,2,Speed limit 50 km/h,0.9988755583763123,True
Test/09839.png,14,14,Stop,0.9999978542327881,True
Test/09840.png,10,10,No passing for vehicles over 3.5 t,1.0,True
Test/09841.png,28,28,Children crossing,0.9993333220481873,True
Test/09842.png,16,16,Vehicles over 3.5 t prohibited,0.9998070597648621,True
Test/09843.png,11,11,Right-of-way at next intersection,0.9999942779541016,True
Test/09844.png,36,36,Go straight or right,0.8714544773101807,True
Test/09845.png,8,8,Speed limit 120 km/h,0.9986656904220581,True
Test/09846.png,4,4,Speed limit 70 km/h,0.9791216254234314,True
Test/09847.png,10,10,No passing for vehicles over 3.5 t,0.9999794960021973,True
Test/09848.png,37,37,Go straight or left,0.9948000907897949,True
Test/09849.png,32,32,End of all speed and passing limits,0.9460799694061279,True
Test/09850.png,25,25,Road work,0.9944782257080078,True
Test/09851.png,8,8,Speed limit 120 km/h,0.9989622831344604,True
Test/09852.png,2,1,Speed limit 30 km/h,0.6713473796844482,False
Test/09853.png,3,3,Speed limit 60 km/h,0.9785969257354736,True
Test/09854.png,29,29,Bicycles crossing,0.9532020688056946,True
Test/09855.png,32,32,End of all speed and passing limits,0.8716954588890076,True
Test/09856.png,25,25,Road work,1.0,True
Test/09857.png,17,17,No entry,1.0,True
Test/09858.png,2,2,Speed limit 50 km/h,0.9809079170227051,True
Test/09859.png,26,26,Traffic signals,0.9999977350234985,True
Test/09860.png,2,2,Speed limit 50 km/h,1.0,True
Test/09861.png,7,7,Speed limit 100 km/h,0.9992696642875671,True
Test/09862.png,9,9,No passing,0.9941737055778503,True
Test/09863.png,8,8,Speed limit 120 km/h,0.9912852644920349,True
Test/09864.png,33,33,Turn right ahead,1.0,True
Test/09865.png,4,4,Speed limit 70 km/h,0.9993416666984558,True
Test/09866.png,9,9,No passing,0.9999979734420776,True
Test/09867.png,14,14,Stop,0.9995433688163757,True
Test/09868.png,42,42,End of no passing for vehicles over 3.5 t,0.9997159838676453,True
Test/09869.png,12,12,Priority road,1.0,True
Test/09870.png,3,3,Speed limit 60 km/h,0.9309558868408203,True
Test/09871.png,38,38,Keep right,0.9999384880065918,True
Test/09872.png,4,4,Speed limit 70 km/h,0.9975582361221313,True
Test/09873.png,31,31,Wild animals crossing,0.9740045070648193,True
Test/09874.png,11,11,Right-of-way at next intersection,0.9995536208152771,True
Test/09875.png,9,9,No passing,0.9988309741020203,True
Test/09876.png,4,1,Speed limit 30 km/h,0.5350410342216492,False
Test/09877.png,26,26,Traffic signals,0.9983561635017395,True
Test/09878.png,17,17,No entry,1.0,True
Test/09879.png,38,38,Keep right,1.0,True
Test/09880.png,39,35,Ahead only,0.6803757548332214,False
Test/09881.png,23,23,Slippery road,0.994105339050293,True
Test/09882.png,26,26,Traffic signals,0.999998927116394,True
Test/09883.png,3,3,Speed limit 60 km/h,0.9984695315361023,True
Test/09884.png,12,12,Priority road,0.9997848868370056,True
Test/09885.png,13,13,Yield,1.0,True
Test/09886.png,4,4,Speed limit 70 km/h,0.9999333620071411,True
Test/09887.png,31,31,Wild animals crossing,0.9908666610717773,True
Test/09888.png,12,12,Priority road,0.9999821186065674,True
Test/09889.png,33,33,Turn right ahead,0.8470450043678284,True
Test/09890.png,13,13,Yield,1.0,True
Test/09891.png,7,7,Speed limit 100 km/h,0.9980751276016235,True
Test/09892.png,33,33,Turn right ahead,0.8679141402244568,True
Test/09893.png,10,10,No passing for vehicles over 3.5 t,1.0,True
Test/09894.png,14,14,Stop,0.9982694387435913,True
Test/09895.png,9,9,No passing,1.0,True
Test/09896.png,13,13,Yield,1.0,True
Test/09897.png,2,2,Speed limit 50 km/h,0.9915338158607483,True
Test/09898.png,7,8,Speed limit 120 km/h,0.900404155254364,False
Test/09899.png,24,24,Road narrows on right,0.9879640340805054,True
Test/09900.png,5,5,Speed limit 80 km/h,0.978137731552124,True
Test/09901.png,2,2,Speed limit 50 km/h,0.891707181930542,True
Test/09902.png,4,4,Speed limit 70 km/h,0.9995947480201721,True
Test/09903.png,9,9,No passing,1.0,True
Test/09904.png,4,4,Speed limit 70 km/h,0.9993634819984436,True
Test/09905.png,13,13,Yield,1.0,True
Test/09906.png,35,35,Ahead only,0.996679425239563,True
Test/09907.png,35,35,Ahead only,1.0,True
Test/09908.png,13,13,Yield,1.0,True
Test/09909.png,26,26,Traffic signals,0.9999972581863403,True
Test/09910.png,13,13,Yield,1.0,True
Test/09911.png,1,1,Speed limit 30 km/h,0.9611781239509583,True
Test/09912.png,13,13,Yield,1.0,True
Test/09913.png,15,15,No vehicles,1.0,True
Test/09914.png,25,25,Road work,1.0,True
Test/09915.png,8,8,Speed limit 120 km/h,0.7233121395111084,True
Test/09916.png,6,6,End of speed limit 80 km/h,0.9695500135421753,True
Test/09917.png,13,13,Yield,1.0,True
Test/09918.png,32,32,End of all speed and passing limits,0.7520323395729065,True
Test/09919.png,10,10,No passing for vehicles over 3.5 t,1.0,True
Test/09920.png,7,7,Speed limit 100 km/h,0.6419244408607483,True
Test/09921.png,38,38,Keep right,0.9999837875366211,True
Test/09922.png,7,7,Speed limit 100 km/h,0.7489320635795593,True
Test/09923.png,14,14,Stop,1.0,True
Test/09924.png,38,38,Keep right,0.999984622001648,True
Test/09925.png,1,1,Speed limit 30 km/h,0.999956488609314,True
Test/09926.png,22,22,Bumpy road,0.7272659540176392,True
Test/09927.png,26,26,Traffic signals,0.9999879598617554,True
Test/09928.png,2,3,Speed limit 60 km/h,0.38555821776390076,False
Test/09929.png,1,1,Speed limit 30 km/h,0.9930001497268677,True
Test/09930.png,12,12,Priority road,0.9995959401130676,True
Test/09931.png,8,8,Speed limit 120 km/h,0.991837203502655,True
Test/09932.png,12,12,Priority road,1.0,True
Test/09933.png,3,3,Speed limit 60 km/h,0.9955413937568665,True
Test/09934.png,12,12,Priority road,1.0,True
Test/09935.png,17,9,No passing,0.7973728775978088,False
Test/09936.png,19,19,Dangerous curve left,0.999762237071991,True
Test/09937.png,42,42,End of no passing for vehicles over 3.5 t,0.9629104137420654,True
Test/09938.png,9,9,No passing,1.0,True
Test/09939.png,10,10,No passing for vehicles over 3.5 t,0.9999758005142212,True
Test/09940.png,2,2,Speed limit 50 km/h,0.9998807907104492,True
Test/09941.png,6,6,End of speed limit 80 km/h,0.9990953207015991,True
Test/09942.png,9,9,No passing,1.0,True
Test/09943.png,2,2,Speed limit 50 km/h,0.9907857179641724,True
Test/09944.png,5,5,Speed limit 80 km/h,0.9966717958450317,True
Test/09945.png,2,2,Speed limit 50 km/h,0.8825340270996094,True
Test/09946.png,5,5,Speed limit 80 km/h,0.9685010313987732,True
Test/09947.png,3,3,Speed limit 60 km/h,0.9983915686607361,True
Test/09948.png,10,10,No passing for vehicles over 3.5 t,1.0,True
Test/09949.png,9,9,No passing,0.9999878406524658,True
Test/09950.png,8,8,Speed limit 120 km/h,0.999326229095459,True
Test/09951.png,31,31,Wild animals crossing,0.9953162670135498,True
Test/09952.png,12,12,Priority road,0.6386557817459106,True
Test/09953.png,10,10,No passing for vehicles over 3.5 t,1.0,True
Test/09954.png,38,38,Keep right,0.9999997615814209,True
Test/09955.png,38,38,Keep right,0.9999961853027344,True
Test/09956.png,8,8,Speed limit 120 km/h,0.9217937588691711,True
Test/09957.png,5,5,Speed limit 80 km/h,0.9876036047935486,True
Test/09958.png,3,3,Speed limit 60 km/h,0.9984267950057983,True
Test/09959.png,8,8,Speed limit 120 km/h,0.9994122982025146,True
Test/09960.png,4,4,Speed limit 70 km/h,0.7549979090690613,True
Test/09961.png,31,20,Dangerous curve right,0.4827769100666046,False
Test/09962.png,5,7,Speed limit 100 km/h,0.411221444606781,False
Test/09963.png,2,2,Speed limit 50 km/h,0.9999994039535522,True
Test/09964.png,12,12,Priority road,0.9999998807907104,True
Test/09965.png,35,35,Ahead only,0.9999996423721313,True
Test/09966.png,31,31,Wild animals crossing,0.7459172606468201,True
Test/09967.png,3,3,Speed limit 60 km/h,0.9993244409561157,True
Test/09968.png,38,38,Keep right,1.0,True
Test/09969.png,14,14,Stop,0.9999862909317017,True
Test/09970.png,17,17,No entry,1.0,True
Test/09971.png,9,9,No passing,0.982205867767334,True
Test/09972.png,13,13,Yield,1.0,True
Test/09973.png,1,1,Speed limit 30 km/h,0.9928641319274902,True
Test/09974.png,11,30,Beware of ice or snow,0.2726143002510071,False
Test/09975.png,40,40,Roundabout mandatory,0.994164764881134,True
Test/09976.png,13,13,Yield,1.0,True
Test/09977.png,18,18,General caution,0.9983944296836853,True
Test/09978.png,9,9,No passing,1.0,True
Test/09979.png,3,3,Speed limit 60 km/h,0.9928581714630127,True
Test/09980.png,13,13,Yield,1.0,True
Test/09981.png,35,35,Ahead only,0.9996237754821777,True
Test/09982.png,4,4,Speed limit 70 km/h,0.9998155236244202,True
Test/09983.png,13,13,Yield,1.0,True
Test/09984.png,35,35,Ahead only,1.0,True
Test/09985.png,15,15,No vehicles,0.9999998807907104,True
Test/09986.png,2,2,Speed limit 50 km/h,0.9991219639778137,True
Test/09987.png,24,24,Road narrows on right,0.999876856803894,True
Test/09988.png,13,13,Yield,1.0,True
Test/09989.png,8,8,Speed limit 120 km/h,0.9954793453216553,True
Test/09990.png,5,1,Speed limit 30 km/h,0.9902170896530151,False
Test/09991.png,38,38,Keep right,0.9999992847442627,True
Test/09992.png,4,4,Speed limit 70 km/h,0.9999825954437256,True
Test/09993.png,17,17,No entry,0.9999161958694458,True
Test/09994.png,38,38,Keep right,0.999997615814209,True
Test/09995.png,1,1,Speed limit 30 km/h,0.9999656677246094,True
Test/09996.png,2,2,Speed limit 50 km/h,0.9617190361022949,True
Test/09997.png,28,28,Children crossing,0.9999997615814209,True
Test/09998.png,25,25,Road work,1.0,True
Test/09999.png,5,1,Speed limit 30 km/h,0.9607858657836914,False
Test/10000.png,27,27,Pedestrians,0.9979962706565857,True
Test/10001.png,12,12,Priority road,0.9999630451202393,True
Test/10002.png,20,28,Children crossing,0.7420338988304138,False
Test/10003.png,38,38,Keep right,1.0,True
Test/10004.png,25,25,Road work,1.0,True
Test/10005.png,13,13,Yield,1.0,True
Test/10006.png,12,12,Priority road,1.0,True
Test/10007.png,4,4,Speed limit 70 km/h,0.999957799911499,True
Test/10008.png,33,33,Turn right ahead,0.9999195337295532,True
Test/10009.png,23,23,Slippery road,0.9996088147163391,True
Test/10010.png,11,11,Right-of-way at next intersection,1.0,True
Test/10011.png,13,13,Yield,1.0,True
Test/10012.png,1,1,Speed limit 30 km/h,0.9476751089096069,True
Test/10013.png,6,6,End of speed limit 80 km/h,0.7952460050582886,True
Test/10014.png,10,10,No passing for vehicles over 3.5 t,1.0,True
Test/10015.png,6,6,End of speed limit 80 km/h,0.7352089881896973,True
Test/10016.png,30,29,Bicycles crossing,0.9228335618972778,False
Test/10017.png,12,12,Priority road,1.0,True
Test/10018.png,38,38,Keep right,1.0,True
Test/10019.png,11,11,Right-of-way at next intersection,1.0,True
Test/10020.png,1,1,Speed limit 30 km/h,0.9996249675750732,True
Test/10021.png,38,38,Keep right,0.9993509650230408,True
Test/10022.png,18,18,General caution,0.9994938373565674,True
Test/10023.png,4,4,Speed limit 70 km/h,0.9999998807907104,True
Test/10024.png,18,27,Pedestrians,0.4704526364803314,False
Test/10025.png,2,2,Speed limit 50 km/h,0.9999948740005493,True
Test/10026.png,38,38,Keep right,0.9535756707191467,True
Test/10027.png,13,13,Yield,1.0,True
Test/10028.png,18,26,Traffic signals,0.6852237582206726,False
Test/10029.png,5,5,Speed limit 80 km/h,0.99979168176651,True
Test/10030.png,21,19,Dangerous curve left,0.4873977303504944,False
Test/10031.png,9,9,No passing,1.0,True
Test/10032.png,4,4,Speed limit 70 km/h,0.9994813799858093,True
Test/10033.png,8,8,Speed limit 120 km/h,0.9993300437927246,True
Test/10034.png,25,25,Road work,0.9999300241470337,True
Test/10035.png,2,2,Speed limit 50 km/h,0.9663863778114319,True
Test/10036.png,11,11,Right-of-way at next intersection,0.9888436794281006,True
Test/10037.png,33,33,Turn right ahead,0.9999992847442627,True
Test/10038.png,14,14,Stop,1.0,True
Test/10039.png,13,13,Yield,0.9983148574829102,True
Test/10040.png,9,9,No passing,1.0,True
Test/10041.png,9,9,No passing,1.0,True
Test/10042.png,17,17,No entry,1.0,True
Test/10043.png,12,12,Priority road,0.9998216032981873,True
Test/10044.png,9,9,No passing,0.9999922513961792,True
Test/10045.png,8,3,Speed limit 60 km/h,0.5494268536567688,False
Test/10046.png,11,11,Right-of-way at next intersection,0.9999992847442627,True
Test/10047.png,5,5,Speed limit 80 km/h,0.9928200840950012,True
Test/10048.png,4,8,Speed limit 120 km/h,0.9613850116729736,False
Test/10049.png,0,0,Speed limit 20 km/h,0.9370523691177368,True
Test/10050.png,4,4,Speed limit 70 km/h,0.9983807802200317,True
Test/10051.png,10,10,No passing for vehicles over 3.5 t,1.0,True
Test/10052.png,13,13,Yield,1.0,True
Test/10053.png,28,28,Children crossing,0.999997615814209,True
Test/10054.png,18,18,General caution,0.8374828696250916,True
Test/10055.png,10,10,No passing for vehicles over 3.5 t,0.9999088048934937,True
Test/10056.png,39,39,Keep left,0.9660149216651917,True
Test/10057.png,5,1,Speed limit 30 km/h,0.6866876482963562,False
Test/10058.png,3,3,Speed limit 60 km/h,0.9999938011169434,True
Test/10059.png,22,22,Bumpy road,0.9944897890090942,True
Test/10060.png,35,35,Ahead only,1.0,True
Test/10061.png,16,16,Vehicles over 3.5 t prohibited,0.9999877214431763,True
Test/10062.png,26,26,Traffic signals,0.9958881735801697,True
Test/10063.png,35,35,Ahead only,0.9999979734420776,True
Test/10064.png,7,7,Speed limit 100 km/h,0.9960280656814575,True
Test/10065.png,18,18,General caution,0.5159322023391724,True
Test/10066.png,3,3,Speed limit 60 km/h,0.9998362064361572,True
Test/10067.png,25,18,General caution,0.4171542525291443,False
Test/10068.png,16,16,Vehicles over 3.5 t prohibited,0.9999140501022339,True
Test/10069.png,35,35,Ahead only,0.9980530738830566,True
Test/10070.png,25,25,Road work,1.0,True
Test/10071.png,4,4,Speed limit 70 km/h,0.9996286630630493,True
Test/10072.png,9,9,No passing,0.99998939037323,True
Test/10073.png,5,2,Speed limit 50 km/h,0.6471850872039795,False
Test/10074.png,11,11,Right-of-way at next intersection,0.9999891519546509,True
Test/10075.png,1,1,Speed limit 30 km/h,0.999049723148346,True
Test/10076.png,11,11,Right-of-way at next intersection,0.9999955892562866,True
Test/10077.png,36,36,Go straight or right,0.999871015548706,True
Test/10078.png,42,42,End of no passing for vehicles over 3.5 t,0.9306634068489075,True
Test/10079.png,1,1,Speed limit 30 km/h,0.9995853304862976,True
Test/10080.png,12,12,Priority road,1.0,True
Test/10081.png,4,4,Speed limit 70 km/h,0.9690462350845337,True
Test/10082.png,26,26,Traffic signals,0.9999911785125732,True
Test/10083.png,3,3,Speed limit 60 km/h,0.998685896396637,True
Test/10084.png,38,38,Keep right,1.0,True
Test/10085.png,34,34,Turn left ahead,1.0,True
Test/10086.png,7,7,Speed limit 100 km/h,0.634527862071991,True
Test/10087.png,3,3,Speed limit 60 km/h,0.9704260230064392,True
Test/10088.png,2,2,Speed limit 50 km/h,0.9930108189582825,True
Test/10089.png,11,11,Right-of-way at next intersection,0.9999992847442627,True
Test/10090.png,25,25,Road work,1.0,True
Test/10091.png,25,25,Road work,1.0,True
Test/10092.png,9,9,No passing,1.0,True
Test/10093.png,3,3,Speed limit 60 km/h,0.9994485974311829,True
Test/10094.png,35,35,Ahead only,0.9999997615814209,True
Test/10095.png,3,3,Speed limit 60 km/h,0.9958664178848267,True
Test/10096.png,26,26,Traffic signals,1.0,True
Test/10097.png,5,5,Speed limit 80 km/h,0.7624679803848267,True
Test/10098.png,2,2,Speed limit 50 km/h,0.9886190891265869,True
Test/10099.png,38,38,Keep right,0.994539201259613,True
Test/10100.png,27,27,Pedestrians,0.9811570048332214,True
Test/10101.png,14,14,Stop,1.0,True
Test/10102.png,17,17,No entry,1.0,True
Test/10103.png,12,12,Priority road,1.0,True
Test/10104.png,10,10,No passing for vehicles over 3.5 t,1.0,True
Test/10105.png,7,7,Speed limit 100 km/h,0.9995338916778564,True
Test/10106.png,35,35,Ahead only,1.0,True
Test/10107.png,3,3,Speed limit 60 km/h,0.9966624975204468,True
Test/10108.png,18,18,General caution,0.9997368454933167,True
Test/10109.png,25,25,Road work,0.9999986886978149,True
Test/10110.png,18,18,General caution,0.9914388656616211,True
Test/10111.png,10,10,No passing for vehicles over 3.5 t,0.9999996423721313,True
Test/10112.png,2,2,Speed limit 50 km/h,0.9888554215431213,True
Test/10113.png,11,11,Right-of-way at next intersection,0.9999997615814209,True
Test/10114.png,11,11,Right-of-way at next intersection,0.9999984502792358,True
Test/10115.png,4,4,Speed limit 70 km/h,0.9999998807907104,True
Test/10116.png,38,38,Keep right,1.0,True
Test/10117.png,38,38,Keep right,1.0,True
Test/10118.png,13,13,Yield,1.0,True
Test/10119.png,20,20,Dangerous curve right,0.9935632944107056,True
Test/10120.png,8,8,Speed limit 120 km/h,0.9994090795516968,True
Test/10121.png,26,26,Traffic signals,0.9999982118606567,True
Test/10122.png,10,10,No passing for vehicles over 3.5 t,0.9999911785125732,True
Test/10123.png,12,12,Priority road,1.0,True
Test/10124.png,11,28,Children crossing,0.6607586145401001,False
Test/10125.png,13,13,Yield,1.0,True
Test/10126.png,1,1,Speed limit 30 km/h,0.9999994039535522,True
Test/10127.png,4,4,Speed limit 70 km/h,0.9994925260543823,True
Test/10128.png,13,13,Yield,1.0,True
Test/10129.png,1,1,Speed limit 30 km/h,0.999665379524231,True
Test/10130.png,12,12,Priority road,0.9999833106994629,True
Test/10131.png,33,33,Turn right ahead,1.0,True
Test/10132.png,1,1,Speed limit 30 km/h,0.9980134963989258,True
Test/10133.png,31,31,Wild animals crossing,0.9983934760093689,True
Test/10134.png,35,35,Ahead only,0.999915361404419,True
Test/10135.png,3,3,Speed limit 60 km/h,0.8063804507255554,True
Test/10136.png,7,7,Speed limit 100 km/h,0.7224524021148682,True
Test/10137.png,21,19,Dangerous curve left,0.6107680797576904,False
Test/10138.png,10,10,No passing for vehicles over 3.5 t,0.9999997615814209,True
Test/10139.png,2,5,Speed limit 80 km/h,0.6389307975769043,False
Test/10140.png,31,31,Wild animals crossing,0.9903393387794495,True
Test/10141.png,10,10,No passing for vehicles over 3.5 t,0.9998080134391785,True
Test/10142.png,28,28,Children crossing,0.9999998807907104,True
Test/10143.png,9,9,No passing,0.9999936819076538,True
Test/10144.png,25,25,Road work,1.0,True
Test/10145.png,36,36,Go straight or right,0.9999955892562866,True
Test/10146.png,15,15,No vehicles,1.0,True
Test/10147.png,38,38,Keep right,0.9994099140167236,True
Test/10148.png,3,3,Speed limit 60 km/h,0.9999986886978149,True
Test/10149.png,17,17,No entry,0.9974924325942993,True
Test/10150.png,10,10,No passing for vehicles over 3.5 t,0.9998530149459839,True
Test/10151.png,12,12,Priority road,1.0,True
Test/10152.png,15,15,No vehicles,1.0,True
Test/10153.png,13,13,Yield,1.0,True
Test/10154.png,17,17,No entry,1.0,True
Test/10155.png,29,29,Bicycles crossing,0.7608035802841187,True
Test/10156.png,22,22,Bumpy road,0.6752398014068604,True
Test/10157.png,12,12,Priority road,0.9999855756759644,True
Test/10158.png,4,4,Speed limit 70 km/h,0.9922661185264587,True
Test/10159.png,17,17,No entry,1.0,True
Test/10160.png,17,17,No entry,0.999998927116394,True
Test/10161.png,8,8,Speed limit 120 km/h,0.9996523857116699,True
Test/10162.png,2,2,Speed limit 50 km/h,0.9966579675674438,True
Test/10163.png,10,10,No passing for vehicles over 3.5 t,0.9999880790710449,True
Test/10164.png,16,16,Vehicles over 3.5 t prohibited,0.999283492565155,True
Test/10165.png,33,33,Turn right ahead,0.9999918937683105,True
Test/10166.png,22,22,Bumpy road,0.9999904632568359,True
Test/10167.png,35,35,Ahead only,0.9992483258247375,True
Test/10168.png,2,2,Speed limit 50 km/h,0.858104944229126,True
Test/10169.png,40,38,Keep right,0.4533061385154724,False
Test/10170.png,14,14,Stop,1.0,True
Test/10171.png,11,11,Right-of-way at next intersection,0.9993258714675903,True
Test/10172.png,1,1,Speed limit 30 km/h,0.9996826648712158,True
Test/10173.png,26,26,Traffic signals,0.9400112628936768,True
Test/10174.png,35,35,Ahead only,1.0,True
Test/10175.png,22,22,Bumpy road,0.945799708366394,True
Test/10176.png,24,24,Road narrows on right,0.996557891368866,True
Test/10177.png,18,18,General caution,0.7346084117889404,True
Test/10178.png,15,15,No vehicles,0.9999864101409912,True
Test/10179.png,3,3,Speed limit 60 km/h,0.9990578293800354,True
Test/10180.png,5,5,Speed limit 80 km/h,0.9734188318252563,True
Test/10181.png,4,4,Speed limit 70 km/h,0.9998847246170044,True
Test/10182.png,38,38,Keep right,1.0,True
Test/10183.png,12,12,Priority road,1.0,True
Test/10184.png,11,11,Right-of-way at next intersection,0.9998225569725037,True
Test/10185.png,3,3,Speed limit 60 km/h,0.9994508624076843,True
Test/10186.png,10,10,No passing for vehicles over 3.5 t,1.0,True
Test/10187.png,19,19,Dangerous curve left,0.8069579601287842,True
Test/10188.png,24,24,Road narrows on right,0.9998952150344849,True
Test/10189.png,9,9,No passing,1.0,True
Test/10190.png,11,11,Right-of-way at next intersection,0.9694700241088867,True
Test/10191.png,12,12,Priority road,1.0,True
Test/10192.png,3,3,Speed limit 60 km/h,0.9948047995567322,True
Test/10193.png,5,3,Speed limit 60 km/h,0.9154182076454163,False
Test/10194.png,6,6,End of speed limit 80 km/h,0.9964683055877686,True
Test/10195.png,3,3,Speed limit 60 km/h,0.9988453388214111,True
Test/10196.png,33,33,Turn right ahead,0.9999985694885254,True
Test/10197.png,13,13,Yield,0.9953628778457642,True
Test/10198.png,12,12,Priority road,1.0,True
Test/10199.png,4,4,Speed limit 70 km/h,0.9999969005584717,True
Test/10200.png,33,33,Turn right ahead,0.9939653277397156,True
Test/10201.png,5,5,Speed limit 80 km/h,0.7457130551338196,True
Test/10202.png,15,15,No vehicles,1.0,True
Test/10203.png,18,18,General caution,0.9993149042129517,True
Test/10204.png,21,28,Children crossing,0.28145262598991394,False
Test/10205.png,26,26,Traffic signals,0.9940316081047058,True
Test/10206.png,40,40,Roundabout mandatory,0.9030284881591797,True
Test/10207.png,7,7,Speed limit 100 km/h,0.9942165613174438,True
Test/10208.png,13,13,Yield,0.9999912977218628,True
Test/10209.png,1,1,Speed limit 30 km/h,0.9836216568946838,True
Test/10210.png,6,6,End of speed limit 80 km/h,0.9404025673866272,True
Test/10211.png,10,10,No passing for vehicles over 3.5 t,1.0,True
Test/10212.png,10,10,No passing for vehicles over 3.5 t,1.0,True
Test/10213.png,17,17,No entry,1.0,True
Test/10214.png,24,24,Road narrows on right,0.9541889429092407,True
Test/10215.png,14,14,Stop,0.9999927282333374,True
Test/10216.png,4,4,Speed limit 70 km/h,0.9978724718093872,True
Test/10217.png,10,10,No passing for vehicles over 3.5 t,1.0,True
Test/10218.png,4,8,Speed limit 120 km/h,0.758720874786377,False
Test/10219.png,11,11,Right-of-way at next intersection,0.9999841451644897,True
Test/10220.png,13,13,Yield,1.0,True
Test/10221.png,8,8,Speed limit 120 km/h,0.8618867993354797,True
Test/10222.png,15,15,No vehicles,0.9973918199539185,True
Test/10223.png,30,29,Bicycles crossing,0.5916360020637512,False
Test/10224.png,10,10,No passing for vehicles over 3.5 t,1.0,True
Test/10225.png,14,14,Stop,0.9963284134864807,True
Test/10226.png,1,1,Speed limit 30 km/h,0.9980517625808716,True
Test/10227.png,11,11,Right-of-way at next intersection,0.9999995231628418,True
Test/10228.png,9,9,No passing,0.9999997615814209,True
Test/10229.png,2,2,Speed limit 50 km/h,1.0,True
Test/10230.png,1,1,Speed limit 30 km/h,0.9873238801956177,True
Test/10231.png,5,5,Speed limit 80 km/h,0.9984325766563416,True
Test/10232.png,2,2,Speed limit 50 km/h,0.9999138116836548,True
Test/10233.png,38,38,Keep right,1.0,True
Test/10234.png,12,12,Priority road,1.0,True
Test/10235.png,8,8,Speed limit 120 km/h,0.9952325224876404,True
Test/10236.png,2,2,Speed limit 50 km/h,0.9998182654380798,True
Test/10237.png,10,10,No passing for vehicles over 3.5 t,0.959571897983551,True
Test/10238.png,23,23,Slippery road,0.9999667406082153,True
Test/10239.png,11,11,Right-of-way at next intersection,0.9978639483451843,True
Test/10240.png,17,17,No entry,1.0,True
Test/10241.png,9,9,No passing,1.0,True
Test/10242.png,13,13,Yield,1.0,True
Test/10243.png,23,23,Slippery road,0.8284288048744202,True
Test/10244.png,7,7,Speed limit 100 km/h,0.9979396462440491,True
Test/10245.png,25,25,Road work,0.9999974966049194,True
Test/10246.png,4,4,Speed limit 70 km/h,0.9990401864051819,True
Test/10247.png,7,7,Speed limit 100 km/h,0.819284975528717,True
Test/10248.png,35,35,Ahead only,1.0,True
Test/10249.png,2,2,Speed limit 50 km/h,0.9999872446060181,True
Test/10250.png,41,41,End of no passing,0.9957881569862366,True
Test/10251.png,35,35,Ahead only,0.9645270109176636,True
Test/10252.png,22,22,Bumpy road,0.9994757771492004,True
Test/10253.png,10,10,No passing for vehicles over 3.5 t,1.0,True
Test/10254.png,13,13,Yield,1.0,True
Test/10255.png,38,38,Keep right,1.0,True
Test/10256.png,17,17,No entry,0.9992068409919739,True
Test/10257.png,8,8,Speed limit 120 km/h,0.9912132620811462,True
Test/10258.png,38,38,Keep right,0.9999939203262329,True
Test/10259.png,4,4,Speed limit 70 km/h,0.9995768666267395,True
Test/10260.png,15,15,No vehicles,1.0,True
Test/10261.png,7,8,Speed limit 120 km/h,0.7841936945915222,False
Test/10262.png,9,9,No passing,0.9999991655349731,True
Test/10263.png,22,22,Bumpy road,0.8409035205841064,True
Test/10264.png,30,30,Beware of ice or snow,0.7137128710746765,True
Test/10265.png,12,12,Priority road,1.0,True
Test/10266.png,38,38,Keep right,0.9999998807907104,True
Test/10267.png,7,7,Speed limit 100 km/h,0.9886943697929382,True
Test/10268.png,4,8,Speed limit 120 km/h,0.6754505634307861,False
Test/10269.png,38,38,Keep right,1.0,True
Test/10270.png,13,13,Yield,1.0,True
Test/10271.png,13,13,Yield,0.9999819993972778,True
Test/10272.png,10,10,No passing for vehicles over 3.5 t,1.0,True
Test/10273.png,38,38,Keep right,0.9998565912246704,True
Test/10274.png,33,33,Turn right ahead,1.0,True
Test/10275.png,1,1,Speed limit 30 km/h,0.9999924898147583,True
Test/10276.png,21,21,Double curve,0.9988794922828674,True
Test/10277.png,38,38,Keep right,1.0,True
Test/10278.png,4,4,Speed limit 70 km/h,0.9999840259552002,True
Test/10279.png,9,9,No passing,0.9999394416809082,True
Test/10280.png,8,8,Speed limit 120 km/h,0.9690510630607605,True
Test/10281.png,37,37,Go straight or left,0.9967554211616516,True
Test/10282.png,12,12,Priority road,0.9999856948852539,True
Test/10283.png,42,42,End of no passing for vehicles over 3.5 t,0.7494080662727356,True
Test/10284.png,13,13,Yield,0.9821094274520874,True
Test/10285.png,25,25,Road work,0.9999991655349731,True
Test/10286.png,9,9,No passing,0.9925111532211304,True
Test/10287.png,10,10,No passing for vehicles over 3.5 t,0.9999995231628418,True
Test/10288.png,2,2,Speed limit 50 km/h,0.9998297691345215,True
Test/10289.png,5,5,Speed limit 80 km/h,0.8361627459526062,True
Test/10290.png,16,16,Vehicles over 3.5 t prohibited,0.901818573474884,True
Test/10291.png,12,12,Priority road,1.0,True
Test/10292.png,41,9,No passing,0.8952608108520508,False
Test/10293.png,33,33,Turn right ahead,1.0,True
Test/10294.png,18,18,General caution,0.9987499713897705,True
Test/10295.png,10,20,Dangerous curve right,0.6924542188644409,False
Test/10296.png,1,1,Speed limit 30 km/h,0.9818879961967468,True
Test/10297.png,30,30,Beware of ice or snow,0.9634968042373657,True
Test/10298.png,10,10,No passing for vehicles over 3.5 t,1.0,True
Test/10299.png,8,8,Speed limit 120 km/h,0.9920591115951538,True
Test/10300.png,7,7,Speed limit 100 km/h,0.808234691619873,True
Test/10301.png,1,1,Speed limit 30 km/h,0.9596904516220093,True
Test/10302.png,4,4,Speed limit 70 km/h,0.999915599822998,True
Test/10303.png,5,5,Speed limit 80 km/h,0.9790394902229309,True
Test/10304.png,1,1,Speed limit 30 km/h,0.9858176112174988,True
Test/10305.png,8,8,Speed limit 120 km/h,0.9978653788566589,True
Test/10306.png,2,2,Speed limit 50 km/h,0.996364414691925,True
Test/10307.png,5,5,Speed limit 80 km/h,0.9789816737174988,True
Test/10308.png,5,5,Speed limit 80 km/h,0.6133549809455872,True
Test/10309.png,14,14,Stop,0.9999924898147583,True
Test/10310.png,4,4,Speed limit 70 km/h,0.9999134540557861,True
Test/10311.png,35,35,Ahead only,1.0,True
Test/10312.png,15,15,No vehicles,1.0,True
Test/10313.png,9,9,No passing,0.9980582594871521,True
Test/10314.png,33,33,Turn right ahead,1.0,True
Test/10315.png,12,12,Priority road,1.0,True
Test/10316.png,36,36,Go straight or right,0.9999979734420776,True
Test/10317.png,7,7,Speed limit 100 km/h,0.9994460940361023,True
Test/10318.png,18,27,Pedestrians,0.6399372816085815,False
Test/10319.png,42,42,End of no passing for vehicles over 3.5 t,0.9554427862167358,True
Test/10320.png,18,18,General caution,0.9760801792144775,True
Test/10321.png,9,9,No passing,1.0,True
Test/10322.png,7,7,Speed limit 100 km/h,0.9746315479278564,True
Test/10323.png,7,7,Speed limit 100 km/h,0.9921531081199646,True
Test/10324.png,12,38,Keep right,0.28005656599998474,False
Test/10325.png,26,26,Traffic signals,0.9999727010726929,True
Test/10326.png,33,33,Turn right ahead,0.9999978542327881,True
Test/10327.png,15,15,No vehicles,0.9999979734420776,True
Test/10328.png,18,18,General caution,0.9416439533233643,True
Test/10329.png,8,8,Speed limit 120 km/h,0.9998264908790588,True
Test/10330.png,18,18,General caution,0.8562299609184265,True
Test/10331.png,13,13,Yield,1.0,True
Test/10332.png,18,18,General caution,0.9976250529289246,True
Test/10333.png,4,4,Speed limit 70 km/h,1.0,True
Test/10334.png,2,2,Speed limit 50 km/h,0.9952191710472107,True
Test/10335.png,10,10,No passing for vehicles over 3.5 t,1.0,True
Test/10336.png,5,3,Speed limit 60 km/h,0.6832749247550964,False
Test/10337.png,11,11,Right-of-way at next intersection,1.0,True
Test/10338.png,4,4,Speed limit 70 km/h,0.9847825169563293,True
Test/10339.png,8,8,Speed limit 120 km/h,0.9998241066932678,True
Test/10340.png,2,2,Speed limit 50 km/h,0.9999998807907104,True
Test/10341.png,33,33,Turn right ahead,0.9999997615814209,True
Test/10342.png,9,9,No passing,0.9989726543426514,True
Test/10343.png,33,33,Turn right ahead,0.9999995231628418,True
Test/10344.png,33,33,Turn right ahead,0.9999957084655762,True
Test/10345.png,9,9,No passing,1.0,True
Test/10346.png,8,8,Speed limit 120 km/h,0.9272263050079346,True
Test/10347.png,4,4,Speed limit 70 km/h,0.9997660517692566,True
Test/10348.png,1,1,Speed limit 30 km/h,0.9597535729408264,True
Test/10349.png,10,10,No passing for vehicles over 3.5 t,0.9999998807907104,True
Test/10350.png,15,15,No vehicles,0.9999998807907104,True
Test/10351.png,11,11,Right-of-way at next intersection,0.9999995231628418,True
Test/10352.png,23,23,Slippery road,0.9999983310699463,True
Test/10353.png,4,4,Speed limit 70 km/h,0.9900363683700562,True
Test/10354.png,38,38,Keep right,0.9999998807907104,True
Test/10355.png,12,12,Priority road,0.9999978542327881,True
Test/10356.png,7,3,Speed limit 60 km/h,0.5618526339530945,False
Test/10357.png,3,3,Speed limit 60 km/h,0.9936079978942871,True
Test/10358.png,1,1,Speed limit 30 km/h,0.9997443556785583,True
Test/10359.png,12,36,Go straight or right,0.22335195541381836,False
Test/10360.png,14,14,Stop,0.9999798536300659,True
Test/10361.png,4,4,Speed limit 70 km/h,0.8569598197937012,True
Test/10362.png,17,5,Speed limit 80 km/h,0.2508445382118225,False
Test/10363.png,24,24,Road narrows on right,0.8974634408950806,True
Test/10364.png,10,10,No passing for vehicles over 3.5 t,0.9901513457298279,True
Test/10365.png,4,4,Speed limit 70 km/h,0.7713744640350342,True
Test/10366.png,13,13,Yield,1.0,True
Test/10367.png,27,27,Pedestrians,0.29173699021339417,True
Test/10368.png,9,9,No passing,1.0,True
Test/10369.png,2,2,Speed limit 50 km/h,0.9997217059135437,True
Test/10370.png,14,14,Stop,1.0,True
Test/10371.png,17,17,No entry,1.0,True
Test/10372.png,9,9,No passing,0.9999996423721313,True
Test/10373.png,25,25,Road work,1.0,True
Test/10374.png,38,38,Keep right,0.9999998807907104,True
Test/10375.png,17,17,No entry,1.0,True
Test/10376.png,15,15,No vehicles,1.0,True
Test/10377.png,38,38,Keep right,1.0,True
Test/10378.png,13,13,Yield,1.0,True
Test/10379.png,10,10,No passing for vehicles over 3.5 t,1.0,True
Test/10380.png,4,4,Speed limit 70 km/h,0.9967948794364929,True
Test/10381.png,0,1,Speed limit 30 km/h,0.7613919973373413,False
Test/10382.png,25,25,Road work,1.0,True
Test/10383.png,33,33,Turn right ahead,0.9999841451644897,True
Test/10384.png,9,10,No passing for vehicles over 3.5 t,0.9479691982269287,False
Test/10385.png,11,11,Right-of-way at next intersection,0.9998372793197632,True
Test/10386.png,11,11,Right-of-way at next intersection,1.0,True
Test/10387.png,5,5,Speed limit 80 km/h,0.954677402973175,True
Test/10388.png,4,4,Speed limit 70 km/h,0.8900861740112305,True
Test/10389.png,33,35,Ahead only,0.5158859491348267,False
Test/10390.png,18,24,Road narrows on right,0.6176974773406982,False
Test/10391.png,17,17,No entry,1.0,True
Test/10392.png,17,17,No entry,1.0,True
Test/10393.png,20,20,Dangerous curve right,0.6967617869377136,True
Test/10394.png,13,13,Yield,1.0,True
Test/10395.png,5,5,Speed limit 80 km/h,0.9995817542076111,True
Test/10396.png,23,23,Slippery road,0.6669841408729553,True
Test/10397.png,4,4,Speed limit 70 km/h,0.9905288815498352,True
Test/10398.png,21,21,Double curve,0.2925967872142792,True
Test/10399.png,4,4,Speed limit 70 km/h,0.9998739957809448,True
Test/10400.png,7,5,Speed limit 80 km/h,0.9407666921615601,False
Test/10401.png,1,1,Speed limit 30 km/h,0.8517414927482605,True
Test/10402.png,10,10,No passing for vehicles over 3.5 t,1.0,True
Test/10403.png,2,2,Speed limit 50 km/h,0.9621768593788147,True
Test/10404.png,7,7,Speed limit 100 km/h,0.9966424703598022,True
Test/10405.png,4,4,Speed limit 70 km/h,0.9967633485794067,True
Test/10406.png,0,1,Speed limit 30 km/h,0.8918317556381226,False
Test/10407.png,25,25,Road work,0.9999996423721313,True
Test/10408.png,5,5,Speed limit 80 km/h,0.9955137372016907,True
Test/10409.png,1,1,Speed limit 30 km/h,0.9907321333885193,True
Test/10410.png,17,3,Speed limit 60 km/h,0.2862541377544403,False
Test/10411.png,10,10,No passing for vehicles over 3.5 t,1.0,True
Test/10412.png,4,4,Speed limit 70 km/h,0.9998120665550232,True
Test/10413.png,6,6,End of speed limit 80 km/h,0.998525083065033,True
Test/10414.png,37,37,Go straight or left,0.9101431965827942,True
Test/10415.png,4,4,Speed limit 70 km/h,1.0,True
Test/10416.png,32,32,End of all speed and passing limits,0.993316113948822,True
Test/10417.png,32,32,End of all speed and passing limits,0.746821939945221,True
Test/10418.png,35,35,Ahead only,0.4583626687526703,True
Test/10419.png,41,41,End of no passing,0.9944374561309814,True
Test/10420.png,13,13,Yield,1.0,True
Test/10421.png,38,38,Keep right,1.0,True
Test/10422.png,35,35,Ahead only,0.9999994039535522,True
Test/10423.png,25,25,Road work,1.0,True
Test/10424.png,2,2,Speed limit 50 km/h,0.9999997615814209,True
Test/10425.png,21,31,Wild animals crossing,0.6049630641937256,False
Test/10426.png,38,38,Keep right,1.0,True
Test/10427.png,8,8,Speed limit 120 km/h,0.8453349471092224,True
Test/10428.png,9,9,No passing,1.0,True
Test/10429.png,2,1,Speed limit 30 km/h,0.6908630132675171,False
Test/10430.png,12,12,Priority road,0.9999947547912598,True
Test/10431.png,25,25,Road work,0.9999992847442627,True
Test/10432.png,14,14,Stop,1.0,True
Test/10433.png,28,28,Children crossing,0.9931344985961914,True
Test/10434.png,9,9,No passing,0.9997685551643372,True
Test/10435.png,14,14,Stop,1.0,True
Test/10436.png,1,1,Speed limit 30 km/h,0.9508189558982849,True
Test/10437.png,25,25,Road work,0.9999994039535522,True
Test/10438.png,10,10,No passing for vehicles over 3.5 t,0.9999932050704956,True
Test/10439.png,42,42,End of no passing for vehicles over 3.5 t,0.999790370464325,True
Test/10440.png,35,35,Ahead only,1.0,True
Test/10441.png,8,8,Speed limit 120 km/h,0.9999676942825317,True
Test/10442.png,25,25,Road work,0.9999985694885254,True
Test/10443.png,36,36,Go straight or right,0.9920681715011597,True
Test/10444.png,4,4,Speed limit 70 km/h,0.9903081059455872,True
Test/10445.png,25,25,Road work,0.9999969005584717,True
Test/10446.png,4,4,Speed limit 70 km/h,0.998424768447876,True
Test/10447.png,31,31,Wild animals crossing,0.8388975262641907,True
Test/10448.png,11,11,Right-of-way at next intersection,0.9999997615814209,True
Test/10449.png,3,3,Speed limit 60 km/h,0.9999842643737793,True
Test/10450.png,31,31,Wild animals crossing,0.8459189534187317,True
Test/10451.png,2,2,Speed limit 50 km/h,0.9999998807907104,True
Test/10452.png,9,9,No passing,0.9577144980430603,True
Test/10453.png,23,23,Slippery road,0.9959482550621033,True
Test/10454.png,5,5,Speed limit 80 km/h,0.8471118211746216,True
Test/10455.png,2,2,Speed limit 50 km/h,0.999991774559021,True
Test/10456.png,9,9,No passing,0.9999940395355225,True
Test/10457.png,12,12,Priority road,1.0,True
Test/10458.png,7,7,Speed limit 100 km/h,0.9929357171058655,True
Test/10459.png,10,10,No passing for vehicles over 3.5 t,1.0,True
Test/10460.png,10,10,No passing for vehicles over 3.5 t,1.0,True
Test/10461.png,29,29,Bicycles crossing,0.9992927312850952,True
Test/10462.png,10,10,No passing for vehicles over 3.5 t,1.0,True
Test/10463.png,4,4,Speed limit 70 km/h,0.9999231100082397,True
Test/10464.png,8,8,Speed limit 120 km/h,0.9519076347351074,True
Test/10465.png,13,13,Yield,1.0,True
Test/10466.png,12,12,Priority road,1.0,True
Test/10467.png,4,4,Speed limit 70 km/h,0.9923638105392456,True
Test/10468.png,8,8,Speed limit 120 km/h,0.981997549533844,True
Test/10469.png,18,18,General caution,0.5902520418167114,True
Test/10470.png,12,12,Priority road,1.0,True
Test/10471.png,2,2,Speed limit 50 km/h,0.9775326251983643,True
Test/10472.png,16,16,Vehicles over 3.5 t prohibited,1.0,True
Test/10473.png,1,1,Speed limit 30 km/h,0.9999697208404541,True
Test/10474.png,4,4,Speed limit 70 km/h,0.9999998807907104,True
Test/10475.png,18,18,General caution,0.8858023881912231,True
Test/10476.png,4,4,Speed limit 70 km/h,0.9969701766967773,True
Test/10477.png,18,21,Double curve,0.5345550775527954,False
Test/10478.png,13,13,Yield,1.0,True
Test/10479.png,5,5,Speed limit 80 km/h,0.9867846369743347,True
Test/10480.png,18,18,General caution,0.4341272711753845,True
Test/10481.png,25,25,Road work,1.0,True
Test/10482.png,5,2,Speed limit 50 km/h,0.9860367178916931,False
Test/10483.png,25,25,Road work,1.0,True
Test/10484.png,39,39,Keep left,1.0,True
Test/10485.png,38,38,Keep right,0.9946512579917908,True
Test/10486.png,7,5,Speed limit 80 km/h,0.5745606422424316,False
Test/10487.png,14,14,Stop,0.9998822212219238,True
Test/10488.png,28,28,Children crossing,0.9999996423721313,True
Test/10489.png,30,29,Bicycles crossing,0.9969131946563721,False
Test/10490.png,8,8,Speed limit 120 km/h,0.9842294454574585,True
Test/10491.png,12,12,Priority road,1.0,True
Test/10492.png,10,10,No passing for vehicles over 3.5 t,0.9999998807907104,True
Test/10493.png,2,2,Speed limit 50 km/h,0.9999184608459473,True
Test/10494.png,10,10,No passing for vehicles over 3.5 t,1.0,True
Test/10495.png,13,13,Yield,0.9988608360290527,True
Test/10496.png,10,10,No passing for vehicles over 3.5 t,1.0,True
Test/10497.png,3,3,Speed limit 60 km/h,0.5816805958747864,True
Test/10498.png,3,3,Speed limit 60 km/h,0.7589315176010132,True
Test/10499.png,1,1,Speed limit 30 km/h,0.9961158037185669,True
Test/10500.png,13,13,Yield,1.0,True
Test/10501.png,4,4,Speed limit 70 km/h,0.9972143769264221,True
Test/10502.png,26,24,Road narrows on right,0.320585697889328,False
Test/10503.png,2,2,Speed limit 50 km/h,0.9474447965621948,True
Test/10504.png,9,9,No passing,1.0,True
Test/10505.png,3,3,Speed limit 60 km/h,0.9710634350776672,True
Test/10506.png,39,39,Keep left,1.0,True
Test/10507.png,21,21,Double curve,0.9992406368255615,True
Test/10508.png,3,3,Speed limit 60 km/h,0.9962164759635925,True
Test/10509.png,10,10,No passing for vehicles over 3.5 t,0.9999998807907104,True
Test/10510.png,12,12,Priority road,1.0,True
Test/10511.png,10,10,No passing for vehicles over 3.5 t,0.9998598098754883,True
Test/10512.png,28,28,Children crossing,0.9994792342185974,True
Test/10513.png,1,1,Speed limit 30 km/h,0.9852445721626282,True
Test/10514.png,9,9,No passing,1.0,True
Test/10515.png,4,4,Speed limit 70 km/h,1.0,True
Test/10516.png,7,7,Speed limit 100 km/h,0.9999998807907104,True
Test/10517.png,15,15,No vehicles,0.9999977350234985,True
Test/10518.png,32,32,End of all speed and passing limits,0.9291401505470276,True
Test/10519.png,35,35,Ahead only,0.8021864891052246,True
Test/10520.png,13,13,Yield,1.0,True
Test/10521.png,2,2,Speed limit 50 km/h,0.9989848732948303,True
Test/10522.png,16,16,Vehicles over 3.5 t prohibited,0.9999996423721313,True
Test/10523.png,3,3,Speed limit 60 km/h,0.9999676942825317,True
Test/10524.png,25,25,Road work,0.8195532560348511,True
Test/10525.png,8,8,Speed limit 120 km/h,0.9761966466903687,True
Test/10526.png,21,21,Double curve,0.9839230179786682,True
Test/10527.png,29,29,Bicycles crossing,0.6396223902702332,True
Test/10528.png,20,20,Dangerous curve right,0.9906469583511353,True
Test/10529.png,38,38,Keep right,0.9999997615814209,True
Test/10530.png,38,38,Keep right,1.0,True
Test/10531.png,9,9,No passing,0.9717179536819458,True
Test/10532.png,38,38,Keep right,0.9995543360710144,True
Test/10533.png,11,11,Right-of-way at next intersection,0.9992683529853821,True
Test/10534.png,10,10,No passing for vehicles over 3.5 t,1.0,True
Test/10535.png,25,25,Road work,1.0,True
Test/10536.png,0,1,Speed limit 30 km/h,0.5396944284439087,False
Test/10537.png,21,21,Double curve,0.9990705847740173,True
Test/10538.png,15,15,No vehicles,0.9999996423721313,True
Test/10539.png,14,14,Stop,0.9999996423721313,True
Test/10540.png,4,1,Speed limit 30 km/h,0.7556475400924683,False
Test/10541.png,11,11,Right-of-way at next intersection,0.9999616146087646,True
Test/10542.png,4,4,Speed limit 70 km/h,0.9999487400054932,True
Test/10543.png,13,13,Yield,1.0,True
Test/10544.png,17,17,No entry,1.0,True
Test/10545.png,18,18,General caution,0.969780683517456,True
Test/10546.png,1,24,Road narrows on right,0.8609485030174255,False
Test/10547.png,26,26,Traffic signals,0.9999984502792358,True
Test/10548.png,2,2,Speed limit 50 km/h,0.999873161315918,True
Test/10549.png,26,26,Traffic signals,0.9999954700469971,True
Test/10550.png,9,9,No passing,1.0,True
Test/10551.png,1,1,Speed limit 30 km/h,0.9956150054931641,True
Test/10552.png,4,4,Speed limit 70 km/h,0.999444305896759,True
Test/10553.png,25,25,Road work,1.0,True
Test/10554.png,18,18,General caution,0.9933410286903381,True
Test/10555.png,3,3,Speed limit 60 km/h,0.9966199398040771,True
Test/10556.png,22,22,Bumpy road,0.9999324083328247,True
Test/10557.png,11,11,Right-of-way at next intersection,0.9999918937683105,True
Test/10558.png,12,12,Priority road,1.0,True
Test/10559.png,31,20,Dangerous curve right,0.41490307450294495,False
Test/10560.png,13,13,Yield,1.0,True
Test/10561.png,4,4,Speed limit 70 km/h,0.4437122344970703,True
Test/10562.png,36,36,Go straight or right,0.9994966983795166,True
Test/10563.png,23,23,Slippery road,0.9696630239486694,True
Test/10564.png,39,39,Keep left,0.7312148213386536,True
Test/10565.png,2,2,Speed limit 50 km/h,0.9999855756759644,True
Test/10566.png,11,31,Wild animals crossing,0.5033673048019409,False
Test/10567.png,8,8,Speed limit 120 km/h,0.9737821221351624,True
Test/10568.png,8,8,Speed limit 120 km/h,0.9999110698699951,True
Test/10569.png,1,1,Speed limit 30 km/h,0.9981984496116638,True
Test/10570.png,11,11,Right-of-way at next intersection,0.9999995231628418,True
Test/10571.png,10,10,No passing for vehicles over 3.5 t,0.9999995231628418,True
Test/10572.png,22,22,Bumpy road,0.5078336596488953,True
Test/10573.png,21,18,General caution,0.9372830390930176,False
Test/10574.png,4,4,Speed limit 70 km/h,0.9998045563697815,True
Test/10575.png,40,40,Roundabout mandatory,0.9861556887626648,True
Test/10576.png,2,2,Speed limit 50 km/h,0.9873383045196533,True
Test/10577.png,31,31,Wild animals crossing,0.9944064617156982,True
Test/10578.png,35,35,Ahead only,1.0,True
Test/10579.png,25,25,Road work,0.9999996423721313,True
Test/10580.png,38,38,Keep right,1.0,True
Test/10581.png,17,17,No entry,1.0,True
Test/10582.png,39,39,Keep left,0.9999998807907104,True
Test/10583.png,42,42,End of no passing for vehicles over 3.5 t,0.9992005228996277,True
Test/10584.png,30,25,Road work,0.5326166152954102,False
Test/10585.png,4,4,Speed limit 70 km/h,0.9998428821563721,True
Test/10586.png,31,20,Dangerous curve right,0.798000156879425,False
Test/10587.png,11,11,Right-of-way at next intersection,0.9992994070053101,True
Test/10588.png,10,10,No passing for vehicles over 3.5 t,0.9999996423721313,True
Test/10589.png,10,10,No passing for vehicles over 3.5 t,1.0,True
Test/10590.png,2,2,Speed limit 50 km/h,0.9177188277244568,True
Test/10591.png,31,31,Wild animals crossing,0.9938919544219971,True
Test/10592.png,25,25,Road work,0.9999997615814209,True
Test/10593.png,22,22,Bumpy road,0.9998941421508789,True
Test/10594.png,38,38,Keep right,1.0,True
Test/10595.png,7,7,Speed limit 100 km/h,0.9986231327056885,True
Test/10596.png,25,25,Road work,0.9999996423721313,True
Test/10597.png,10,10,No passing for vehicles over 3.5 t,0.9999923706054688,True
Test/10598.png,22,22,Bumpy road,0.9999779462814331,True
Test/10599.png,4,4,Speed limit 70 km/h,0.9999970197677612,True
Test/10600.png,2,2,Speed limit 50 km/h,0.999900221824646,True
Test/10601.png,12,12,Priority road,1.0,True
Test/10602.png,17,17,No entry,1.0,True
Test/10603.png,1,1,Speed limit 30 km/h,0.999065101146698,True
Test/10604.png,25,25,Road work,0.9999996423721313,True
Test/10605.png,9,9,No passing,0.9999997615814209,True
Test/10606.png,12,12,Priority road,1.0,True
Test/10607.png,3,3,Speed limit 60 km/h,0.9789203405380249,True
Test/10608.png,8,8,Speed limit 120 km/h,0.949904203414917,True
Test/10609.png,38,38,Keep right,1.0,True
Test/10610.png,33,33,Turn right ahead,0.9999867677688599,True
Test/10611.png,38,38,Keep right,0.9999998807907104,True
Test/10612.png,21,21,Double curve,0.9999203681945801,True
Test/10613.png,34,34,Turn left ahead,1.0,True
Test/10614.png,17,17,No entry,1.0,True
Test/10615.png,18,18,General caution,0.9980109333992004,True
Test/10616.png,11,11,Right-of-way at next intersection,0.9599770903587341,True
Test/10617.png,4,4,Speed limit 70 km/h,0.999517560005188,True
Test/10618.png,9,9,No passing,1.0,True
Test/10619.png,2,2,Speed limit 50 km/h,0.9996235370635986,True
Test/10620.png,3,3,Speed limit 60 km/h,0.9991037249565125,True
Test/10621.png,14,14,Stop,0.9999818801879883,True
Test/10622.png,17,17,No entry,1.0,True
Test/10623.png,1,1,Speed limit 30 km/h,0.9998941421508789,True
Test/10624.png,24,24,Road narrows on right,0.9776942729949951,True
Test/10625.png,9,9,No passing,1.0,True
Test/10626.png,9,9,No passing,1.0,True
Test/10627.png,11,11,Right-of-way at next intersection,0.9999327659606934,True
Test/10628.png,8,8,Speed limit 120 km/h,0.8456308245658875,True
Test/10629.png,3,3,Speed limit 60 km/h,0.9885573387145996,True
Test/10630.png,2,2,Speed limit 50 km/h,1.0,True
Test/10631.png,18,18,General caution,0.9936015009880066,True
Test/10632.png,17,17,No entry,1.0,True
Test/10633.png,28,28,Children crossing,0.9999861717224121,True
Test/10634.png,9,9,No passing,1.0,True
Test/10635.png,28,28,Children crossing,0.8001739978790283,True
Test/10636.png,12,12,Priority road,1.0,True
Test/10637.png,14,14,Stop,0.9999786615371704,True
Test/10638.png,13,13,Yield,1.0,True
Test/10639.png,8,8,Speed limit 120 km/h,0.9997914433479309,True
Test/10640.png,26,26,Traffic signals,0.9999945163726807,True
Test/10641.png,1,1,Speed limit 30 km/h,0.956964910030365,True
Test/10642.png,1,1,Speed limit 30 km/h,0.995453953742981,True
Test/10643.png,17,17,No entry,1.0,True
Test/10644.png,4,4,Speed limit 70 km/h,0.9999842643737793,True
Test/10645.png,18,18,General caution,0.9969105124473572,True
Test/10646.png,13,13,Yield,1.0,True
Test/10647.png,3,3,Speed limit 60 km/h,0.9998217225074768,True
Test/10648.png,34,34,Turn left ahead,0.9999567270278931,True
Test/10649.png,12,12,Priority road,0.9999810457229614,True
Test/10650.png,2,2,Speed limit 50 km/h,0.9995619654655457,True
Test/10651.png,22,22,Bumpy road,0.9978917241096497,True
Test/10652.png,1,1,Speed limit 30 km/h,0.9880025386810303,True
Test/10653.png,18,18,General caution,0.7498399019241333,True
Test/10654.png,16,16,Vehicles over 3.5 t prohibited,1.0,True
Test/10655.png,25,25,Road work,1.0,True
Test/10656.png,1,1,Speed limit 30 km/h,0.9855262041091919,True
Test/10657.png,35,35,Ahead only,0.9735763072967529,True
Test/10658.png,25,25,Road work,0.9999969005584717,True
Test/10659.png,30,30,Beware of ice or snow,0.9521332383155823,True
Test/10660.png,14,14,Stop,0.9999990463256836,True
Test/10661.png,35,35,Ahead only,1.0,True
Test/10662.png,26,26,Traffic signals,0.9999618530273438,True
Test/10663.png,2,2,Speed limit 50 km/h,0.9988396763801575,True
Test/10664.png,20,20,Dangerous curve right,0.9927935600280762,True
Test/10665.png,38,38,Keep right,1.0,True
Test/10666.png,5,2,Speed limit 50 km/h,0.7218534350395203,False
Test/10667.png,7,5,Speed limit 80 km/h,0.32275599241256714,False
Test/10668.png,14,14,Stop,0.9999998807907104,True
Test/10669.png,25,25,Road work,0.9993869066238403,True
Test/10670.png,28,28,Children crossing,0.996137797832489,True
Test/10671.png,2,2,Speed limit 50 km/h,0.9999983310699463,True
Test/10672.png,5,5,Speed limit 80 km/h,0.9991973042488098,True
Test/10673.png,1,1,Speed limit 30 km/h,0.9998397827148438,True
Test/10674.png,26,26,Traffic signals,0.9999915361404419,True
Test/10675.png,25,25,Road work,0.9542859792709351,True
Test/10676.png,6,6,End of speed limit 80 km/h,0.9879745244979858,True
Test/10677.png,1,1,Speed limit 30 km/h,0.9943183064460754,True
Test/10678.png,13,13,Yield,1.0,True
Test/10679.png,4,4,Speed limit 70 km/h,0.9970493316650391,True
Test/10680.png,3,3,Speed limit 60 km/h,0.9999864101409912,True
Test/10681.png,11,11,Right-of-way at next intersection,0.9652179479598999,True
Test/10682.png,25,25,Road work,1.0,True
Test/10683.png,31,31,Wild animals crossing,0.7411949634552002,True
Test/10684.png,13,13,Yield,1.0,True
Test/10685.png,11,11,Right-of-way at next intersection,0.9999865293502808,True
Test/10686.png,25,25,Road work,1.0,True
Test/10687.png,38,38,Keep right,1.0,True
Test/10688.png,5,5,Speed limit 80 km/h,0.9066936373710632,True
Test/10689.png,12,12,Priority road,1.0,True
Test/10690.png,2,2,Speed limit 50 km/h,0.999992847442627,True
Test/10691.png,20,20,Dangerous curve right,0.9997829794883728,True
Test/10692.png,18,18,General caution,0.8885375261306763,True
Test/10693.png,8,8,Speed limit 120 km/h,0.9991059899330139,True
Test/10694.png,12,12,Priority road,1.0,True
Test/10695.png,18,18,General caution,0.9254834651947021,True
Test/10696.png,12,12,Priority road,0.8719180226325989,True
Test/10697.png,2,2,Speed limit 50 km/h,0.9845508933067322,True
Test/10698.png,41,41,End of no passing,0.8989225029945374,True
Test/10699.png,25,25,Road work,0.9999996423721313,True
Test/10700.png,36,36,Go straight or right,0.9999996423721313,True
Test/10701.png,9,9,No passing,0.998646080493927,True
Test/10702.png,10,10,No passing for vehicles over 3.5 t,0.9998922348022461,True
Test/10703.png,8,8,Speed limit 120 km/h,0.9928359389305115,True
Test/10704.png,2,2,Speed limit 50 km/h,0.9929310083389282,True
Test/10705.png,4,4,Speed limit 70 km/h,0.9997681975364685,True
Test/10706.png,42,42,End of no passing for vehicles over 3.5 t,0.975627601146698,True
Test/10707.png,1,1,Speed limit 30 km/h,0.9999309778213501,True
Test/10708.png,4,1,Speed limit 30 km/h,0.5410215258598328,False
Test/10709.png,5,8,Speed limit 120 km/h,0.8859814405441284,False
Test/10710.png,29,29,Bicycles crossing,0.9999873638153076,True
Test/10711.png,4,4,Speed limit 70 km/h,0.9984095692634583,True
Test/10712.png,2,2,Speed limit 50 km/h,0.9980347752571106,True
Test/10713.png,42,42,End of no passing for vehicles over 3.5 t,0.8346787095069885,True
Test/10714.png,18,21,Double curve,0.6406751275062561,False
Test/10715.png,13,13,Yield,1.0,True
Test/10716.png,25,25,Road work,1.0,True
Test/10717.png,12,12,Priority road,0.9536078572273254,True
Test/10718.png,12,12,Priority road,1.0,True
Test/10719.png,12,12,Priority road,1.0,True
Test/10720.png,2,2,Speed limit 50 km/h,0.9999994039535522,True
Test/10721.png,39,39,Keep left,0.9999862909317017,True
Test/10722.png,4,4,Speed limit 70 km/h,0.998767614364624,True
Test/10723.png,10,10,No passing for vehicles over 3.5 t,1.0,True
Test/10724.png,12,12,Priority road,1.0,True
Test/10725.png,2,2,Speed limit 50 km/h,0.9980044960975647,True
Test/10726.png,3,3,Speed limit 60 km/h,0.8847339749336243,True
Test/10727.png,10,10,No passing for vehicles over 3.5 t,0.9999992847442627,True
Test/10728.png,38,38,Keep right,0.9952883720397949,True
Test/10729.png,35,35,Ahead only,0.9875243902206421,True
Test/10730.png,5,5,Speed limit 80 km/h,0.7089163064956665,True
Test/10731.png,33,33,Turn right ahead,1.0,True
Test/10732.png,28,28,Children crossing,0.9999109506607056,True
Test/10733.png,1,1,Speed limit 30 km/h,0.9967678785324097,True
Test/10734.png,6,6,End of speed limit 80 km/h,0.9772284030914307,True
Test/10735.png,42,42,End of no passing for vehicles over 3.5 t,0.8733910322189331,True
Test/10736.png,25,25,Road work,0.9999982118606567,True
Test/10737.png,2,2,Speed limit 50 km/h,0.9999847412109375,True
Test/10738.png,2,2,Speed limit 50 km/h,0.9943085312843323,True
Test/10739.png,15,15,No vehicles,0.9999997615814209,True
Test/10740.png,8,8,Speed limit 120 km/h,0.9983539581298828,True
Test/10741.png,36,36,Go straight or right,0.9998753070831299,True
Test/10742.png,26,26,Traffic signals,0.9999996423721313,True
Test/10743.png,2,2,Speed limit 50 km/h,0.999998927116394,True
Test/10744.png,3,3,Speed limit 60 km/h,0.9997511506080627,True
Test/10745.png,32,32,End of all speed and passing limits,0.8501553535461426,True
Test/10746.png,6,6,End of speed limit 80 km/h,0.7048137187957764,True
Test/10747.png,7,7,Speed limit 100 km/h,0.9867837429046631,True
Test/10748.png,14,14,Stop,0.9999995231628418,True
Test/10749.png,1,1,Speed limit 30 km/h,0.7941104769706726,True
Test/10750.png,1,1,Speed limit 30 km/h,0.9999003410339355,True
Test/10751.png,13,13,Yield,1.0,True
Test/10752.png,4,4,Speed limit 70 km/h,0.9993022680282593,True
Test/10753.png,1,1,Speed limit 30 km/h,0.9958754181861877,True
Test/10754.png,2,2,Speed limit 50 km/h,0.9999697208404541,True
Test/10755.png,15,15,No vehicles,1.0,True
Test/10756.png,17,17,No entry,0.9942359328269958,True
Test/10757.png,2,2,Speed limit 50 km/h,0.9997912049293518,True
Test/10758.png,10,10,No passing for vehicles over 3.5 t,1.0,True
Test/10759.png,25,25,Road work,0.9999985694885254,True
Test/10760.png,5,1,Speed limit 30 km/h,0.5491457581520081,False
Test/10761.png,31,31,Wild animals crossing,0.9884697198867798,True
Test/10762.png,4,4,Speed limit 70 km/h,0.9995492100715637,True
Test/10763.png,11,11,Right-of-way at next intersection,0.9498719573020935,True
Test/10764.png,2,2,Speed limit 50 km/h,0.9999951124191284,True
Test/10765.png,5,5,Speed limit 80 km/h,0.99977046251297,True
Test/10766.png,2,2,Speed limit 50 km/h,0.9998767375946045,True
Test/10767.png,13,13,Yield,0.9999994039535522,True
Test/10768.png,13,13,Yield,1.0,True
Test/10769.png,10,10,No passing for vehicles over 3.5 t,1.0,True
Test/10770.png,38,38,Keep right,1.0,True
Test/10771.png,1,1,Speed limit 30 km/h,0.9996447563171387,True
Test/10772.png,18,18,General caution,0.9987325072288513,True
Test/10773.png,9,3,Speed limit 60 km/h,0.9804040789604187,False
Test/10774.png,35,35,Ahead only,0.9778884649276733,True
Test/10775.png,38,38,Keep right,1.0,True
Test/10776.png,35,35,Ahead only,0.9999959468841553,True
Test/10777.png,13,13,Yield,1.0,True
Test/10778.png,18,18,General caution,0.9883334040641785,True
Test/10779.png,21,21,Double curve,0.9031577706336975,True
Test/10780.png,18,18,General caution,0.9954432249069214,True
Test/10781.png,22,22,Bumpy road,0.9943384528160095,True
Test/10782.png,18,18,General caution,0.9232456088066101,True
Test/10783.png,7,7,Speed limit 100 km/h,0.7901510000228882,True
Test/10784.png,38,38,Keep right,0.9997771382331848,True
Test/10785.png,33,33,Turn right ahead,0.9996554851531982,True
Test/10786.png,14,14,Stop,0.9999997615814209,True
Test/10787.png,28,28,Children crossing,0.9999452829360962,True
Test/10788.png,8,8,Speed limit 120 km/h,0.6362606287002563,True
Test/10789.png,38,38,Keep right,0.999954342842102,True
Test/10790.png,13,13,Yield,0.9999997615814209,True
Test/10791.png,7,7,Speed limit 100 km/h,0.995502769947052,True
Test/10792.png,9,9,No passing,1.0,True
Test/10793.png,9,9,No passing,0.9999998807907104,True
Test/10794.png,35,35,Ahead only,0.9999723434448242,True
Test/10795.png,11,11,Right-of-way at next intersection,0.9759873151779175,True
Test/10796.png,13,13,Yield,1.0,True
Test/10797.png,35,35,Ahead only,1.0,True
Test/10798.png,3,3,Speed limit 60 km/h,0.9969981908798218,True
Test/10799.png,33,33,Turn right ahead,1.0,True
Test/10800.png,38,38,Keep right,0.9999021291732788,True
Test/10801.png,8,8,Speed limit 120 km/h,0.9714710712432861,True
Test/10802.png,38,38,Keep right,1.0,True
Test/10803.png,12,12,Priority road,1.0,True
Test/10804.png,9,9,No passing,1.0,True
Test/10805.png,2,2,Speed limit 50 km/h,0.7048160433769226,True
Test/10806.png,33,33,Turn right ahead,0.9997811913490295,True
Test/10807.png,3,3,Speed limit 60 km/h,0.9999991655349731,True
Test/10808.png,13,13,Yield,1.0,True
Test/10809.png,5,5,Speed limit 80 km/h,0.9953957200050354,True
Test/10810.png,35,35,Ahead only,0.9967526793479919,True
Test/10811.png,23,23,Slippery road,0.9999651908874512,True
Test/10812.png,12,13,Yield,0.5074565410614014,False
Test/10813.png,4,4,Speed limit 70 km/h,0.9989666938781738,True
Test/10814.png,1,1,Speed limit 30 km/h,0.9985617995262146,True
Test/10815.png,5,5,Speed limit 80 km/h,0.8343847990036011,True
Test/10816.png,5,5,Speed limit 80 km/h,0.8560477495193481,True
Test/10817.png,31,31,Wild animals crossing,0.9973757266998291,True
Test/10818.png,11,11,Right-of-way at next intersection,0.9967128038406372,True
Test/10819.png,9,9,No passing,0.9999996423721313,True
Test/10820.png,7,8,Speed limit 120 km/h,0.49756911396980286,False
Test/10821.png,17,17,No entry,1.0,True
Test/10822.png,1,1,Speed limit 30 km/h,0.9996259212493896,True
Test/10823.png,18,26,Traffic signals,0.9092484712600708,False
Test/10824.png,25,25,Road work,1.0,True
Test/10825.png,30,30,Beware of ice or snow,0.9953761100769043,True
Test/10826.png,7,7,Speed limit 100 km/h,0.6776325702667236,True
Test/10827.png,13,13,Yield,1.0,True
Test/10828.png,2,2,Speed limit 50 km/h,1.0,True
Test/10829.png,4,4,Speed limit 70 km/h,0.9999978542327881,True
Test/10830.png,5,5,Speed limit 80 km/h,0.984276533126831,True
Test/10831.png,3,3,Speed limit 60 km/h,0.9862448573112488,True
Test/10832.png,22,22,Bumpy road,0.9882643222808838,True
Test/10833.png,16,16,Vehicles over 3.5 t prohibited,1.0,True
Test/10834.png,29,29,Bicycles crossing,0.9992361068725586,True
Test/10835.png,40,40,Roundabout mandatory,0.937069296836853,True
Test/10836.png,15,15,No vehicles,1.0,True
Test/10837.png,39,39,Keep left,0.9274027943611145,True
Test/10838.png,3,3,Speed limit 60 km/h,0.999313473701477,True
Test/10839.png,1,1,Speed limit 30 km/h,0.9999072551727295,True
Test/10840.png,11,30,Beware of ice or snow,0.47814062237739563,False
Test/10841.png,1,1,Speed limit 30 km/h,0.8890560269355774,True
Test/10842.png,3,3,Speed limit 60 km/h,0.9908668994903564,True
Test/10843.png,38,38,Keep right,1.0,True
Test/10844.png,18,18,General caution,0.9311750531196594,True
Test/10845.png,39,38,Keep right,0.5120983123779297,False
Test/10846.png,13,13,Yield,1.0,True
Test/10847.png,17,17,No entry,1.0,True
Test/10848.png,38,38,Keep right,0.998789370059967,True
Test/10849.png,5,2,Speed limit 50 km/h,0.4008689522743225,False
Test/10850.png,2,2,Speed limit 50 km/h,0.8655028939247131,True
Test/10851.png,10,10,No passing for vehicles over 3.5 t,0.7823041081428528,True
Test/10852.png,11,11,Right-of-way at next intersection,0.9999034404754639,True
Test/10853.png,12,12,Priority road,0.9999997615814209,True
Test/10854.png,8,8,Speed limit 120 km/h,0.9965527057647705,True
Test/10855.png,13,13,Yield,1.0,True
Test/10856.png,25,25,Road work,0.9999910593032837,True
Test/10857.png,3,3,Speed limit 60 km/h,0.9277554750442505,True
Test/10858.png,1,1,Speed limit 30 km/h,0.9998224377632141,True
Test/10859.png,38,38,Keep right,0.9998905658721924,True
Test/10860.png,13,13,Yield,1.0,True
Test/10861.png,11,11,Right-of-way at next intersection,1.0,True
Test/10862.png,26,26,Traffic signals,0.9999263286590576,True
Test/10863.png,11,11,Right-of-way at next intersection,1.0,True
Test/10864.png,3,3,Speed limit 60 km/h,0.9984018206596375,True
Test/10865.png,11,11,Right-of-way at next intersection,0.9999991655349731,True
Test/10866.png,25,18,General caution,0.45209577679634094,False
Test/10867.png,9,9,No passing,1.0,True
Test/10868.png,2,2,Speed limit 50 km/h,0.9993591904640198,True
Test/10869.png,26,18,General caution,0.5187553763389587,False
Test/10870.png,35,35,Ahead only,0.9999946355819702,True
Test/10871.png,1,1,Speed limit 30 km/h,0.9861500859260559,True
Test/10872.png,1,1,Speed limit 30 km/h,0.9888155460357666,True
Test/10873.png,9,9,No passing,0.9998993873596191,True
Test/10874.png,10,10,No passing for vehicles over 3.5 t,1.0,True
Test/10875.png,36,36,Go straight or right,0.9997790455818176,True
Test/10876.png,9,9,No passing,1.0,True
Test/10877.png,2,2,Speed limit 50 km/h,0.9997774958610535,True
Test/10878.png,27,27,Pedestrians,0.37990373373031616,True
Test/10879.png,31,31,Wild animals crossing,0.9936994314193726,True
Test/10880.png,4,4,Speed limit 70 km/h,0.9995235204696655,True
Test/10881.png,3,3,Speed limit 60 km/h,0.9916736483573914,True
Test/10882.png,13,13,Yield,1.0,True
Test/10883.png,13,13,Yield,1.0,True
Test/10884.png,13,13,Yield,1.0,True
Test/10885.png,2,2,Speed limit 50 km/h,0.9999998807907104,True
Test/10886.png,5,5,Speed limit 80 km/h,0.8165771961212158,True
Test/10887.png,10,10,No passing for vehicles over 3.5 t,0.9999998807907104,True
Test/10888.png,35,35,Ahead only,0.9999996423721313,True
Test/10889.png,9,9,No passing,0.9999653100967407,True
Test/10890.png,4,4,Speed limit 70 km/h,0.9999914169311523,True
Test/10891.png,7,7,Speed limit 100 km/h,0.9953985810279846,True
Test/10892.png,41,41,End of no passing,0.9573503136634827,True
Test/10893.png,25,25,Road work,1.0,True
Test/10894.png,17,17,No entry,0.9971482157707214,True
Test/10895.png,4,4,Speed limit 70 km/h,0.9876298308372498,True
Test/10896.png,15,15,No vehicles,0.9999996423721313,True
Test/10897.png,3,3,Speed limit 60 km/h,0.9994205236434937,True
Test/10898.png,16,16,Vehicles over 3.5 t prohibited,0.9999536275863647,True
Test/10899.png,13,13,Yield,1.0,True
Test/10900.png,4,4,Speed limit 70 km/h,0.9931012392044067,True
Test/10901.png,31,31,Wild animals crossing,0.9975019097328186,True
Test/10902.png,3,3,Speed limit 60 km/h,0.9992268085479736,True
Test/10903.png,17,17,No entry,1.0,True
Test/10904.png,8,8,Speed limit 120 km/h,0.9627664089202881,True
Test/10905.png,17,9,No passing,0.3827325403690338,False
Test/10906.png,38,38,Keep right,0.9999982118606567,True
Test/10907.png,14,14,Stop,0.9999793767929077,True
Test/10908.png,24,24,Road narrows on right,0.8094158172607422,True
Test/10909.png,13,13,Yield,1.0,True
Test/10910.png,41,41,End of no passing,0.9999595880508423,True
Test/10911.png,1,1,Speed limit 30 km/h,0.9765377640724182,True
Test/10912.png,1,1,Speed limit 30 km/h,0.9843005537986755,True
Test/10913.png,11,11,Right-of-way at next intersection,0.9997850060462952,True
Test/10914.png,15,15,No vehicles,0.9999983310699463,True
Test/10915.png,3,3,Speed limit 60 km/h,0.9989978671073914,True
Test/10916.png,36,36,Go straight or right,0.9985074400901794,True
Test/10917.png,10,10,No passing for vehicles over 3.5 t,1.0,True
Test/10918.png,10,10,No passing for vehicles over 3.5 t,0.999996542930603,True
Test/10919.png,16,16,Vehicles over 3.5 t prohibited,0.9982715845108032,True
Test/10920.png,2,2,Speed limit 50 km/h,0.9999874830245972,True
Test/10921.png,24,24,Road narrows on right,0.9999861717224121,True
Test/10922.png,23,23,Slippery road,0.9980515241622925,True
Test/10923.png,2,2,Speed limit 50 km/h,0.9999550580978394,True
Test/10924.png,17,17,No entry,1.0,True
Test/10925.png,3,3,Speed limit 60 km/h,0.8161566853523254,True
Test/10926.png,4,4,Speed limit 70 km/h,0.9632528424263,True
Test/10927.png,35,35,Ahead only,0.6117146611213684,True
Test/10928.png,5,5,Speed limit 80 km/h,0.7811105847358704,True
Test/10929.png,7,5,Speed limit 80 km/h,0.4311622679233551,False
Test/10930.png,1,1,Speed limit 30 km/h,0.9895259141921997,True
Test/10931.png,12,4,Speed limit 70 km/h,0.6933438777923584,False
Test/10932.png,4,4,Speed limit 70 km/h,1.0,True
Test/10933.png,11,11,Right-of-way at next intersection,0.9967161417007446,True
Test/10934.png,13,13,Yield,1.0,True
Test/10935.png,4,4,Speed limit 70 km/h,0.9874864816665649,True
Test/10936.png,22,22,Bumpy road,0.9999948740005493,True
Test/10937.png,8,8,Speed limit 120 km/h,0.999243974685669,True
Test/10938.png,1,1,Speed limit 30 km/h,0.9999455213546753,True
Test/10939.png,2,2,Speed limit 50 km/h,0.9989252686500549,True
Test/10940.png,38,38,Keep right,0.9999977350234985,True
Test/10941.png,13,13,Yield,0.9999247789382935,True
Test/10942.png,31,31,Wild animals crossing,0.9628579616546631,True
Test/10943.png,9,9,No passing,0.9905627965927124,True
Test/10944.png,8,8,Speed limit 120 km/h,0.9972461462020874,True
Test/10945.png,25,25,Road work,0.9999058246612549,True
Test/10946.png,2,2,Speed limit 50 km/h,0.9999995231628418,True
Test/10947.png,18,18,General caution,0.9552892446517944,True
Test/10948.png,11,11,Right-of-way at next intersection,0.9999997615814209,True
Test/10949.png,11,11,Right-of-way at next intersection,0.9805722236633301,True
Test/10950.png,17,17,No entry,1.0,True
Test/10951.png,13,13,Yield,1.0,True
Test/10952.png,17,17,No entry,1.0,True
Test/10953.png,2,2,Speed limit 50 km/h,0.9970564842224121,True
Test/10954.png,14,14,Stop,0.9999994039535522,True
Test/10955.png,5,5,Speed limit 80 km/h,0.9354598522186279,True
Test/10956.png,31,31,Wild animals crossing,0.9975653886795044,True
Test/10957.png,36,38,Keep right,0.7219154238700867,False
Test/10958.png,3,3,Speed limit 60 km/h,0.9621994495391846,True
Test/10959.png,10,10,No passing for vehicles over 3.5 t,1.0,True
Test/10960.png,13,13,Yield,1.0,True
Test/10961.png,23,23,Slippery road,0.9995891451835632,True
Test/10962.png,4,4,Speed limit 70 km/h,0.9994736313819885,True
Test/10963.png,38,38,Keep right,1.0,True
Test/10964.png,31,31,Wild animals crossing,0.9995884299278259,True
Test/10965.png,3,3,Speed limit 60 km/h,0.9987766146659851,True
Test/10966.png,8,8,Speed limit 120 km/h,0.7952380180358887,True
Test/10967.png,2,2,Speed limit 50 km/h,0.7012096643447876,True
Test/10968.png,30,30,Beware of ice or snow,0.9778708219528198,True
Test/10969.png,12,12,Priority road,1.0,True
Test/10970.png,12,12,Priority road,1.0,True
Test/10971.png,36,38,Keep right,0.6170916557312012,False
Test/10972.png,13,13,Yield,1.0,True
Test/10973.png,14,14,Stop,0.9999998807907104,True
Test/10974.png,10,10,No passing for vehicles over 3.5 t,1.0,True
Test/10975.png,2,2,Speed limit 50 km/h,0.9994538426399231,True
Test/10976.png,14,14,Stop,0.9999995231628418,True
Test/10977.png,17,9,No passing,0.46006444096565247,False
Test/10978.png,38,38,Keep right,0.9998140931129456,True
Test/10979.png,4,4,Speed limit 70 km/h,0.9869304895401001,True
Test/10980.png,37,39,Keep left,0.7185236215591431,False
Test/10981.png,35,35,Ahead only,1.0,True
Test/10982.png,2,1,Speed limit 30 km/h,0.972391664981842,False
Test/10983.png,23,23,Slippery road,0.8070164322853088,True
Test/10984.png,7,7,Speed limit 100 km/h,0.9986827969551086,True
Test/10985.png,1,1,Speed limit 30 km/h,0.9724881649017334,True
Test/10986.png,26,26,Traffic signals,0.9999626874923706,True
Test/10987.png,38,38,Keep right,1.0,True
Test/10988.png,3,3,Speed limit 60 km/h,0.9937744140625,True
Test/10989.png,17,7,Speed limit 100 km/h,0.21692006289958954,False
Test/10990.png,15,15,No vehicles,1.0,True
Test/10991.png,3,3,Speed limit 60 km/h,0.9999645948410034,True
Test/10992.png,6,6,End of speed limit 80 km/h,0.9202497005462646,True
Test/10993.png,13,13,Yield,1.0,True
Test/10994.png,3,3,Speed limit 60 km/h,0.9980072379112244,True
Test/10995.png,18,21,Double curve,0.31371286511421204,False
Test/10996.png,17,17,No entry,1.0,True
Test/10997.png,13,13,Yield,1.0,True
Test/10998.png,4,4,Speed limit 70 km/h,0.9986042380332947,True
Test/10999.png,24,24,Road narrows on right,0.9983970522880554,True
Test/11000.png,7,7,Speed limit 100 km/h,0.9999375343322754,True
Test/11001.png,8,8,Speed limit 120 km/h,0.9962072372436523,True
Test/11002.png,19,19,Dangerous curve left,0.9648529291152954,True
Test/11003.png,9,9,No passing,1.0,True
Test/11004.png,5,5,Speed limit 80 km/h,0.9914678335189819,True
Test/11005.png,4,4,Speed limit 70 km/h,0.9999481439590454,True
Test/11006.png,4,4,Speed limit 70 km/h,1.0,True
Test/11007.png,7,7,Speed limit 100 km/h,0.9937341809272766,True
Test/11008.png,17,17,No entry,1.0,True
Test/11009.png,38,38,Keep right,0.9999936819076538,True
Test/11010.png,13,13,Yield,1.0,True
Test/11011.png,14,14,Stop,0.9992762207984924,True
Test/11012.png,30,30,Beware of ice or snow,0.756060004234314,True
Test/11013.png,12,12,Priority road,1.0,True
Test/11014.png,9,9,No passing,1.0,True
Test/11015.png,8,8,Speed limit 120 km/h,0.9746707677841187,True
Test/11016.png,3,25,Road work,0.6309795379638672,False
Test/11017.png,8,8,Speed limit 120 km/h,0.7603437304496765,True
Test/11018.png,38,38,Keep right,1.0,True
Test/11019.png,11,11,Right-of-way at next intersection,0.9999781847000122,True
Test/11020.png,33,33,Turn right ahead,0.9999901056289673,True
Test/11021.png,38,38,Keep right,0.9964631199836731,True
Test/11022.png,11,11,Right-of-way at next intersection,0.9973794221878052,True
Test/11023.png,8,8,Speed limit 120 km/h,0.9949641227722168,True
Test/11024.png,14,14,Stop,0.9999804496765137,True
Test/11025.png,17,17,No entry,1.0,True
Test/11026.png,35,35,Ahead only,1.0,True
Test/11027.png,3,3,Speed limit 60 km/h,0.999057948589325,True
Test/11028.png,40,40,Roundabout mandatory,0.8376253247261047,True
Test/11029.png,25,25,Road work,1.0,True
Test/11030.png,7,7,Speed limit 100 km/h,0.8849433660507202,True
Test/11031.png,7,7,Speed limit 100 km/h,0.9240714907646179,True
Test/11032.png,13,13,Yield,1.0,True
Test/11033.png,1,1,Speed limit 30 km/h,0.9915310144424438,True
Test/11034.png,25,25,Road work,1.0,True
Test/11035.png,38,38,Keep right,1.0,True
Test/11036.png,25,25,Road work,0.9758135080337524,True
Test/11037.png,9,9,No passing,0.9999200105667114,True
Test/11038.png,5,5,Speed limit 80 km/h,0.9742154479026794,True
Test/11039.png,11,11,Right-of-way at next intersection,0.9999450445175171,True
Test/11040.png,12,12,Priority road,1.0,True
Test/11041.png,1,1,Speed limit 30 km/h,0.9967921376228333,True
Test/11042.png,25,25,Road work,1.0,True
Test/11043.png,1,1,Speed limit 30 km/h,0.9999649524688721,True
Test/11044.png,31,31,Wild animals crossing,0.6622875928878784,True
Test/11045.png,19,19,Dangerous curve left,0.9999991655349731,True
Test/11046.png,3,3,Speed limit 60 km/h,0.9999948740005493,True
Test/11047.png,16,16,Vehicles over 3.5 t prohibited,0.9999994039535522,True
Test/11048.png,10,10,No passing for vehicles over 3.5 t,1.0,True
Test/11049.png,12,12,Priority road,1.0,True
Test/11050.png,11,11,Right-of-way at next intersection,0.9404903650283813,True
Test/11051.png,7,7,Speed limit 100 km/h,0.8981995582580566,True
Test/11052.png,2,2,Speed limit 50 km/h,0.9999955892562866,True
Test/11053.png,2,2,Speed limit 50 km/h,1.0,True
Test/11054.png,4,4,Speed limit 70 km/h,0.9977138042449951,True
Test/11055.png,35,35,Ahead only,0.998464822769165,True
Test/11056.png,5,5,Speed limit 80 km/h,0.9495599269866943,True
Test/11057.png,22,22,Bumpy road,0.9999914169311523,True
Test/11058.png,7,7,Speed limit 100 km/h,0.9865134358406067,True
Test/11059.png,9,9,No passing,1.0,True
Test/11060.png,16,16,Vehicles over 3.5 t prohibited,1.0,True
Test/11061.png,1,1,Speed limit 30 km/h,0.919754683971405,True
Test/11062.png,8,8,Speed limit 120 km/h,0.9548631310462952,True
Test/11063.png,38,38,Keep right,1.0,True
Test/11064.png,5,5,Speed limit 80 km/h,0.9903292655944824,True
Test/11065.png,1,1,Speed limit 30 km/h,0.9895926713943481,True
Test/11066.png,3,3,Speed limit 60 km/h,0.9995075464248657,True
Test/11067.png,38,38,Keep right,0.999995231628418,True
Test/11068.png,23,23,Slippery road,0.9997467398643494,True
Test/11069.png,5,5,Speed limit 80 km/h,0.8584780693054199,True
Test/11070.png,6,6,End of speed limit 80 km/h,0.7190614938735962,True
Test/11071.png,9,9,No passing,1.0,True
Test/11072.png,12,12,Priority road,1.0,True
Test/11073.png,13,13,Yield,1.0,True
Test/11074.png,30,30,Beware of ice or snow,0.9005177021026611,True
Test/11075.png,7,5,Speed limit 80 km/h,0.5954564809799194,False
Test/11076.png,2,2,Speed limit 50 km/h,0.9999988079071045,True
Test/11077.png,4,4,Speed limit 70 km/h,0.999883770942688,True
Test/11078.png,7,7,Speed limit 100 km/h,0.977012038230896,True
Test/11079.png,26,26,Traffic signals,0.999257504940033,True
Test/11080.png,4,4,Speed limit 70 km/h,0.997287392616272,True
Test/11081.png,1,1,Speed limit 30 km/h,0.9961333274841309,True
Test/11082.png,8,8,Speed limit 120 km/h,0.9912704229354858,True
Test/11083.png,17,17,No entry,1.0,True
Test/11084.png,6,6,End of speed limit 80 km/h,0.9941387176513672,True
Test/11085.png,15,15,No vehicles,1.0,True
Test/11086.png,37,39,Keep left,0.6784163117408752,False
Test/11087.png,12,12,Priority road,0.9999758005142212,True
Test/11088.png,8,8,Speed limit 120 km/h,0.9971811771392822,True
Test/11089.png,18,27,Pedestrians,0.3197808265686035,False
Test/11090.png,12,12,Priority road,1.0,True
Test/11091.png,16,16,Vehicles over 3.5 t prohibited,0.9996705055236816,True
Test/11092.png,25,25,Road work,1.0,True
Test/11093.png,14,14,Stop,0.9999904632568359,True
Test/11094.png,5,2,Speed limit 50 km/h,0.9077950119972229,False
Test/11095.png,1,1,Speed limit 30 km/h,0.9993558526039124,True
Test/11096.png,13,13,Yield,1.0,True
Test/11097.png,38,38,Keep right,1.0,True
Test/11098.png,1,1,Speed limit 30 km/h,0.9777845144271851,True
Test/11099.png,35,35,Ahead only,0.9591548442840576,True
Test/11100.png,13,13,Yield,1.0,True
Test/11101.png,11,11,Right-of-way at next intersection,0.947547435760498,True
Test/11102.png,13,13,Yield,1.0,True
Test/11103.png,2,2,Speed limit 50 km/h,0.7644454836845398,True
Test/11104.png,4,4,Speed limit 70 km/h,0.999298095703125,True
Test/11105.png,38,38,Keep right,1.0,True
Test/11106.png,25,25,Road work,1.0,True
Test/11107.png,25,25,Road work,1.0,True
Test/11108.png,4,4,Speed limit 70 km/h,0.9999639987945557,True
Test/11109.png,23,23,Slippery road,0.9999833106994629,True
Test/11110.png,10,10,No passing for vehicles over 3.5 t,1.0,True
Test/11111.png,3,3,Speed limit 60 km/h,0.975236177444458,True
Test/11112.png,3,3,Speed limit 60 km/h,0.9913574457168579,True
Test/11113.png,5,5,Speed limit 80 km/h,0.6249237060546875,True
Test/11114.png,42,42,End of no passing for vehicles over 3.5 t,0.9609736204147339,True
Test/11115.png,37,37,Go straight or left,0.9603451490402222,True
Test/11116.png,2,2,Speed limit 50 km/h,0.9999508857727051,True
Test/11117.png,10,10,No passing for vehicles over 3.5 t,1.0,True
Test/11118.png,13,13,Yield,0.9999940395355225,True
Test/11119.png,23,23,Slippery road,0.9983256459236145,True
Test/11120.png,35,35,Ahead only,1.0,True
Test/11121.png,38,38,Keep right,1.0,True
Test/11122.png,3,3,Speed limit 60 km/h,0.9155163168907166,True
Test/11123.png,10,10,No passing for vehicles over 3.5 t,0.9999997615814209,True
Test/11124.png,22,22,Bumpy road,0.9065617322921753,True
Test/11125.png,2,2,Speed limit 50 km/h,1.0,True
Test/11126.png,18,18,General caution,0.9742588996887207,True
Test/11127.png,36,36,Go straight or right,0.9999426603317261,True
Test/11128.png,6,6,End of speed limit 80 km/h,0.5439831614494324,True
Test/11129.png,15,15,No vehicles,0.9999982118606567,True
Test/11130.png,16,16,Vehicles over 3.5 t prohibited,0.9999961853027344,True
Test/11131.png,31,31,Wild animals crossing,0.7150461673736572,True
Test/11132.png,25,18,General caution,0.783521831035614,False
Test/11133.png,16,16,Vehicles over 3.5 t prohibited,0.9811733365058899,True
Test/11134.png,35,35,Ahead only,1.0,True
Test/11135.png,9,9,No passing,1.0,True
Test/11136.png,35,35,Ahead only,0.9977518916130066,True
Test/11137.png,38,38,Keep right,1.0,True
Test/11138.png,7,7,Speed limit 100 km/h,0.9933221936225891,True
Test/11139.png,17,17,No entry,1.0,True
Test/11140.png,12,12,Priority road,1.0,True
Test/11141.png,4,4,Speed limit 70 km/h,0.9898741245269775,True
Test/11142.png,5,5,Speed limit 80 km/h,0.6668137907981873,True
Test/11143.png,1,1,Speed limit 30 km/h,0.9944022297859192,True
Test/11144.png,11,11,Right-of-way at next intersection,0.9968544840812683,True
Test/11145.png,8,8,Speed limit 120 km/h,0.997337281703949,True
Test/11146.png,32,32,End of all speed and passing limits,0.9156282544136047,True
Test/11147.png,38,38,Keep right,1.0,True
Test/11148.png,25,25,Road work,0.9999915361404419,True
Test/11149.png,17,17,No entry,1.0,True
Test/11150.png,33,33,Turn right ahead,0.9999662637710571,True
Test/11151.png,10,10,No passing for vehicles over 3.5 t,1.0,True
Test/11152.png,17,9,No passing,0.35354897379875183,False
Test/11153.png,10,10,No passing for vehicles over 3.5 t,1.0,True
Test/11154.png,4,4,Speed limit 70 km/h,0.9997735619544983,True
Test/11155.png,3,3,Speed limit 60 km/h,0.999562680721283,True
Test/11156.png,4,4,Speed limit 70 km/h,0.9993539452552795,True
Test/11157.png,5,5,Speed limit 80 km/h,0.8977970480918884,True
Test/11158.png,17,17,No entry,1.0,True
Test/11159.png,4,4,Speed limit 70 km/h,0.9999299049377441,True
Test/11160.png,1,1,Speed limit 30 km/h,0.9999853372573853,True
Test/11161.png,2,2,Speed limit 50 km/h,0.553475022315979,True
Test/11162.png,11,11,Right-of-way at next intersection,0.9998911619186401,True
Test/11163.png,7,7,Speed limit 100 km/h,0.9907930493354797,True
Test/11164.png,1,1,Speed limit 30 km/h,0.9795739650726318,True
Test/11165.png,2,2,Speed limit 50 km/h,0.999993085861206,True
Test/11166.png,2,2,Speed limit 50 km/h,1.0,True
Test/11167.png,36,36,Go straight or right,0.9988118410110474,True
Test/11168.png,33,33,Turn right ahead,0.9999996423721313,True
Test/11169.png,8,8,Speed limit 120 km/h,0.9903531670570374,True
Test/11170.png,21,23,Slippery road,0.4429147243499756,False
Test/11171.png,25,25,Road work,0.999936580657959,True
Test/11172.png,34,34,Turn left ahead,1.0,True
Test/11173.png,30,20,Dangerous curve right,0.7777775526046753,False
Test/11174.png,16,16,Vehicles over 3.5 t prohibited,0.9999978542327881,True
Test/11175.png,12,12,Priority road,0.9999494552612305,True
Test/11176.png,42,42,End of no passing for vehicles over 3.5 t,0.5866212248802185,True
Test/11177.png,18,18,General caution,0.9934960603713989,True
Test/11178.png,16,16,Vehicles over 3.5 t prohibited,0.9587754011154175,True
Test/11179.png,12,12,Priority road,1.0,True
Test/11180.png,9,9,No passing,1.0,True
Test/11181.png,9,9,No passing,0.9988824725151062,True
Test/11182.png,11,11,Right-of-way at next intersection,0.8340100049972534,True
Test/11183.png,26,26,Traffic signals,0.9923561811447144,True
Test/11184.png,3,3,Speed limit 60 km/h,0.9858856201171875,True
Test/11185.png,38,38,Keep right,0.9999983310699463,True
Test/11186.png,8,8,Speed limit 120 km/h,0.9944664835929871,True
Test/11187.png,12,12,Priority road,1.0,True
Test/11188.png,7,5,Speed limit 80 km/h,0.4210730493068695,False
Test/11189.png,2,2,Speed limit 50 km/h,0.9999109506607056,True
Test/11190.png,14,14,Stop,0.999998927116394,True
Test/11191.png,1,1,Speed limit 30 km/h,0.9746637344360352,True
Test/11192.png,21,21,Double curve,0.9995191097259521,True
Test/11193.png,12,12,Priority road,0.9999983310699463,True
Test/11194.png,5,5,Speed limit 80 km/h,0.9112719297409058,True
Test/11195.png,17,17,No entry,1.0,True
Test/11196.png,25,25,Road work,1.0,True
Test/11197.png,12,12,Priority road,1.0,True
Test/11198.png,18,18,General caution,0.997485876083374,True
Test/11199.png,9,9,No passing,1.0,True
Test/11200.png,42,41,End of no passing,0.3825147747993469,False
Test/11201.png,41,41,End of no passing,0.8700498342514038,True
Test/11202.png,3,3,Speed limit 60 km/h,0.9980390667915344,True
Test/11203.png,11,11,Right-of-way at next intersection,0.9187363982200623,True
Test/11204.png,3,3,Speed limit 60 km/h,0.6435241103172302,True
Test/11205.png,15,15,No vehicles,1.0,True
Test/11206.png,10,10,No passing for vehicles over 3.5 t,1.0,True
Test/11207.png,32,32,End of all speed and passing limits,0.9503721594810486,True
Test/11208.png,5,3,Speed limit 60 km/h,0.7205857038497925,False
Test/11209.png,5,5,Speed limit 80 km/h,0.9864122867584229,True
Test/11210.png,8,8,Speed limit 120 km/h,0.9507266283035278,True
Test/11211.png,14,14,Stop,0.9999995231628418,True
Test/11212.png,5,2,Speed limit 50 km/h,0.949396014213562,False
Test/11213.png,3,3,Speed limit 60 km/h,0.863402247428894,True
Test/11214.png,2,2,Speed limit 50 km/h,0.9759524464607239,True
Test/11215.png,31,31,Wild animals crossing,0.7741718292236328,True
Test/11216.png,2,2,Speed limit 50 km/h,0.9999998807907104,True
Test/11217.png,36,36,Go straight or right,0.9821569919586182,True
Test/11218.png,11,11,Right-of-way at next intersection,0.9999991655349731,True
Test/11219.png,17,17,No entry,1.0,True
Test/11220.png,14,14,Stop,0.9999996423721313,True
Test/11221.png,2,2,Speed limit 50 km/h,0.9999772310256958,True
Test/11222.png,7,7,Speed limit 100 km/h,0.5080903768539429,True
Test/11223.png,13,13,Yield,1.0,True
Test/11224.png,6,6,End of speed limit 80 km/h,0.9689773917198181,True
Test/11225.png,5,5,Speed limit 80 km/h,0.9944015145301819,True
Test/11226.png,4,4,Speed limit 70 km/h,0.6678501963615417,True
Test/11227.png,7,7,Speed limit 100 km/h,0.9999228715896606,True
Test/11228.png,38,38,Keep right,0.9999291896820068,True
Test/11229.png,20,20,Dangerous curve right,0.9991165995597839,True
Test/11230.png,32,32,End of all speed and passing limits,0.7977588176727295,True
Test/11231.png,12,12,Priority road,1.0,True
Test/11232.png,33,33,Turn right ahead,0.9999614953994751,True
Test/11233.png,28,28,Children crossing,0.9999977350234985,True
Test/11234.png,1,1,Speed limit 30 km/h,0.9999445676803589,True
Test/11235.png,17,17,No entry,1.0,True
Test/11236.png,13,13,Yield,1.0,True
Test/11237.png,17,17,No entry,0.9988014698028564,True
Test/11238.png,8,3,Speed limit 60 km/h,0.425491601228714,False
Test/11239.png,23,23,Slippery road,0.6893686652183533,True
Test/11240.png,38,38,Keep right,1.0,True
Test/11241.png,1,1,Speed limit 30 km/h,0.9952521324157715,True
Test/11242.png,10,10,No passing for vehicles over 3.5 t,1.0,True
Test/11243.png,11,11,Right-of-way at next intersection,0.9999969005584717,True
Test/11244.png,28,28,Children crossing,0.9999901056289673,True
Test/11245.png,2,2,Speed limit 50 km/h,0.9294564127922058,True
Test/11246.png,18,18,General caution,0.9853798747062683,True
Test/11247.png,1,1,Speed limit 30 km/h,0.9947255253791809,True
Test/11248.png,38,38,Keep right,0.9999961853027344,True
Test/11249.png,8,8,Speed limit 120 km/h,0.9937990307807922,True
Test/11250.png,7,7,Speed limit 100 km/h,0.9999812841415405,True
Test/11251.png,38,38,Keep right,1.0,True
Test/11252.png,17,17,No entry,1.0,True
Test/11253.png,4,4,Speed limit 70 km/h,0.9999195337295532,True
Test/11254.png,31,31,Wild animals crossing,0.9704644083976746,True
Test/11255.png,3,3,Speed limit 60 km/h,0.9999469518661499,True
Test/11256.png,17,17,No entry,1.0,True
Test/11257.png,5,7,Speed limit 100 km/h,0.4973338842391968,False
Test/11258.png,8,8,Speed limit 120 km/h,0.9998125433921814,True
Test/11259.png,10,10,No passing for vehicles over 3.5 t,0.9999995231628418,True
Test/11260.png,9,9,No passing,1.0,True
Test/11261.png,41,41,End of no passing,0.998543381690979,True
Test/11262.png,1,1,Speed limit 30 km/h,0.9996615648269653,True
Test/11263.png,26,26,Traffic signals,0.999934196472168,True
Test/11264.png,13,13,Yield,0.9948150515556335,True
Test/11265.png,10,10,No passing for vehicles over 3.5 t,0.9899153709411621,True
Test/11266.png,20,20,Dangerous curve right,0.9464669823646545,True
Test/11267.png,10,10,No passing for vehicles over 3.5 t,0.9844904541969299,True
Test/11268.png,11,11,Right-of-way at next intersection,0.5097489356994629,True
Test/11269.png,7,5,Speed limit 80 km/h,0.609616219997406,False
Test/11270.png,8,5,Speed limit 80 km/h,0.7423291802406311,False
Test/11271.png,13,13,Yield,1.0,True
Test/11272.png,39,39,Keep left,1.0,True
Test/11273.png,25,25,Road work,1.0,True
Test/11274.png,1,1,Speed limit 30 km/h,0.9817220568656921,True
Test/11275.png,31,31,Wild animals crossing,0.9724869132041931,True
Test/11276.png,9,9,No passing,1.0,True
Test/11277.png,12,12,Priority road,1.0,True
Test/11278.png,2,2,Speed limit 50 km/h,0.9793145656585693,True
Test/11279.png,12,12,Priority road,1.0,True
Test/11280.png,4,4,Speed limit 70 km/h,0.999711811542511,True
Test/11281.png,17,17,No entry,1.0,True
Test/11282.png,31,31,Wild animals crossing,0.9974604845046997,True
Test/11283.png,9,9,No passing,0.9999856948852539,True
Test/11284.png,5,5,Speed limit 80 km/h,0.9943760633468628,True
Test/11285.png,7,7,Speed limit 100 km/h,0.9960392713546753,True
Test/11286.png,22,22,Bumpy road,0.6502993702888489,True
Test/11287.png,9,9,No passing,1.0,True
Test/11288.png,31,31,Wild animals crossing,0.7250667810440063,True
Test/11289.png,1,1,Speed limit 30 km/h,0.9823761582374573,True
Test/11290.png,7,7,Speed limit 100 km/h,0.9916045069694519,True
Test/11291.png,18,18,General caution,0.6339127421379089,True
Test/11292.png,12,12,Priority road,0.9997448325157166,True
Test/11293.png,22,22,Bumpy road,0.9999991655349731,True
Test/11294.png,13,13,Yield,1.0,True
Test/11295.png,10,10,No passing for vehicles over 3.5 t,0.9999998807907104,True
Test/11296.png,10,10,No passing for vehicles over 3.5 t,1.0,True
Test/11297.png,10,10,No passing for vehicles over 3.5 t,0.9999991655349731,True
Test/11298.png,40,40,Roundabout mandatory,0.9973374009132385,True
Test/11299.png,2,2,Speed limit 50 km/h,0.9999996423721313,True
Test/11300.png,10,10,No passing for vehicles over 3.5 t,0.9999996423721313,True
Test/11301.png,10,10,No passing for vehicles over 3.5 t,0.9999957084655762,True
Test/11302.png,7,7,Speed limit 100 km/h,0.8438431024551392,True
Test/11303.png,11,11,Right-of-way at next intersection,0.9999779462814331,True
Test/11304.png,1,1,Speed limit 30 km/h,0.9674220085144043,True
Test/11305.png,14,14,Stop,0.9999529123306274,True
Test/11306.png,10,10,No passing for vehicles over 3.5 t,0.9999637603759766,True
Test/11307.png,38,38,Keep right,1.0,True
Test/11308.png,32,32,End of all speed and passing limits,0.9405152797698975,True
Test/11309.png,7,7,Speed limit 100 km/h,0.9968829154968262,True
Test/11310.png,8,8,Speed limit 120 km/h,0.9997366070747375,True
Test/11311.png,25,25,Road work,1.0,True
Test/11312.png,11,11,Right-of-way at next intersection,0.9997314810752869,True
Test/11313.png,38,38,Keep right,0.9999953508377075,True
Test/11314.png,17,17,No entry,1.0,True
Test/11315.png,14,14,Stop,0.9999998807907104,True
Test/11316.png,10,10,No passing for vehicles over 3.5 t,0.999984622001648,True
Test/11317.png,4,4,Speed limit 70 km/h,0.9959985017776489,True
Test/11318.png,25,25,Road work,0.999935507774353,True
Test/11319.png,35,35,Ahead only,0.9990737438201904,True
Test/11320.png,12,12,Priority road,1.0,True
Test/11321.png,11,11,Right-of-way at next intersection,0.9851163029670715,True
Test/11322.png,12,12,Priority road,1.0,True
Test/11323.png,10,10,No passing for vehicles over 3.5 t,1.0,True
Test/11324.png,25,25,Road work,0.9999985694885254,True
Test/11325.png,18,18,General caution,0.9990862607955933,True
Test/11326.png,29,29,Bicycles crossing,0.9614158272743225,True
Test/11327.png,2,2,Speed limit 50 km/h,0.977811872959137,True
Test/11328.png,36,36,Go straight or right,0.9999990463256836,True
Test/11329.png,7,7,Speed limit 100 km/h,0.9556095004081726,True
Test/11330.png,38,38,Keep right,0.4984463155269623,True
Test/11331.png,5,5,Speed limit 80 km/h,0.6941407918930054,True
Test/11332.png,11,11,Right-of-way at next intersection,0.9999920129776001,True
Test/11333.png,13,13,Yield,1.0,True
Test/11334.png,13,13,Yield,1.0,True
Test/11335.png,4,4,Speed limit 70 km/h,0.9998072981834412,True
Test/11336.png,31,31,Wild animals crossing,0.7828446626663208,True
Test/11337.png,12,12,Priority road,1.0,True
Test/11338.png,5,5,Speed limit 80 km/h,0.9789133667945862,True
Test/11339.png,22,22,Bumpy road,0.9999988079071045,True
Test/11340.png,5,5,Speed limit 80 km/h,0.9981409311294556,True
Test/11341.png,24,24,Road narrows on right,0.9999501705169678,True
Test/11342.png,9,9,No passing,0.9999963045120239,True
Test/11343.png,7,7,Speed limit 100 km/h,0.9572339653968811,True
Test/11344.png,42,42,End of no passing for vehicles over 3.5 t,0.9834898710250854,True
Test/11345.png,1,1,Speed limit 30 km/h,0.999345600605011,True
Test/11346.png,3,3,Speed limit 60 km/h,0.9858137965202332,True
Test/11347.png,1,1,Speed limit 30 km/h,0.9985478520393372,True
Test/11348.png,9,9,No passing,0.9999995231628418,True
Test/11349.png,12,12,Priority road,1.0,True
Test/11350.png,36,36,Go straight or right,0.9999955892562866,True
Test/11351.png,25,29,Bicycles crossing,0.5254716873168945,False
Test/11352.png,2,2,Speed limit 50 km/h,0.9730939269065857,True
Test/11353.png,16,16,Vehicles over 3.5 t prohibited,0.9999752044677734,True
Test/11354.png,15,15,No vehicles,1.0,True
Test/11355.png,10,10,No passing for vehicles over 3.5 t,0.9999990463256836,True
Test/11356.png,38,38,Keep right,1.0,True
Test/11357.png,1,1,Speed limit 30 km/h,0.9996733665466309,True
Test/11358.png,5,5,Speed limit 80 km/h,0.9254593849182129,True
Test/11359.png,35,35,Ahead only,1.0,True
Test/11360.png,12,12,Priority road,0.9999796152114868,True
Test/11361.png,8,8,Speed limit 120 km/h,0.6914406418800354,True
Test/11362.png,24,24,Road narrows on right,0.9790608286857605,True
Test/11363.png,25,25,Road work,1.0,True
Test/11364.png,15,15,No vehicles,1.0,True
Test/11365.png,9,9,No passing,0.9999594688415527,True
Test/11366.png,27,27,Pedestrians,0.5766647458076477,True
Test/11367.png,17,17,No entry,1.0,True
Test/11368.png,5,5,Speed limit 80 km/h,0.9947869777679443,True
Test/11369.png,38,38,Keep right,0.9999517202377319,True
Test/11370.png,5,5,Speed limit 80 km/h,0.8262479305267334,True
Test/11371.png,12,12,Priority road,0.9999992847442627,True
Test/11372.png,26,26,Traffic signals,0.9999964237213135,True
Test/11373.png,5,5,Speed limit 80 km/h,0.9373553991317749,True
Test/11374.png,10,10,No passing for vehicles over 3.5 t,0.9999990463256836,True
Test/11375.png,28,28,Children crossing,0.9952930808067322,True
Test/11376.png,25,25,Road work,1.0,True
Test/11377.png,36,36,Go straight or right,0.9994207620620728,True
Test/11378.png,1,1,Speed limit 30 km/h,0.9977637529373169,True
Test/11379.png,12,12,Priority road,1.0,True
Test/11380.png,10,10,No passing for vehicles over 3.5 t,0.9999998807907104,True
Test/11381.png,14,14,Stop,0.9999991655349731,True
Test/11382.png,36,36,Go straight or right,0.9994041919708252,True
Test/11383.png,7,5,Speed limit 80 km/h,0.6657087802886963,False
Test/11384.png,34,34,Turn left ahead,1.0,True
Test/11385.png,9,9,No passing,1.0,True
Test/11386.png,12,12,Priority road,1.0,True
Test/11387.png,35,35,Ahead only,0.9989480376243591,True
Test/11388.png,1,1,Speed limit 30 km/h,0.9994094371795654,True
Test/11389.png,4,4,Speed limit 70 km/h,0.9999998807907104,True
Test/11390.png,1,1,Speed limit 30 km/h,0.9999982118606567,True
Test/11391.png,21,18,General caution,0.6356397867202759,False
Test/11392.png,25,25,Road work,0.9999997615814209,True
Test/11393.png,21,21,Double curve,0.854947030544281,True
Test/11394.png,20,20,Dangerous curve right,0.9979724287986755,True
Test/11395.png,25,25,Road work,1.0,True
Test/11396.png,11,11,Right-of-way at next intersection,0.9999955892562866,True
Test/11397.png,8,8,Speed limit 120 km/h,0.7113480567932129,True
Test/11398.png,35,35,Ahead only,1.0,True
Test/11399.png,3,3,Speed limit 60 km/h,0.9999445676803589,True
Test/11400.png,34,34,Turn left ahead,1.0,True
Test/11401.png,13,13,Yield,1.0,True
Test/11402.png,4,4,Speed limit 70 km/h,0.9960856437683105,True
Test/11403.png,18,26,Traffic signals,0.7829899787902832,False
Test/11404.png,31,31,Wild animals crossing,0.994502067565918,True
Test/11405.png,2,2,Speed limit 50 km/h,0.9989823698997498,True
Test/11406.png,12,12,Priority road,1.0,True
Test/11407.png,21,21,Double curve,0.996321439743042,True
Test/11408.png,4,4,Speed limit 70 km/h,0.999779999256134,True
Test/11409.png,25,25,Road work,0.9847502708435059,True
Test/11410.png,30,30,Beware of ice or snow,0.823302686214447,True
Test/11411.png,35,35,Ahead only,0.9972522854804993,True
Test/11412.png,10,10,No passing for vehicles over 3.5 t,0.9999291896820068,True
Test/11413.png,4,4,Speed limit 70 km/h,0.9898307919502258,True
Test/11414.png,41,41,End of no passing,0.9999960660934448,True
Test/11415.png,27,27,Pedestrians,0.377338707447052,True
Test/11416.png,4,4,Speed limit 70 km/h,0.9978365302085876,True
Test/11417.png,3,3,Speed limit 60 km/h,0.9999985694885254,True
Test/11418.png,11,11,Right-of-way at next intersection,0.9987666606903076,True
Test/11419.png,35,35,Ahead only,0.999390721321106,True
Test/11420.png,13,13,Yield,1.0,True
Test/11421.png,13,13,Yield,1.0,True
Test/11422.png,35,35,Ahead only,0.9990255832672119,True
Test/11423.png,7,7,Speed limit 100 km/h,0.9865200519561768,True
Test/11424.png,2,2,Speed limit 50 km/h,0.9999966621398926,True
Test/11425.png,38,38,Keep right,0.9995664954185486,True
Test/11426.png,10,10,No passing for vehicles over 3.5 t,0.4788755178451538,True
Test/11427.png,5,5,Speed limit 80 km/h,0.9902814626693726,True
Test/11428.png,2,1,Speed limit 30 km/h,0.9497762322425842,False
Test/11429.png,38,38,Keep right,0.9999997615814209,True
Test/11430.png,25,25,Road work,0.9330624341964722,True
Test/11431.png,24,24,Road narrows on right,0.7224602103233337,True
Test/11432.png,16,16,Vehicles over 3.5 t prohibited,1.0,True
Test/11433.png,13,13,Yield,0.9593351483345032,True
Test/11434.png,13,13,Yield,1.0,True
Test/11435.png,30,5,Speed limit 80 km/h,0.1729429066181183,False
Test/11436.png,36,36,Go straight or right,0.999658465385437,True
Test/11437.png,13,13,Yield,1.0,True
Test/11438.png,6,6,End of speed limit 80 km/h,0.6866011619567871,True
Test/11439.png,30,30,Beware of ice or snow,0.9602498412132263,True
Test/11440.png,14,14,Stop,1.0,True
Test/11441.png,9,9,No passing,0.9999980926513672,True
Test/11442.png,3,3,Speed limit 60 km/h,0.9868819117546082,True
Test/11443.png,5,5,Speed limit 80 km/h,0.9668798446655273,True
Test/11444.png,8,8,Speed limit 120 km/h,0.9998593330383301,True
Test/11445.png,5,5,Speed limit 80 km/h,0.9020214080810547,True
Test/11446.png,6,6,End of speed limit 80 km/h,0.9422963857650757,True
Test/11447.png,15,15,No vehicles,1.0,True
Test/11448.png,38,38,Keep right,1.0,True
Test/11449.png,11,21,Double curve,0.747154712677002,False
Test/11450.png,19,19,Dangerous curve left,0.9999983310699463,True
Test/11451.png,30,30,Beware of ice or snow,0.8913732171058655,True
Test/11452.png,4,4,Speed limit 70 km/h,0.9983206391334534,True
Test/11453.png,19,19,Dangerous curve left,0.9999991655349731,True
Test/11454.png,18,18,General caution,0.9398503303527832,True
Test/11455.png,31,31,Wild animals crossing,0.9851084351539612,True
Test/11456.png,14,14,Stop,0.9999994039535522,True
Test/11457.png,12,12,Priority road,0.9999216794967651,True
Test/11458.png,38,38,Keep right,0.6195195913314819,True
Test/11459.png,12,13,Yield,0.3382013738155365,False
Test/11460.png,8,8,Speed limit 120 km/h,0.9999967813491821,True
Test/11461.png,2,2,Speed limit 50 km/h,0.9901612997055054,True
Test/11462.png,2,2,Speed limit 50 km/h,0.5550984144210815,True
Test/11463.png,38,38,Keep right,1.0,True
Test/11464.png,35,35,Ahead only,0.9998681545257568,True
Test/11465.png,8,8,Speed limit 120 km/h,0.9855180978775024,True
Test/11466.png,12,12,Priority road,1.0,True
Test/11467.png,2,2,Speed limit 50 km/h,0.9652661681175232,True
Test/11468.png,31,31,Wild animals crossing,0.9949941039085388,True
Test/11469.png,10,10,No passing for vehicles over 3.5 t,0.999998927116394,True
Test/11470.png,31,31,Wild animals crossing,0.997008740901947,True
Test/11471.png,8,8,Speed limit 120 km/h,0.8700259327888489,True
Test/11472.png,1,1,Speed limit 30 km/h,0.9999924898147583,True
Test/11473.png,10,10,No passing for vehicles over 3.5 t,1.0,True
Test/11474.png,1,1,Speed limit 30 km/h,0.9997621178627014,True
Test/11475.png,10,10,No passing for vehicles over 3.5 t,0.9999971389770508,True
Test/11476.png,5,3,Speed limit 60 km/h,0.8471583127975464,False
Test/11477.png,14,14,Stop,0.9999998807907104,True
Test/11478.png,4,4,Speed limit 70 km/h,0.8460875153541565,True
Test/11479.png,36,36,Go straight or right,0.9999977350234985,True
Test/11480.png,38,38,Keep right,1.0,True
Test/11481.png,32,32,End of all speed and passing limits,0.9857715368270874,True
Test/11482.png,13,13,Yield,1.0,True
Test/11483.png,34,34,Turn left ahead,1.0,True
Test/11484.png,2,2,Speed limit 50 km/h,0.9999887943267822,True
Test/11485.png,33,33,Turn right ahead,0.9999997615814209,True
Test/11486.png,11,11,Right-of-way at next intersection,0.9999972581863403,True
Test/11487.png,3,3,Speed limit 60 km/h,0.9562731385231018,True
Test/11488.png,9,9,No passing,1.0,True
Test/11489.png,3,3,Speed limit 60 km/h,0.9998923540115356,True
Test/11490.png,2,2,Speed limit 50 km/h,0.9990606904029846,True
Test/11491.png,9,9,No passing,0.9998984336853027,True
Test/11492.png,12,12,Priority road,0.9937649965286255,True
Test/11493.png,12,12,Priority road,0.9998956918716431,True
Test/11494.png,13,13,Yield,1.0,True
Test/11495.png,30,30,Beware of ice or snow,0.9372125267982483,True
Test/11496.png,13,13,Yield,0.9999710321426392,True
Test/11497.png,41,41,End of no passing,0.9298924207687378,True
Test/11498.png,15,15,No vehicles,0.9999983310699463,True
Test/11499.png,12,12,Priority road,0.9999994039535522,True
Test/11500.png,22,22,Bumpy road,0.9990959167480469,True
Test/11501.png,2,4,Speed limit 70 km/h,0.9985332489013672,False
Test/11502.png,13,13,Yield,1.0,True
Test/11503.png,38,38,Keep right,0.968979001045227,True
Test/11504.png,29,29,Bicycles crossing,0.9988253712654114,True
Test/11505.png,2,2,Speed limit 50 km/h,1.0,True
Test/11506.png,1,1,Speed limit 30 km/h,0.9476113319396973,True
Test/11507.png,5,5,Speed limit 80 km/h,0.9805163741111755,True
Test/11508.png,8,5,Speed limit 80 km/h,0.42830291390419006,False
Test/11509.png,38,38,Keep right,1.0,True
Test/11510.png,39,39,Keep left,1.0,True
Test/11511.png,31,31,Wild animals crossing,0.9929174184799194,True
Test/11512.png,20,20,Dangerous curve right,0.9171512126922607,True
Test/11513.png,1,1,Speed limit 30 km/h,0.9992940425872803,True
Test/11514.png,10,10,No passing for vehicles over 3.5 t,1.0,True
Test/11515.png,35,35,Ahead only,0.973616898059845,True
Test/11516.png,19,19,Dangerous curve left,0.9999998807907104,True
Test/11517.png,5,5,Speed limit 80 km/h,0.9974789023399353,True
Test/11518.png,37,37,Go straight or left,0.7768651247024536,True
Test/11519.png,38,38,Keep right,1.0,True
Test/11520.png,1,2,Speed limit 50 km/h,0.5957387685775757,False
Test/11521.png,17,17,No entry,1.0,True
Test/11522.png,4,4,Speed limit 70 km/h,0.9996819496154785,True
Test/11523.png,38,38,Keep right,1.0,True
Test/11524.png,8,8,Speed limit 120 km/h,0.9999932050704956,True
Test/11525.png,25,25,Road work,0.9999994039535522,True
Test/11526.png,9,9,No passing,1.0,True
Test/11527.png,33,33,Turn right ahead,1.0,True
Test/11528.png,1,1,Speed limit 30 km/h,0.5536105632781982,True
Test/11529.png,18,18,General caution,0.7451649904251099,True
Test/11530.png,18,18,General caution,0.9740332365036011,True
Test/11531.png,24,24,Road narrows on right,0.9866523146629333,True
Test/11532.png,11,11,Right-of-way at next intersection,0.9999924898147583,True
Test/11533.png,4,4,Speed limit 70 km/h,0.9788116812705994,True
Test/11534.png,7,7,Speed limit 100 km/h,0.9991487264633179,True
Test/11535.png,13,13,Yield,1.0,True
Test/11536.png,20,20,Dangerous curve right,0.9049054384231567,True
Test/11537.png,1,1,Speed limit 30 km/h,0.9577493667602539,True
Test/11538.png,38,38,Keep right,1.0,True
Test/11539.png,5,5,Speed limit 80 km/h,0.9728038311004639,True
Test/11540.png,12,12,Priority road,0.9971904158592224,True
Test/11541.png,26,26,Traffic signals,0.9999983310699463,True
Test/11542.png,13,13,Yield,1.0,True
Test/11543.png,12,4,Speed limit 70 km/h,0.9650999307632446,False
Test/11544.png,33,33,Turn right ahead,0.9999994039535522,True
Test/11545.png,18,18,General caution,0.5263431668281555,True
Test/11546.png,2,1,Speed limit 30 km/h,0.6744552850723267,False
Test/11547.png,37,37,Go straight or left,0.9976796507835388,True
Test/11548.png,26,26,Traffic signals,0.9998565912246704,True
Test/11549.png,11,11,Right-of-way at next intersection,0.9998575448989868,True
Test/11550.png,10,10,No passing for vehicles over 3.5 t,0.9999980926513672,True
Test/11551.png,2,2,Speed limit 50 km/h,0.9995007514953613,True
Test/11552.png,38,38,Keep right,1.0,True
Test/11553.png,38,38,Keep right,0.9999994039535522,True
Test/11554.png,17,17,No entry,1.0,True
Test/11555.png,10,10,No passing for vehicles over 3.5 t,0.9982669353485107,True
Test/11556.png,8,8,Speed limit 120 km/h,0.90342116355896,True
Test/11557.png,5,5,Speed limit 80 km/h,0.9997269511222839,True
Test/11558.png,12,12,Priority road,1.0,True
Test/11559.png,8,8,Speed limit 120 km/h,0.8996433019638062,True
Test/11560.png,13,13,Yield,1.0,True
Test/11561.png,14,14,Stop,1.0,True
Test/11562.png,5,5,Speed limit 80 km/h,0.9895777702331543,True
Test/11563.png,31,31,Wild animals crossing,0.5367962121963501,True
Test/11564.png,30,25,Road work,0.4313737154006958,False
Test/11565.png,13,13,Yield,1.0,True
Test/11566.png,9,9,No passing,0.9667750000953674,True
Test/11567.png,17,17,No entry,1.0,True
Test/11568.png,31,31,Wild animals crossing,0.9904149770736694,True
Test/11569.png,5,5,Speed limit 80 km/h,0.958433985710144,True
Test/11570.png,15,15,No vehicles,1.0,True
Test/11571.png,33,33,Turn right ahead,0.9993758797645569,True
Test/11572.png,8,8,Speed limit 120 km/h,0.9994620680809021,True
Test/11573.png,4,4,Speed limit 70 km/h,0.9998717308044434,True
Test/11574.png,9,9,No passing,1.0,True
Test/11575.png,18,18,General caution,0.9307851195335388,True
Test/11576.png,5,5,Speed limit 80 km/h,0.9724466800689697,True
Test/11577.png,5,5,Speed limit 80 km/h,0.990603506565094,True
Test/11578.png,2,2,Speed limit 50 km/h,0.9997761845588684,True
Test/11579.png,4,4,Speed limit 70 km/h,0.9987201690673828,True
Test/11580.png,22,22,Bumpy road,0.9958001971244812,True
Test/11581.png,13,13,Yield,0.9999991655349731,True
Test/11582.png,9,9,No passing,0.9956098198890686,True
Test/11583.png,26,26,Traffic signals,0.9999995231628418,True
Test/11584.png,4,4,Speed limit 70 km/h,0.9919766783714294,True
Test/11585.png,1,1,Speed limit 30 km/h,0.947931706905365,True
Test/11586.png,16,16,Vehicles over 3.5 t prohibited,0.9999997615814209,True
Test/11587.png,13,13,Yield,1.0,True
Test/11588.png,1,1,Speed limit 30 km/h,0.9987534284591675,True
Test/11589.png,4,7,Speed limit 100 km/h,0.5830546021461487,False
Test/11590.png,9,9,No passing,0.9964889287948608,True
Test/11591.png,10,10,No passing for vehicles over 3.5 t,0.9999998807907104,True
Test/11592.png,14,14,Stop,1.0,True
Test/11593.png,18,27,Pedestrians,0.5874525308609009,False
Test/11594.png,2,2,Speed limit 50 km/h,0.9710468649864197,True
Test/11595.png,28,28,Children crossing,0.9774841666221619,True
Test/11596.png,5,5,Speed limit 80 km/h,0.8828425407409668,True
Test/11597.png,1,1,Speed limit 30 km/h,0.9708427786827087,True
Test/11598.png,5,5,Speed limit 80 km/h,0.7998220324516296,True
Test/11599.png,21,21,Double curve,0.9895734190940857,True
Test/11600.png,8,1,Speed limit 30 km/h,0.7710549831390381,False
Test/11601.png,4,4,Speed limit 70 km/h,1.0,True
Test/11602.png,10,10,No passing for vehicles over 3.5 t,0.9999997615814209,True
Test/11603.png,2,2,Speed limit 50 km/h,0.9999973773956299,True
Test/11604.png,16,16,Vehicles over 3.5 t prohibited,1.0,True
Test/11605.png,13,13,Yield,1.0,True
Test/11606.png,7,7,Speed limit 100 km/h,0.9659218192100525,True
Test/11607.png,1,1,Speed limit 30 km/h,0.9932229518890381,True
Test/11608.png,7,5,Speed limit 80 km/h,0.8827196359634399,False
Test/11609.png,35,35,Ahead only,0.9990166425704956,True
Test/11610.png,7,7,Speed limit 100 km/h,0.8519750237464905,True
Test/11611.png,4,1,Speed limit 30 km/h,0.539024293422699,False
Test/11612.png,17,17,No entry,1.0,True
Test/11613.png,1,1,Speed limit 30 km/h,0.9931787252426147,True
Test/11614.png,14,14,Stop,1.0,True
Test/11615.png,13,13,Yield,1.0,True
Test/11616.png,38,38,Keep right,1.0,True
Test/11617.png,30,29,Bicycles crossing,0.8144176602363586,False
Test/11618.png,7,7,Speed limit 100 km/h,0.9998341798782349,True
Test/11619.png,8,8,Speed limit 120 km/h,0.8421695828437805,True
Test/11620.png,4,8,Speed limit 120 km/h,0.9380924105644226,False
Test/11621.png,1,1,Speed limit 30 km/h,0.9264580607414246,True
Test/11622.png,4,4,Speed limit 70 km/h,0.9923887848854065,True
Test/11623.png,25,25,Road work,0.9999861717224121,True
Test/11624.png,12,12,Priority road,1.0,True
Test/11625.png,26,26,Traffic signals,0.9961955547332764,True
Test/11626.png,4,4,Speed limit 70 km/h,0.999004065990448,True
Test/11627.png,13,13,Yield,1.0,True
Test/11628.png,35,35,Ahead only,0.9990928173065186,True
Test/11629.png,7,7,Speed limit 100 km/h,0.9434937834739685,True
Test/11630.png,8,8,Speed limit 120 km/h,0.9997493624687195,True
Test/11631.png,7,7,Speed limit 100 km/h,0.9543914198875427,True
Test/11632.png,2,2,Speed limit 50 km/h,0.7057380080223083,True
Test/11633.png,38,38,Keep right,0.9999511241912842,True
Test/11634.png,30,30,Beware of ice or snow,0.9920591115951538,True
Test/11635.png,10,10,No passing for vehicles over 3.5 t,1.0,True
Test/11636.png,2,2,Speed limit 50 km/h,0.9976261258125305,True
Test/11637.png,3,3,Speed limit 60 km/h,0.9997650980949402,True
Test/11638.png,13,13,Yield,1.0,True
Test/11639.png,33,33,Turn right ahead,0.9999997615814209,True
Test/11640.png,6,6,End of speed limit 80 km/h,0.9978014826774597,True
Test/11641.png,15,15,No vehicles,1.0,True
Test/11642.png,16,16,Vehicles over 3.5 t prohibited,0.99994957447052,True
Test/11643.png,18,25,Road work,0.46183446049690247,False
Test/11644.png,10,10,No passing for vehicles over 3.5 t,0.9999995231628418,True
Test/11645.png,26,26,Traffic signals,0.9999732971191406,True
Test/11646.png,38,38,Keep right,0.7766832113265991,True
Test/11647.png,24,24,Road narrows on right,0.9344074130058289,True
Test/11648.png,15,15,No vehicles,0.9996380805969238,True
Test/11649.png,11,11,Right-of-way at next intersection,0.9999992847442627,True
Test/11650.png,3,42,End of no passing for vehicles over 3.5 t,0.6718668341636658,False
Test/11651.png,14,14,Stop,1.0,True
Test/11652.png,6,6,End of speed limit 80 km/h,0.8692172765731812,True
Test/11653.png,14,14,Stop,0.9999998807907104,True
Test/11654.png,11,11,Right-of-way at next intersection,0.9999780654907227,True
Test/11655.png,24,24,Road narrows on right,0.9999897480010986,True
Test/11656.png,28,28,Children crossing,0.9748353362083435,True
Test/11657.png,1,1,Speed limit 30 km/h,0.9998915195465088,True
Test/11658.png,42,42,End of no passing for vehicles over 3.5 t,0.9990482926368713,True
Test/11659.png,5,3,Speed limit 60 km/h,0.9083333015441895,False
Test/11660.png,25,25,Road work,0.9999969005584717,True
Test/11661.png,23,23,Slippery road,0.9994020462036133,True
Test/11662.png,37,37,Go straight or left,0.995594322681427,True
Test/11663.png,7,7,Speed limit 100 km/h,0.9112407565116882,True
Test/11664.png,14,14,Stop,0.9999959468841553,True
Test/11665.png,13,13,Yield,1.0,True
Test/11666.png,25,25,Road work,0.9999665021896362,True
Test/11667.png,9,9,No passing,1.0,True
Test/11668.png,38,38,Keep right,0.9999998807907104,True
Test/11669.png,2,2,Speed limit 50 km/h,0.9993002414703369,True
Test/11670.png,11,11,Right-of-way at next intersection,0.940841019153595,True
Test/11671.png,4,4,Speed limit 70 km/h,0.9816133975982666,True
Test/11672.png,1,1,Speed limit 30 km/h,0.9982165694236755,True
Test/11673.png,2,2,Speed limit 50 km/h,0.9450763463973999,True
Test/11674.png,10,10,No passing for vehicles over 3.5 t,0.9999958276748657,True
Test/11675.png,3,3,Speed limit 60 km/h,0.9010536074638367,True
Test/11676.png,3,3,Speed limit 60 km/h,0.9992204904556274,True
Test/11677.png,14,14,Stop,0.9999997615814209,True
Test/11678.png,38,38,Keep right,0.9792567491531372,True
Test/11679.png,36,36,Go straight or right,0.9977082014083862,True
Test/11680.png,24,24,Road narrows on right,0.99103844165802,True
Test/11681.png,12,12,Priority road,1.0,True
Test/11682.png,7,7,Speed limit 100 km/h,0.9999926090240479,True
Test/11683.png,5,5,Speed limit 80 km/h,0.9621683359146118,True
Test/11684.png,7,7,Speed limit 100 km/h,0.9900897741317749,True
Test/11685.png,2,2,Speed limit 50 km/h,0.999812662601471,True
Test/11686.png,17,17,No entry,1.0,True
Test/11687.png,25,25,Road work,0.9999998807907104,True
Test/11688.png,36,36,Go straight or right,0.9996702671051025,True
Test/11689.png,13,13,Yield,1.0,True
Test/11690.png,25,25,Road work,1.0,True
Test/11691.png,3,5,Speed limit 80 km/h,0.6767083406448364,False
Test/11692.png,3,3,Speed limit 60 km/h,0.9999691247940063,True
Test/11693.png,1,1,Speed limit 30 km/h,0.99969482421875,True
Test/11694.png,9,9,No passing,1.0,True
Test/11695.png,18,18,General caution,0.7932958006858826,True
Test/11696.png,1,1,Speed limit 30 km/h,0.9998406171798706,True
Test/11697.png,18,18,General caution,0.4740771949291229,True
Test/11698.png,31,31,Wild animals crossing,0.4531382620334625,True
Test/11699.png,10,10,No passing for vehicles over 3.5 t,1.0,True
Test/11700.png,10,10,No passing for vehicles over 3.5 t,0.9999634027481079,True
Test/11701.png,7,7,Speed limit 100 km/h,0.9973896145820618,True
Test/11702.png,24,24,Road narrows on right,0.9970090985298157,True
Test/11703.png,13,13,Yield,1.0,True
Test/11704.png,35,35,Ahead only,0.999521017074585,True
Test/11705.png,33,33,Turn right ahead,0.9998857975006104,True
Test/11706.png,13,13,Yield,1.0,True
Test/11707.png,14,14,Stop,1.0,True
Test/11708.png,3,3,Speed limit 60 km/h,0.9997043013572693,True
Test/11709.png,30,29,Bicycles crossing,0.8330958485603333,False
Test/11710.png,33,33,Turn right ahead,0.999885082244873,True
Test/11711.png,5,5,Speed limit 80 km/h,0.9996551275253296,True
Test/11712.png,5,5,Speed limit 80 km/h,0.999066174030304,True
Test/11713.png,8,8,Speed limit 120 km/h,0.9894333481788635,True
Test/11714.png,34,34,Turn left ahead,1.0,True
Test/11715.png,35,35,Ahead only,0.9912949204444885,True
Test/11716.png,38,38,Keep right,0.9999995231628418,True
Test/11717.png,26,26,Traffic signals,0.9999949932098389,True
Test/11718.png,0,1,Speed limit 30 km/h,0.5712467432022095,False
Test/11719.png,2,2,Speed limit 50 km/h,0.802044153213501,True
Test/11720.png,31,31,Wild animals crossing,0.9880286455154419,True
Test/11721.png,25,25,Road work,0.996273398399353,True
Test/11722.png,31,31,Wild animals crossing,0.9944663643836975,True
Test/11723.png,16,16,Vehicles over 3.5 t prohibited,1.0,True
Test/11724.png,3,3,Speed limit 60 km/h,0.985218346118927,True
Test/11725.png,23,23,Slippery road,0.7543973326683044,True
Test/11726.png,29,29,Bicycles crossing,0.9987356066703796,True
Test/11727.png,33,33,Turn right ahead,0.9999890327453613,True
Test/11728.png,35,35,Ahead only,0.7730077505111694,True
Test/11729.png,12,12,Priority road,1.0,True
Test/11730.png,17,7,Speed limit 100 km/h,0.2676388919353485,False
Test/11731.png,11,11,Right-of-way at next intersection,0.9993082284927368,True
Test/11732.png,10,10,No passing for vehicles over 3.5 t,0.9999992847442627,True
Test/11733.png,10,10,No passing for vehicles over 3.5 t,1.0,True
Test/11734.png,35,35,Ahead only,0.9729143977165222,True
Test/11735.png,15,15,No vehicles,0.9999978542327881,True
Test/11736.png,23,23,Slippery road,0.9416003227233887,True
Test/11737.png,13,13,Yield,1.0,True
Test/11738.png,40,40,Roundabout mandatory,0.9935340881347656,True
Test/11739.png,7,7,Speed limit 100 km/h,0.9947130084037781,True
Test/11740.png,8,8,Speed limit 120 km/h,0.9955494403839111,True
Test/11741.png,34,34,Turn left ahead,0.9807553887367249,True
Test/11742.png,8,8,Speed limit 120 km/h,0.9868496656417847,True
Test/11743.png,4,4,Speed limit 70 km/h,0.9993257522583008,True
Test/11744.png,38,38,Keep right,0.9999998807907104,True
Test/11745.png,6,6,End of speed limit 80 km/h,0.9994207620620728,True
Test/11746.png,30,30,Beware of ice or snow,0.8820333480834961,True
Test/11747.png,14,14,Stop,0.9999939203262329,True
Test/11748.png,12,12,Priority road,1.0,True
Test/11749.png,13,13,Yield,1.0,True
Test/11750.png,5,5,Speed limit 80 km/h,0.874678373336792,True
Test/11751.png,34,34,Turn left ahead,1.0,True
Test/11752.png,8,8,Speed limit 120 km/h,0.8684282898902893,True
Test/11753.png,3,3,Speed limit 60 km/h,0.9979504942893982,True
Test/11754.png,13,13,Yield,1.0,True
Test/11755.png,22,22,Bumpy road,0.9875708818435669,True
Test/11756.png,12,4,Speed limit 70 km/h,0.9639993906021118,False
Test/11757.png,31,31,Wild animals crossing,0.8296895027160645,True
Test/11758.png,1,1,Speed limit 30 km/h,0.9739916324615479,True
Test/11759.png,21,21,Double curve,0.9999076128005981,True
Test/11760.png,18,18,General caution,0.9975157976150513,True
Test/11761.png,3,3,Speed limit 60 km/h,0.9635195136070251,True
Test/11762.png,25,25,Road work,0.9999997615814209,True
Test/11763.png,23,23,Slippery road,0.9999953508377075,True
Test/11764.png,7,7,Speed limit 100 km/h,0.9973766803741455,True
Test/11765.png,39,39,Keep left,1.0,True
Test/11766.png,3,3,Speed limit 60 km/h,0.7645522356033325,True
Test/11767.png,5,3,Speed limit 60 km/h,0.804047703742981,False
Test/11768.png,20,20,Dangerous curve right,0.9062126278877258,True
Test/11769.png,12,12,Priority road,1.0,True
Test/11770.png,16,16,Vehicles over 3.5 t prohibited,1.0,True
Test/11771.png,0,0,Speed limit 20 km/h,0.7171949744224548,True
Test/11772.png,1,1,Speed limit 30 km/h,0.994478702545166,True
Test/11773.png,6,6,End of speed limit 80 km/h,0.9828831553459167,True
Test/11774.png,4,4,Speed limit 70 km/h,0.9937186241149902,True
Test/11775.png,35,35,Ahead only,0.9999202489852905,True
Test/11776.png,35,35,Ahead only,1.0,True
Test/11777.png,38,38,Keep right,1.0,True
Test/11778.png,3,3,Speed limit 60 km/h,0.9913960099220276,True
Test/11779.png,3,3,Speed limit 60 km/h,0.9054772853851318,True
Test/11780.png,36,36,Go straight or right,0.9998428821563721,True
Test/11781.png,6,6,End of speed limit 80 km/h,0.9983307719230652,True
Test/11782.png,17,17,No entry,1.0,True
Test/11783.png,7,5,Speed limit 80 km/h,0.7692327499389648,False
Test/11784.png,13,13,Yield,1.0,True
Test/11785.png,38,38,Keep right,1.0,True
Test/11786.png,35,35,Ahead only,0.996981680393219,True
Test/11787.png,12,12,Priority road,1.0,True
Test/11788.png,21,21,Double curve,0.9999982118606567,True
Test/11789.png,11,11,Right-of-way at next intersection,0.8782651424407959,True
Test/11790.png,0,0,Speed limit 20 km/h,0.5756598114967346,True
Test/11791.png,8,8,Speed limit 120 km/h,0.9950131773948669,True
Test/11792.png,8,8,Speed limit 120 km/h,0.9965896606445312,True
Test/11793.png,9,9,No passing,0.9156551361083984,True
Test/11794.png,1,1,Speed limit 30 km/h,0.9355012774467468,True
Test/11795.png,2,2,Speed limit 50 km/h,0.9999872446060181,True
Test/11796.png,17,17,No entry,1.0,True
Test/11797.png,38,38,Keep right,0.8185365200042725,True
Test/11798.png,3,3,Speed limit 60 km/h,0.9991573095321655,True
Test/11799.png,13,13,Yield,1.0,True
Test/11800.png,5,5,Speed limit 80 km/h,0.9816059470176697,True
Test/11801.png,11,11,Right-of-way at next intersection,0.9999980926513672,True
Test/11802.png,13,13,Yield,1.0,True
Test/11803.png,4,4,Speed limit 70 km/h,0.9881435036659241,True
Test/11804.png,0,1,Speed limit 30 km/h,0.6652392148971558,False
Test/11805.png,2,2,Speed limit 50 km/h,0.9998687505722046,True
Test/11806.png,8,8,Speed limit 120 km/h,0.9992881417274475,True
Test/11807.png,4,4,Speed limit 70 km/h,0.9998282194137573,True
Test/11808.png,19,19,Dangerous curve left,0.9907135963439941,True
Test/11809.png,18,18,General caution,0.9818916916847229,True
Test/11810.png,33,33,Turn right ahead,0.9917479753494263,True
Test/11811.png,1,1,Speed limit 30 km/h,0.9999476671218872,True
Test/11812.png,0,1,Speed limit 30 km/h,0.9142444729804993,False
Test/11813.png,39,39,Keep left,0.999992847442627,True
Test/11814.png,8,8,Speed limit 120 km/h,0.9979846477508545,True
Test/11815.png,10,10,No passing for vehicles over 3.5 t,0.9999924898147583,True
Test/11816.png,10,10,No passing for vehicles over 3.5 t,1.0,True
Test/11817.png,21,18,General caution,0.9401487708091736,False
Test/11818.png,10,10,No passing for vehicles over 3.5 t,0.9999995231628418,True
Test/11819.png,5,5,Speed limit 80 km/h,0.8666633367538452,True
Test/11820.png,25,22,Bumpy road,0.5207648873329163,False
Test/11821.png,18,18,General caution,0.7259217500686646,True
Test/11822.png,5,5,Speed limit 80 km/h,0.9672243595123291,True
Test/11823.png,13,13,Yield,1.0,True
Test/11824.png,17,17,No entry,1.0,True
Test/11825.png,26,26,Traffic signals,0.9448531866073608,True
Test/11826.png,9,9,No passing,0.9987109899520874,True
Test/11827.png,33,33,Turn right ahead,0.9999943971633911,True
Test/11828.png,2,2,Speed limit 50 km/h,0.8210834264755249,True
Test/11829.png,1,1,Speed limit 30 km/h,0.909518837928772,True
Test/11830.png,30,30,Beware of ice or snow,0.9442977905273438,True
Test/11831.png,12,12,Priority road,0.9988186955451965,True
Test/11832.png,31,31,Wild animals crossing,0.9809602499008179,True
Test/11833.png,40,40,Roundabout mandatory,0.9475874304771423,True
Test/11834.png,18,18,General caution,0.9858207702636719,True
Test/11835.png,4,8,Speed limit 120 km/h,0.915121853351593,False
Test/11836.png,7,7,Speed limit 100 km/h,0.9994768500328064,True
Test/11837.png,18,18,General caution,0.9730209112167358,True
Test/11838.png,9,9,No passing,1.0,True
Test/11839.png,1,1,Speed limit 30 km/h,0.999503493309021,True
Test/11840.png,5,5,Speed limit 80 km/h,0.9992592930793762,True
Test/11841.png,31,31,Wild animals crossing,0.996760904788971,True
Test/11842.png,42,6,End of speed limit 80 km/h,0.5747939944267273,False
Test/11843.png,1,1,Speed limit 30 km/h,0.9999446868896484,True
Test/11844.png,9,9,No passing,0.9999401569366455,True
Test/11845.png,9,9,No passing,0.9964996576309204,True
Test/11846.png,15,15,No vehicles,0.9999998807907104,True
Test/11847.png,33,33,Turn right ahead,0.9999985694885254,True
Test/11848.png,33,33,Turn right ahead,1.0,True
Test/11849.png,5,5,Speed limit 80 km/h,0.9813597202301025,True
Test/11850.png,17,17,No entry,0.9996242523193359,True
Test/11851.png,27,27,Pedestrians,0.9858254790306091,True
Test/11852.png,12,12,Priority road,1.0,True
Test/11853.png,25,25,Road work,0.9999991655349731,True
Test/11854.png,2,2,Speed limit 50 km/h,0.9999387264251709,True
Test/11855.png,38,38,Keep right,0.9999998807907104,True
Test/11856.png,9,9,No passing,0.9999997615814209,True
Test/11857.png,40,40,Roundabout mandatory,0.9999406337738037,True
Test/11858.png,33,33,Turn right ahead,1.0,True
Test/11859.png,9,9,No passing,0.9989270567893982,True
Test/11860.png,35,35,Ahead only,0.9975329637527466,True
Test/11861.png,9,9,No passing,0.9999973773956299,True
Test/11862.png,12,12,Priority road,1.0,True
Test/11863.png,11,11,Right-of-way at next intersection,1.0,True
Test/11864.png,1,1,Speed limit 30 km/h,0.9978482723236084,True
Test/11865.png,4,4,Speed limit 70 km/h,0.9973885416984558,True
Test/11866.png,21,23,Slippery road,0.4298217296600342,False
Test/11867.png,34,34,Turn left ahead,1.0,True
Test/11868.png,5,5,Speed limit 80 km/h,0.6597608923912048,True
Test/11869.png,2,2,Speed limit 50 km/h,1.0,True
Test/11870.png,18,18,General caution,0.5515217781066895,True
Test/11871.png,9,9,No passing,0.6956855058670044,True
Test/11872.png,35,35,Ahead only,0.41539397835731506,True
Test/11873.png,0,0,Speed limit 20 km/h,0.731676459312439,True
Test/11874.png,18,18,General caution,0.7144739627838135,True
Test/11875.png,2,2,Speed limit 50 km/h,0.9999911785125732,True
Test/11876.png,5,5,Speed limit 80 km/h,0.9998107552528381,True
Test/11877.png,26,26,Traffic signals,0.9836162328720093,True
Test/11878.png,10,10,No passing for vehicles over 3.5 t,0.9999263286590576,True
Test/11879.png,13,13,Yield,1.0,True
Test/11880.png,10,10,No passing for vehicles over 3.5 t,1.0,True
Test/11881.png,4,4,Speed limit 70 km/h,0.9992221593856812,True
Test/11882.png,8,8,Speed limit 120 km/h,0.999796450138092,True
Test/11883.png,26,26,Traffic signals,0.9999972581863403,True
Test/11884.png,2,2,Speed limit 50 km/h,0.9996404647827148,True
Test/11885.png,9,9,No passing,0.9999998807907104,True
Test/11886.png,10,10,No passing for vehicles over 3.5 t,1.0,True
Test/11887.png,3,3,Speed limit 60 km/h,0.999743640422821,True
Test/11888.png,25,25,Road work,1.0,True
Test/11889.png,41,41,End of no passing,0.9959290623664856,True
Test/11890.png,16,16,Vehicles over 3.5 t prohibited,0.9999998807907104,True
Test/11891.png,8,8,Speed limit 120 km/h,0.985882043838501,True
Test/11892.png,14,14,Stop,0.9999995231628418,True
Test/11893.png,7,7,Speed limit 100 km/h,0.9591543078422546,True
Test/11894.png,10,10,No passing for vehicles over 3.5 t,0.9999998807907104,True
Test/11895.png,23,23,Slippery road,0.45796868205070496,True
Test/11896.png,13,13,Yield,1.0,True
Test/11897.png,9,9,No passing,1.0,True
Test/11898.png,12,12,Priority road,0.9999599456787109,True
Test/11899.png,12,12,Priority road,1.0,True
Test/11900.png,8,8,Speed limit 120 km/h,0.9989570379257202,True
Test/11901.png,38,38,Keep right,0.9997565150260925,True
Test/11902.png,15,15,No vehicles,1.0,True
Test/11903.png,9,9,No passing,1.0,True
Test/11904.png,30,30,Beware of ice or snow,0.7220672965049744,True
Test/11905.png,38,38,Keep right,0.9998725652694702,True
Test/11906.png,14,14,Stop,0.9999732971191406,True
Test/11907.png,1,1,Speed limit 30 km/h,0.999306321144104,True
Test/11908.png,25,25,Road work,1.0,True
Test/11909.png,1,1,Speed limit 30 km/h,0.9999871253967285,True
Test/11910.png,20,20,Dangerous curve right,0.9995829463005066,True
Test/11911.png,9,9,No passing,0.9981226325035095,True
Test/11912.png,26,26,Traffic signals,1.0,True
Test/11913.png,23,23,Slippery road,0.8922200202941895,True
Test/11914.png,2,2,Speed limit 50 km/h,0.999849796295166,True
Test/11915.png,38,38,Keep right,0.9999887943267822,True
Test/11916.png,12,12,Priority road,1.0,True
Test/11917.png,3,3,Speed limit 60 km/h,0.9777622818946838,True
Test/11918.png,20,20,Dangerous curve right,0.8044769167900085,True
Test/11919.png,12,12,Priority road,1.0,True
Test/11920.png,13,13,Yield,1.0,True
Test/11921.png,38,38,Keep right,0.9977218508720398,True
Test/11922.png,10,10,No passing for vehicles over 3.5 t,1.0,True
Test/11923.png,22,22,Bumpy road,0.9999926090240479,True
Test/11924.png,3,3,Speed limit 60 km/h,0.9696952700614929,True
Test/11925.png,30,30,Beware of ice or snow,0.9043040871620178,True
Test/11926.png,35,35,Ahead only,1.0,True
Test/11927.png,17,17,No entry,1.0,True
Test/11928.png,11,11,Right-of-way at next intersection,0.9999301433563232,True
Test/11929.png,18,18,General caution,0.9940787553787231,True
Test/11930.png,4,4,Speed limit 70 km/h,0.9973216652870178,True
Test/11931.png,33,33,Turn right ahead,0.9999879598617554,True
Test/11932.png,17,17,No entry,0.9996452331542969,True
Test/11933.png,9,9,No passing,0.9998840093612671,True
Test/11934.png,9,9,No passing,1.0,True
Test/11935.png,25,25,Road work,0.9266915321350098,True
Test/11936.png,36,36,Go straight or right,0.9998258948326111,True
Test/11937.png,6,6,End of speed limit 80 km/h,0.801519513130188,True
Test/11938.png,3,3,Speed limit 60 km/h,0.9915794134140015,True
Test/11939.png,13,13,Yield,1.0,True
Test/11940.png,29,29,Bicycles crossing,0.9489485025405884,True
Test/11941.png,5,5,Speed limit 80 km/h,0.9990509152412415,True
Test/11942.png,7,7,Speed limit 100 km/h,0.9883445501327515,True
Test/11943.png,4,4,Speed limit 70 km/h,0.9935833811759949,True
Test/11944.png,4,4,Speed limit 70 km/h,0.9945586323738098,True
Test/11945.png,2,2,Speed limit 50 km/h,0.9997349381446838,True
Test/11946.png,38,38,Keep right,0.9999995231628418,True
Test/11947.png,20,20,Dangerous curve right,0.9986829161643982,True
Test/11948.png,4,4,Speed limit 70 km/h,0.9999997615814209,True
Test/11949.png,8,8,Speed limit 120 km/h,0.9955607652664185,True
Test/11950.png,22,22,Bumpy road,0.9940855503082275,True
Test/11951.png,3,3,Speed limit 60 km/h,0.9524166584014893,True
Test/11952.png,3,3,Speed limit 60 km/h,0.9999531507492065,True
Test/11953.png,8,8,Speed limit 120 km/h,0.975760281085968,True
Test/11954.png,14,14,Stop,0.9999347925186157,True
Test/11955.png,4,4,Speed limit 70 km/h,0.9930562376976013,True
Test/11956.png,7,3,Speed limit 60 km/h,0.985065758228302,False
Test/11957.png,18,18,General caution,0.9840197563171387,True
Test/11958.png,28,28,Children crossing,0.9996445178985596,True
Test/11959.png,13,13,Yield,1.0,True
Test/11960.png,18,18,General caution,0.9837409257888794,True
Test/11961.png,1,1,Speed limit 30 km/h,0.9989124536514282,True
Test/11962.png,34,34,Turn left ahead,0.9999904632568359,True
Test/11963.png,25,25,Road work,1.0,True
Test/11964.png,7,3,Speed limit 60 km/h,0.628596842288971,False
Test/11965.png,4,4,Speed limit 70 km/h,0.9964435696601868,True
Test/11966.png,16,16,Vehicles over 3.5 t prohibited,0.9883258938789368,True
Test/11967.png,11,11,Right-of-way at next intersection,0.6677227020263672,True
Test/11968.png,38,38,Keep right,0.963645339012146,True
Test/11969.png,10,10,No passing for vehicles over 3.5 t,1.0,True
Test/11970.png,2,2,Speed limit 50 km/h,0.9991188645362854,True
Test/11971.png,22,22,Bumpy road,0.9997051358222961,True
Test/11972.png,2,2,Speed limit 50 km/h,0.9929673671722412,True
Test/11973.png,8,8,Speed limit 120 km/h,0.9943285584449768,True
Test/11974.png,8,8,Speed limit 120 km/h,0.9947656393051147,True
Test/11975.png,38,38,Keep right,0.9986845850944519,True
Test/11976.png,22,22,Bumpy road,0.5222816467285156,True
Test/11977.png,25,25,Road work,0.9999680519104004,True
Test/11978.png,38,38,Keep right,0.9997026324272156,True
Test/11979.png,17,17,No entry,1.0,True
Test/11980.png,8,4,Speed limit 70 km/h,0.5368706583976746,False
Test/11981.png,38,38,Keep right,1.0,True
Test/11982.png,1,1,Speed limit 30 km/h,0.9879695177078247,True
Test/11983.png,2,2,Speed limit 50 km/h,0.998485267162323,True
Test/11984.png,6,6,End of speed limit 80 km/h,0.715895414352417,True
Test/11985.png,7,8,Speed limit 120 km/h,0.42867013812065125,False
Test/11986.png,18,18,General caution,0.8822217583656311,True
Test/11987.png,9,9,No passing,0.9999998807907104,True
Test/11988.png,3,3,Speed limit 60 km/h,0.9999873638153076,True
Test/11989.png,10,10,No passing for vehicles over 3.5 t,1.0,True
Test/11990.png,11,21,Double curve,0.46158096194267273,False
Test/11991.png,8,8,Speed limit 120 km/h,0.998935878276825,True
Test/11992.png,31,31,Wild animals crossing,0.9944772124290466,True
Test/11993.png,11,11,Right-of-way at next intersection,0.9999973773956299,True
Test/11994.png,9,9,No passing,0.9999872446060181,True
Test/11995.png,16,16,Vehicles over 3.5 t prohibited,1.0,True
Test/11996.png,17,17,No entry,1.0,True
Test/11997.png,8,8,Speed limit 120 km/h,0.9982226490974426,True
Test/11998.png,8,8,Speed limit 120 km/h,0.9994675517082214,True
Test/11999.png,23,23,Slippery road,0.3658413290977478,True
Test/12000.png,2,2,Speed limit 50 km/h,0.9742404818534851,True
Test/12001.png,3,3,Speed limit 60 km/h,0.9999926090240479,True
Test/12002.png,2,2,Speed limit 50 km/h,0.9416988492012024,True
Test/12003.png,5,5,Speed limit 80 km/h,0.9969233870506287,True
Test/12004.png,2,2,Speed limit 50 km/h,0.533257782459259,True
Test/12005.png,5,3,Speed limit 60 km/h,0.5009757280349731,False
Test/12006.png,22,22,Bumpy road,0.5640565752983093,True
Test/12007.png,38,38,Keep right,0.9999997615814209,True
Test/12008.png,22,28,Children crossing,0.2620450258255005,False
Test/12009.png,22,22,Bumpy road,0.9968191385269165,True
Test/12010.png,13,13,Yield,1.0,True
Test/12011.png,3,3,Speed limit 60 km/h,0.9978345036506653,True
Test/12012.png,22,22,Bumpy road,0.9958415627479553,True
Test/12013.png,14,14,Stop,0.9998972415924072,True
Test/12014.png,12,12,Priority road,0.999752938747406,True
Test/12015.png,2,2,Speed limit 50 km/h,0.999203622341156,True
Test/12016.png,24,24,Road narrows on right,0.9202061891555786,True
Test/12017.png,14,14,Stop,0.9999980926513672,True
Test/12018.png,10,10,No passing for vehicles over 3.5 t,0.9999825954437256,True
Test/12019.png,42,42,End of no passing for vehicles over 3.5 t,0.9966297745704651,True
Test/12020.png,7,7,Speed limit 100 km/h,0.9834491610527039,True
Test/12021.png,15,15,No vehicles,1.0,True
Test/12022.png,8,8,Speed limit 120 km/h,0.983405351638794,True
Test/12023.png,12,12,Priority road,1.0,True
Test/12024.png,26,26,Traffic signals,0.9923427700996399,True
Test/12025.png,13,13,Yield,1.0,True
Test/12026.png,10,10,No passing for vehicles over 3.5 t,0.9999998807907104,True
Test/12027.png,1,1,Speed limit 30 km/h,0.9950454235076904,True
Test/12028.png,12,12,Priority road,1.0,True
Test/12029.png,4,4,Speed limit 70 km/h,0.9974132180213928,True
Test/12030.png,7,7,Speed limit 100 km/h,0.9449187517166138,True
Test/12031.png,8,8,Speed limit 120 km/h,0.9940313696861267,True
Test/12032.png,21,18,General caution,0.8719948530197144,False
Test/12033.png,13,13,Yield,1.0,True
Test/12034.png,38,38,Keep right,1.0,True
Test/12035.png,17,17,No entry,1.0,True
Test/12036.png,7,7,Speed limit 100 km/h,0.3536176383495331,True
Test/12037.png,2,2,Speed limit 50 km/h,0.9984172582626343,True
Test/12038.png,4,4,Speed limit 70 km/h,0.999669075012207,True
Test/12039.png,39,39,Keep left,0.9341701865196228,True
Test/12040.png,26,26,Traffic signals,0.9997921586036682,True
Test/12041.png,36,36,Go straight or right,0.9999991655349731,True
Test/12042.png,9,9,No passing,1.0,True
Test/12043.png,1,1,Speed limit 30 km/h,0.9995957016944885,True
Test/12044.png,12,12,Priority road,1.0,True
Test/12045.png,9,9,No passing,1.0,True
Test/12046.png,28,28,Children crossing,0.9900930523872375,True
Test/12047.png,5,5,Speed limit 80 km/h,0.9990994930267334,True
Test/12048.png,38,38,Keep right,0.9996504783630371,True
Test/12049.png,2,2,Speed limit 50 km/h,0.9999986886978149,True
Test/12050.png,2,2,Speed limit 50 km/h,0.9997513890266418,True
Test/12051.png,1,1,Speed limit 30 km/h,0.9980079531669617,True
Test/12052.png,9,9,No passing,0.9999994039535522,True
Test/12053.png,20,20,Dangerous curve right,0.9495899081230164,True
Test/12054.png,12,12,Priority road,0.9974344372749329,True
Test/12055.png,1,1,Speed limit 30 km/h,0.999958872795105,True
Test/12056.png,3,3,Speed limit 60 km/h,0.9932084679603577,True
Test/12057.png,41,41,End of no passing,0.9958919286727905,True
Test/12058.png,9,9,No passing,1.0,True
Test/12059.png,13,13,Yield,1.0,True
Test/12060.png,37,37,Go straight or left,0.9945499300956726,True
Test/12061.png,13,13,Yield,0.9996566772460938,True
Test/12062.png,33,33,Turn right ahead,1.0,True
Test/12063.png,4,4,Speed limit 70 km/h,0.9939682483673096,True
Test/12064.png,35,35,Ahead only,0.9999995231628418,True
Test/12065.png,35,35,Ahead only,0.9995362758636475,True
Test/12066.png,5,5,Speed limit 80 km/h,0.9842827916145325,True
Test/12067.png,35,35,Ahead only,0.9995827078819275,True
Test/12068.png,25,25,Road work,1.0,True
Test/12069.png,9,9,No passing,1.0,True
Test/12070.png,2,2,Speed limit 50 km/h,0.9999939203262329,True
Test/12071.png,26,26,Traffic signals,0.9996671676635742,True
Test/12072.png,17,17,No entry,1.0,True
Test/12073.png,35,35,Ahead only,0.9999327659606934,True
Test/12074.png,12,12,Priority road,1.0,True
Test/12075.png,18,18,General caution,0.9967508316040039,True
Test/12076.png,37,37,Go straight or left,0.997280478477478,True
Test/12077.png,31,31,Wild animals crossing,0.9089301228523254,True
Test/12078.png,38,38,Keep right,0.9999191761016846,True
Test/12079.png,16,16,Vehicles over 3.5 t prohibited,1.0,True
Test/12080.png,1,1,Speed limit 30 km/h,0.9997124075889587,True
Test/12081.png,38,38,Keep right,0.9999996423721313,True
Test/12082.png,10,20,Dangerous curve right,0.8922364115715027,False
Test/12083.png,12,12,Priority road,0.999339759349823,True
Test/12084.png,35,35,Ahead only,0.9999998807907104,True
Test/12085.png,10,10,No passing for vehicles over 3.5 t,1.0,True
Test/12086.png,10,10,No passing for vehicles over 3.5 t,0.9998397827148438,True
Test/12087.png,20,20,Dangerous curve right,0.9964039325714111,True
Test/12088.png,2,2,Speed limit 50 km/h,1.0,True
Test/12089.png,3,3,Speed limit 60 km/h,0.9731442928314209,True
Test/12090.png,18,18,General caution,0.9100823998451233,True
Test/12091.png,1,1,Speed limit 30 km/h,0.9980727434158325,True
Test/12092.png,38,38,Keep right,0.7807732820510864,True
Test/12093.png,33,33,Turn right ahead,0.9999998807907104,True
Test/12094.png,2,2,Speed limit 50 km/h,0.9500812888145447,True
Test/12095.png,3,3,Speed limit 60 km/h,0.961131751537323,True
Test/12096.png,18,18,General caution,0.5451250672340393,True
Test/12097.png,16,16,Vehicles over 3.5 t prohibited,0.9999998807907104,True
Test/12098.png,42,42,End of no passing for vehicles over 3.5 t,0.9997836947441101,True
Test/12099.png,38,38,Keep right,1.0,True
Test/12100.png,13,13,Yield,1.0,True
Test/12101.png,1,1,Speed limit 30 km/h,0.999996542930603,True
Test/12102.png,2,2,Speed limit 50 km/h,0.9999216794967651,True
Test/12103.png,4,4,Speed limit 70 km/h,0.7920581698417664,True
Test/12104.png,24,24,Road narrows on right,0.9054071307182312,True
Test/12105.png,19,26,Traffic signals,0.35180220007896423,False
Test/12106.png,4,4,Speed limit 70 km/h,1.0,True
Test/12107.png,24,24,Road narrows on right,0.9963732361793518,True
Test/12108.png,1,1,Speed limit 30 km/h,0.9989916682243347,True
Test/12109.png,11,11,Right-of-way at next intersection,1.0,True
Test/12110.png,7,7,Speed limit 100 km/h,0.9906703233718872,True
Test/12111.png,21,23,Slippery road,0.6183191537857056,False
Test/12112.png,18,18,General caution,0.9991021156311035,True
Test/12113.png,8,8,Speed limit 120 km/h,0.9973101615905762,True
Test/12114.png,6,6,End of speed limit 80 km/h,0.9928922653198242,True
Test/12115.png,1,1,Speed limit 30 km/h,0.9735291004180908,True
Test/12116.png,2,2,Speed limit 50 km/h,0.9999897480010986,True
Test/12117.png,31,31,Wild animals crossing,0.9783638119697571,True
Test/12118.png,12,12,Priority road,1.0,True
Test/12119.png,12,12,Priority road,1.0,True
Test/12120.png,25,25,Road work,0.9945564270019531,True
Test/12121.png,15,15,No vehicles,1.0,True
Test/12122.png,13,13,Yield,0.9654505848884583,True
Test/12123.png,13,13,Yield,1.0,True
Test/12124.png,1,1,Speed limit 30 km/h,0.999068558216095,True
Test/12125.png,16,16,Vehicles over 3.5 t prohibited,1.0,True
Test/12126.png,5,5,Speed limit 80 km/h,0.8455833792686462,True
Test/12127.png,32,32,End of all speed and passing limits,0.7257227897644043,True
Test/12128.png,38,38,Keep right,1.0,True
Test/12129.png,8,8,Speed limit 120 km/h,0.6599433422088623,True
Test/12130.png,25,25,Road work,1.0,True
Test/12131.png,35,35,Ahead only,0.984183669090271,True
Test/12132.png,8,8,Speed limit 120 km/h,0.9991433620452881,True
Test/12133.png,25,25,Road work,0.999916672706604,True
Test/12134.png,8,8,Speed limit 120 km/h,0.8576865792274475,True
Test/12135.png,40,40,Roundabout mandatory,0.9957426190376282,True
Test/12136.png,2,2,Speed limit 50 km/h,0.9997743964195251,True
Test/12137.png,5,5,Speed limit 80 km/h,0.9914712309837341,True
Test/12138.png,3,3,Speed limit 60 km/h,0.9976164102554321,True
Test/12139.png,38,38,Keep right,0.9999128580093384,True
Test/12140.png,31,31,Wild animals crossing,0.9960594177246094,True
Test/12141.png,5,5,Speed limit 80 km/h,0.9808123111724854,True
Test/12142.png,38,38,Keep right,1.0,True
Test/12143.png,5,5,Speed limit 80 km/h,0.85226970911026,True
Test/12144.png,10,10,No passing for vehicles over 3.5 t,0.9999966621398926,True
Test/12145.png,3,3,Speed limit 60 km/h,0.9775839447975159,True
Test/12146.png,38,38,Keep right,1.0,True
Test/12147.png,13,13,Yield,0.9999076128005981,True
Test/12148.png,5,5,Speed limit 80 km/h,0.9936138987541199,True
Test/12149.png,26,26,Traffic signals,0.9996691942214966,True
Test/12150.png,1,1,Speed limit 30 km/h,0.9640530347824097,True
Test/12151.png,2,2,Speed limit 50 km/h,0.40287473797798157,True
Test/12152.png,8,8,Speed limit 120 km/h,0.9999798536300659,True
Test/12153.png,8,8,Speed limit 120 km/h,0.9718430638313293,True
Test/12154.png,7,7,Speed limit 100 km/h,0.9750072956085205,True
Test/12155.png,25,25,Road work,0.999803364276886,True
Test/12156.png,18,18,General caution,0.945955753326416,True
Test/12157.png,10,10,No passing for vehicles over 3.5 t,1.0,True
Test/12158.png,25,25,Road work,0.9999998807907104,True
Test/12159.png,13,13,Yield,1.0,True
Test/12160.png,5,5,Speed limit 80 km/h,0.997448742389679,True
Test/12161.png,26,26,Traffic signals,0.9999986886978149,True
Test/12162.png,15,15,No vehicles,0.9999997615814209,True
Test/12163.png,25,25,Road work,0.7340513467788696,True
Test/12164.png,2,2,Speed limit 50 km/h,0.9979686141014099,True
Test/12165.png,17,17,No entry,0.9993372559547424,True
Test/12166.png,10,10,No passing for vehicles over 3.5 t,1.0,True
Test/12167.png,39,39,Keep left,0.9999970197677612,True
Test/12168.png,2,2,Speed limit 50 km/h,0.41036269068717957,True
Test/12169.png,1,1,Speed limit 30 km/h,0.9999200105667114,True
Test/12170.png,9,9,No passing,0.9999995231628418,True
Test/12171.png,35,35,Ahead only,0.9990798234939575,True
Test/12172.png,25,25,Road work,1.0,True
Test/12173.png,4,4,Speed limit 70 km/h,0.9998733997344971,True
Test/12174.png,4,1,Speed limit 30 km/h,0.5497937202453613,False
Test/12175.png,18,18,General caution,0.9317132234573364,True
Test/12176.png,14,14,Stop,1.0,True
Test/12177.png,8,8,Speed limit 120 km/h,0.9862701296806335,True
Test/12178.png,3,3,Speed limit 60 km/h,0.7946946024894714,True
Test/12179.png,17,17,No entry,0.9936887621879578,True
Test/12180.png,2,2,Speed limit 50 km/h,0.9608351588249207,True
Test/12181.png,18,26,Traffic signals,0.8367431163787842,False
Test/12182.png,2,1,Speed limit 30 km/h,0.970335066318512,False
Test/12183.png,10,10,No passing for vehicles over 3.5 t,1.0,True
Test/12184.png,40,40,Roundabout mandatory,0.9986628293991089,True
Test/12185.png,13,13,Yield,1.0,True
Test/12186.png,11,11,Right-of-way at next intersection,0.7678459286689758,True
Test/12187.png,25,25,Road work,0.9999998807907104,True
Test/12188.png,25,25,Road work,0.9999970197677612,True
Test/12189.png,1,1,Speed limit 30 km/h,0.9999783039093018,True
Test/12190.png,17,17,No entry,1.0,True
Test/12191.png,36,36,Go straight or right,0.9057304263114929,True
Test/12192.png,23,31,Wild animals crossing,0.6240817904472351,False
Test/12193.png,35,35,Ahead only,0.6148788928985596,True
Test/12194.png,3,3,Speed limit 60 km/h,0.9999113082885742,True
Test/12195.png,23,23,Slippery road,0.9997060894966125,True
Test/12196.png,9,9,No passing,1.0,True
Test/12197.png,38,38,Keep right,1.0,True
Test/12198.png,38,38,Keep right,0.9999998807907104,True
Test/12199.png,2,2,Speed limit 50 km/h,0.9984096884727478,True
Test/12200.png,18,26,Traffic signals,0.5945178866386414,False
Test/12201.png,14,14,Stop,0.9998960494995117,True
Test/12202.png,38,38,Keep right,1.0,True
Test/12203.png,7,7,Speed limit 100 km/h,0.8596609234809875,True
Test/12204.png,25,25,Road work,1.0,True
Test/12205.png,5,5,Speed limit 80 km/h,0.9286717176437378,True
Test/12206.png,2,2,Speed limit 50 km/h,0.9126020669937134,True
Test/12207.png,12,12,Priority road,0.9999855756759644,True
Test/12208.png,4,4,Speed limit 70 km/h,0.9967441558837891,True
Test/12209.png,38,38,Keep right,1.0,True
Test/12210.png,11,11,Right-of-way at next intersection,0.9999959468841553,True
Test/12211.png,28,28,Children crossing,0.9981935620307922,True
Test/12212.png,28,28,Children crossing,0.6261143088340759,True
Test/12213.png,1,1,Speed limit 30 km/h,0.99652498960495,True
Test/12214.png,12,4,Speed limit 70 km/h,0.8472597599029541,False
Test/12215.png,31,31,Wild animals crossing,0.7399317622184753,True
Test/12216.png,1,1,Speed limit 30 km/h,0.9999232292175293,True
Test/12217.png,25,25,Road work,0.9999997615814209,True
Test/12218.png,39,39,Keep left,0.9999998807907104,True
Test/12219.png,25,25,Road work,1.0,True
Test/12220.png,13,13,Yield,1.0,True
Test/12221.png,8,8,Speed limit 120 km/h,0.9999963045120239,True
Test/12222.png,3,3,Speed limit 60 km/h,0.9989579916000366,True
Test/12223.png,19,19,Dangerous curve left,0.9999063014984131,True
Test/12224.png,20,20,Dangerous curve right,0.9831885695457458,True
Test/12225.png,9,9,No passing,1.0,True
Test/12226.png,26,26,Traffic signals,0.9959551095962524,True
Test/12227.png,21,19,Dangerous curve left,0.5138210654258728,False
Test/12228.png,7,7,Speed limit 100 km/h,0.812667965888977,True
Test/12229.png,28,30,Beware of ice or snow,0.6182304620742798,False
Test/12230.png,2,2,Speed limit 50 km/h,1.0,True
Test/12231.png,35,35,Ahead only,0.9951275587081909,True
Test/12232.png,17,17,No entry,0.9983117580413818,True
Test/12233.png,12,12,Priority road,1.0,True
Test/12234.png,5,5,Speed limit 80 km/h,0.9999479055404663,True
Test/12235.png,11,11,Right-of-way at next intersection,1.0,True
Test/12236.png,31,31,Wild animals crossing,0.9555065631866455,True
Test/12237.png,1,1,Speed limit 30 km/h,0.9978012442588806,True
Test/12238.png,31,31,Wild animals crossing,0.9909756779670715,True
Test/12239.png,10,10,No passing for vehicles over 3.5 t,0.999993085861206,True
Test/12240.png,35,33,Turn right ahead,0.5889102220535278,False
Test/12241.png,18,18,General caution,0.9991726279258728,True
Test/12242.png,14,14,Stop,0.9999997615814209,True
Test/12243.png,15,15,No vehicles,1.0,True
Test/12244.png,2,2,Speed limit 50 km/h,0.9953300952911377,True
Test/12245.png,12,12,Priority road,1.0,True
Test/12246.png,5,3,Speed limit 60 km/h,0.8583943247795105,False
Test/12247.png,2,2,Speed limit 50 km/h,0.997142493724823,True
Test/12248.png,15,15,No vehicles,0.9999998807907104,True
Test/12249.png,18,18,General caution,0.9484865665435791,True
Test/12250.png,23,23,Slippery road,0.9937381744384766,True
Test/12251.png,9,9,No passing,1.0,True
Test/12252.png,30,30,Beware of ice or snow,0.9349726438522339,True
Test/12253.png,24,24,Road narrows on right,0.8445983529090881,True
Test/12254.png,29,29,Bicycles crossing,0.9997727274894714,True
Test/12255.png,18,18,General caution,0.920026957988739,True
Test/12256.png,1,1,Speed limit 30 km/h,0.9834102988243103,True
Test/12257.png,10,10,No passing for vehicles over 3.5 t,0.9999951124191284,True
Test/12258.png,35,35,Ahead only,1.0,True
Test/12259.png,7,7,Speed limit 100 km/h,0.9988530874252319,True
Test/12260.png,2,2,Speed limit 50 km/h,0.9967678785324097,True
Test/12261.png,17,17,No entry,1.0,True
Test/12262.png,39,39,Keep left,0.9055562615394592,True
Test/12263.png,7,7,Speed limit 100 km/h,0.9997199177742004,True
Test/12264.png,18,27,Pedestrians,0.714830756187439,False
Test/12265.png,38,38,Keep right,0.9999998807907104,True
Test/12266.png,1,1,Speed limit 30 km/h,0.9818301796913147,True
Test/12267.png,5,5,Speed limit 80 km/h,0.9968409538269043,True
Test/12268.png,16,16,Vehicles over 3.5 t prohibited,1.0,True
Test/12269.png,9,9,No passing,1.0,True
Test/12270.png,26,26,Traffic signals,0.9992984533309937,True
Test/12271.png,8,8,Speed limit 120 km/h,0.9022042155265808,True
Test/12272.png,4,4,Speed limit 70 km/h,0.9994997978210449,True
Test/12273.png,8,8,Speed limit 120 km/h,0.9919845461845398,True
Test/12274.png,13,13,Yield,1.0,True
Test/12275.png,10,10,No passing for vehicles over 3.5 t,1.0,True
Test/12276.png,42,42,End of no passing for vehicles over 3.5 t,0.8089163303375244,True
Test/12277.png,13,13,Yield,1.0,True
Test/12278.png,38,38,Keep right,0.9999973773956299,True
Test/12279.png,9,9,No passing,0.9956340193748474,True
Test/12280.png,25,25,Road work,1.0,True
Test/12281.png,13,13,Yield,1.0,True
Test/12282.png,12,12,Priority road,0.993353009223938,True
Test/12283.png,5,5,Speed limit 80 km/h,0.7355849742889404,True
Test/12284.png,1,1,Speed limit 30 km/h,0.9981841444969177,True
Test/12285.png,36,36,Go straight or right,0.9999997615814209,True
Test/12286.png,8,8,Speed limit 120 km/h,0.9993081092834473,True
Test/12287.png,2,2,Speed limit 50 km/h,0.9944357872009277,True
Test/12288.png,2,2,Speed limit 50 km/h,1.0,True
Test/12289.png,2,2,Speed limit 50 km/h,0.999714195728302,True
Test/12290.png,31,31,Wild animals crossing,0.9955254197120667,True
Test/12291.png,11,11,Right-of-way at next intersection,0.9999679327011108,True
Test/12292.png,9,9,No passing,0.9999889135360718,True
Test/12293.png,19,19,Dangerous curve left,0.9999884366989136,True
Test/12294.png,22,22,Bumpy road,0.9949480295181274,True
Test/12295.png,4,4,Speed limit 70 km/h,0.9979133009910583,True
Test/12296.png,7,7,Speed limit 100 km/h,0.958632230758667,True
Test/12297.png,31,31,Wild animals crossing,0.9983409643173218,True
Test/12298.png,12,12,Priority road,1.0,True
Test/12299.png,26,26,Traffic signals,0.9875062704086304,True
Test/12300.png,2,2,Speed limit 50 km/h,0.9968710541725159,True
Test/12301.png,26,26,Traffic signals,0.9999984502792358,True
Test/12302.png,18,18,General caution,0.9444289803504944,True
Test/12303.png,9,9,No passing,1.0,True
Test/12304.png,3,3,Speed limit 60 km/h,0.9850534796714783,True
Test/12305.png,5,5,Speed limit 80 km/h,0.9992895126342773,True
Test/12306.png,9,9,No passing,0.9999978542327881,True
Test/12307.png,5,5,Speed limit 80 km/h,0.9961178302764893,True
Test/12308.png,2,2,Speed limit 50 km/h,0.9998914003372192,True
Test/12309.png,10,30,Beware of ice or snow,0.8350802063941956,False
Test/12310.png,38,38,Keep right,1.0,True
Test/12311.png,9,9,No passing,0.9997414946556091,True
Test/12312.png,7,7,Speed limit 100 km/h,0.9484019875526428,True
Test/12313.png,14,14,Stop,0.9999979734420776,True
Test/12314.png,25,25,Road work,1.0,True
Test/12315.png,25,25,Road work,0.9999988079071045,True
Test/12316.png,36,36,Go straight or right,1.0,True
Test/12317.png,24,24,Road narrows on right,0.9857646822929382,True
Test/12318.png,4,4,Speed limit 70 km/h,0.7383342981338501,True
Test/12319.png,18,18,General caution,0.9988440275192261,True
Test/12320.png,36,36,Go straight or right,0.9995228052139282,True
Test/12321.png,3,3,Speed limit 60 km/h,0.9919793605804443,True
Test/12322.png,24,24,Road narrows on right,0.9983038902282715,True
Test/12323.png,4,4,Speed limit 70 km/h,0.9940285682678223,True
Test/12324.png,12,12,Priority road,0.9998470544815063,True
Test/12325.png,5,5,Speed limit 80 km/h,0.9709315896034241,True
Test/12326.png,40,40,Roundabout mandatory,0.999634861946106,True
Test/12327.png,2,2,Speed limit 50 km/h,1.0,True
Test/12328.png,3,3,Speed limit 60 km/h,0.9826404452323914,True
Test/12329.png,20,20,Dangerous curve right,0.9371293187141418,True
Test/12330.png,15,15,No vehicles,0.9999885559082031,True
Test/12331.png,13,13,Yield,1.0,True
Test/12332.png,13,13,Yield,1.0,True
Test/12333.png,20,20,Dangerous curve right,0.9999731779098511,True
Test/12334.png,5,5,Speed limit 80 km/h,0.959489643573761,True
Test/12335.png,1,1,Speed limit 30 km/h,0.9996296167373657,True
Test/12336.png,39,39,Keep left,1.0,True
Test/12337.png,2,2,Speed limit 50 km/h,0.9999911785125732,True
Test/12338.png,35,35,Ahead only,1.0,True
Test/12339.png,22,22,Bumpy road,0.377388596534729,True
Test/12340.png,5,5,Speed limit 80 km/h,0.9998204112052917,True
Test/12341.png,37,37,Go straight or left,0.9944960474967957,True
Test/12342.png,11,11,Right-of-way at next intersection,0.9999963045120239,True
Test/12343.png,2,2,Speed limit 50 km/h,0.9999525547027588,True
Test/12344.png,10,10,No passing for vehicles over 3.5 t,0.9907658100128174,True
Test/12345.png,19,19,Dangerous curve left,0.8327233791351318,True
Test/12346.png,30,31,Wild animals crossing,0.36157891154289246,False
Test/12347.png,12,12,Priority road,0.9999998807907104,True
Test/12348.png,5,5,Speed limit 80 km/h,0.9764078855514526,True
Test/12349.png,37,37,Go straight or left,0.9791035652160645,True
Test/12350.png,9,9,No passing,0.9966385364532471,True
Test/12351.png,8,8,Speed limit 120 km/h,0.9988946318626404,True
Test/12352.png,33,33,Turn right ahead,1.0,True
Test/12353.png,36,36,Go straight or right,0.9971750974655151,True
Test/12354.png,26,26,Traffic signals,0.9978950023651123,True
Test/12355.png,13,13,Yield,1.0,True
Test/12356.png,12,12,Priority road,1.0,True
Test/12357.png,13,13,Yield,1.0,True
Test/12358.png,5,5,Speed limit 80 km/h,0.6649760007858276,True
Test/12359.png,13,13,Yield,1.0,True
Test/12360.png,2,2,Speed limit 50 km/h,0.9980729818344116,True
Test/12361.png,7,7,Speed limit 100 km/h,0.9999951124191284,True
Test/12362.png,11,11,Right-of-way at next intersection,0.9999736547470093,True
Test/12363.png,8,8,Speed limit 120 km/h,0.8007704019546509,True
Test/12364.png,3,5,Speed limit 80 km/h,0.6756910681724548,False
Test/12365.png,25,25,Road work,1.0,True
Test/12366.png,1,1,Speed limit 30 km/h,0.9995244741439819,True
Test/12367.png,38,38,Keep right,0.9999872446060181,True
Test/12368.png,13,13,Yield,1.0,True
Test/12369.png,24,24,Road narrows on right,0.9601675868034363,True
Test/12370.png,3,3,Speed limit 60 km/h,0.9470670819282532,True
Test/12371.png,28,28,Children crossing,0.9999991655349731,True
Test/12372.png,2,1,Speed limit 30 km/h,0.5651090741157532,False
Test/12373.png,9,9,No passing,1.0,True
Test/12374.png,11,11,Right-of-way at next intersection,0.5165159702301025,True
Test/12375.png,28,28,Children crossing,0.4891240894794464,True
Test/12376.png,2,2,Speed limit 50 km/h,0.8899001479148865,True
Test/12377.png,18,30,Beware of ice or snow,0.7335946559906006,False
Test/12378.png,10,10,No passing for vehicles over 3.5 t,1.0,True
Test/12379.png,12,12,Priority road,1.0,True
Test/12380.png,33,33,Turn right ahead,0.9999982118606567,True
Test/12381.png,12,12,Priority road,1.0,True
Test/12382.png,11,18,General caution,0.6841687560081482,False
Test/12383.png,1,1,Speed limit 30 km/h,0.9896923899650574,True
Test/12384.png,1,1,Speed limit 30 km/h,0.9993687272071838,True
Test/12385.png,11,11,Right-of-way at next intersection,0.9999970197677612,True
Test/12386.png,15,15,No vehicles,1.0,True
Test/12387.png,9,9,No passing,1.0,True
Test/12388.png,38,38,Keep right,1.0,True
Test/12389.png,13,13,Yield,1.0,True
Test/12390.png,4,4,Speed limit 70 km/h,0.9998888969421387,True
Test/12391.png,13,13,Yield,0.9999998807907104,True
Test/12392.png,5,5,Speed limit 80 km/h,0.9844911694526672,True
Test/12393.png,1,1,Speed limit 30 km/h,0.9994875192642212,True
Test/12394.png,10,10,No passing for vehicles over 3.5 t,1.0,True
Test/12395.png,4,4,Speed limit 70 km/h,0.9989702701568604,True
Test/12396.png,3,10,No passing for vehicles over 3.5 t,0.940894603729248,False
Test/12397.png,10,10,No passing for vehicles over 3.5 t,0.7309119701385498,True
Test/12398.png,12,12,Priority road,0.9999983310699463,True
Test/12399.png,39,39,Keep left,1.0,True
Test/12400.png,3,3,Speed limit 60 km/h,0.9397574067115784,True
Test/12401.png,38,38,Keep right,0.9999953508377075,True
Test/12402.png,31,31,Wild animals crossing,0.9959033131599426,True
Test/12403.png,28,28,Children crossing,0.9897750616073608,True
Test/12404.png,2,2,Speed limit 50 km/h,0.8279117345809937,True
Test/12405.png,4,4,Speed limit 70 km/h,0.9979593753814697,True
Test/12406.png,2,2,Speed limit 50 km/h,0.9999536275863647,True
Test/12407.png,41,41,End of no passing,0.9872131943702698,True
Test/12408.png,6,6,End of speed limit 80 km/h,0.9976029992103577,True
Test/12409.png,20,20,Dangerous curve right,0.6222285032272339,True
Test/12410.png,35,35,Ahead only,0.995191216468811,True
Test/12411.png,9,9,No passing,0.9999997615814209,True
Test/12412.png,21,19,Dangerous curve left,0.6621845364570618,False
Test/12413.png,3,3,Speed limit 60 km/h,0.9966604709625244,True
Test/12414.png,9,9,No passing,0.9994851350784302,True
Test/12415.png,1,1,Speed limit 30 km/h,0.9998400211334229,True
Test/12416.png,13,13,Yield,0.9976243376731873,True
Test/12417.png,4,4,Speed limit 70 km/h,0.9963156580924988,True
Test/12418.png,7,7,Speed limit 100 km/h,0.9981802701950073,True
Test/12419.png,31,31,Wild animals crossing,0.6765277981758118,True
Test/12420.png,23,23,Slippery road,0.9997742772102356,True
Test/12421.png,22,22,Bumpy road,0.9999994039535522,True
Test/12422.png,11,11,Right-of-way at next intersection,0.9999960660934448,True
Test/12423.png,41,9,No passing,0.9977704286575317,False
Test/12424.png,10,10,No passing for vehicles over 3.5 t,1.0,True
Test/12425.png,13,13,Yield,0.9999814033508301,True
Test/12426.png,6,6,End of speed limit 80 km/h,0.9905571937561035,True
Test/12427.png,26,26,Traffic signals,0.9999983310699463,True
Test/12428.png,9,9,No passing,1.0,True
Test/12429.png,26,26,Traffic signals,0.9999799728393555,True
Test/12430.png,1,1,Speed limit 30 km/h,0.9999669790267944,True
Test/12431.png,3,3,Speed limit 60 km/h,0.9981828331947327,True
Test/12432.png,33,33,Turn right ahead,0.9999998807907104,True
Test/12433.png,31,31,Wild animals crossing,0.8795050978660583,True
Test/12434.png,16,16,Vehicles over 3.5 t prohibited,0.9920416474342346,True
Test/12435.png,40,40,Roundabout mandatory,0.9978019595146179,True
Test/12436.png,40,40,Roundabout mandatory,0.8376819491386414,True
Test/12437.png,29,29,Bicycles crossing,0.9998267292976379,True
Test/12438.png,5,5,Speed limit 80 km/h,0.9837070107460022,True
Test/12439.png,5,5,Speed limit 80 km/h,0.40901488065719604,True
Test/12440.png,18,18,General caution,0.9963478446006775,True
Test/12441.png,15,15,No vehicles,0.9999926090240479,True
Test/12442.png,3,3,Speed limit 60 km/h,0.9992679953575134,True
Test/12443.png,13,13,Yield,1.0,True
Test/12444.png,12,12,Priority road,1.0,True
Test/12445.png,10,10,No passing for vehicles over 3.5 t,1.0,True
Test/12446.png,10,10,No passing for vehicles over 3.5 t,0.9999980926513672,True
Test/12447.png,28,28,Children crossing,0.9999984502792358,True
Test/12448.png,15,15,No vehicles,0.9999998807907104,True
Test/12449.png,25,25,Road work,0.9999984502792358,True
Test/12450.png,7,7,Speed limit 100 km/h,0.9984909296035767,True
Test/12451.png,31,23,Slippery road,0.565835177898407,False
Test/12452.png,35,35,Ahead only,0.9997920393943787,True
Test/12453.png,5,7,Speed limit 100 km/h,0.9113384485244751,False
Test/12454.png,32,32,End of all speed and passing limits,0.9048507213592529,True
Test/12455.png,16,16,Vehicles over 3.5 t prohibited,0.9991674423217773,True
Test/12456.png,33,33,Turn right ahead,0.9999997615814209,True
Test/12457.png,17,17,No entry,1.0,True
Test/12458.png,10,10,No passing for vehicles over 3.5 t,0.999998927116394,True
Test/12459.png,21,21,Double curve,0.9728600978851318,True
Test/12460.png,14,14,Stop,1.0,True
Test/12461.png,12,12,Priority road,0.9998880624771118,True
Test/12462.png,4,4,Speed limit 70 km/h,0.9999699592590332,True
Test/12463.png,3,3,Speed limit 60 km/h,0.9581199884414673,True
Test/12464.png,4,4,Speed limit 70 km/h,0.9999783039093018,True
Test/12465.png,8,8,Speed limit 120 km/h,0.9226064085960388,True
Test/12466.png,1,1,Speed limit 30 km/h,0.9906942248344421,True
Test/12467.png,18,18,General caution,0.9937987923622131,True
Test/12468.png,3,3,Speed limit 60 km/h,0.9695713520050049,True
Test/12469.png,9,9,No passing,0.9999938011169434,True
Test/12470.png,29,28,Children crossing,0.8128349781036377,False
Test/12471.png,5,5,Speed limit 80 km/h,0.9838579297065735,True
Test/12472.png,3,3,Speed limit 60 km/h,0.9999994039535522,True
Test/12473.png,31,31,Wild animals crossing,0.6956508755683899,True
Test/12474.png,3,3,Speed limit 60 km/h,0.9238282442092896,True
Test/12475.png,40,40,Roundabout mandatory,0.9994981288909912,True
Test/12476.png,30,30,Beware of ice or snow,0.9905458688735962,True
Test/12477.png,5,5,Speed limit 80 km/h,0.7809934616088867,True
Test/12478.png,19,19,Dangerous curve left,0.9999990463256836,True
Test/12479.png,3,3,Speed limit 60 km/h,0.8739631175994873,True
Test/12480.png,38,38,Keep right,0.9999828338623047,True
Test/12481.png,5,7,Speed limit 100 km/h,0.35255035758018494,False
Test/12482.png,2,2,Speed limit 50 km/h,0.9158450961112976,True
Test/12483.png,35,35,Ahead only,0.9972752928733826,True
Test/12484.png,5,5,Speed limit 80 km/h,0.7912086844444275,True
Test/12485.png,13,13,Yield,1.0,True
Test/12486.png,17,17,No entry,1.0,True
Test/12487.png,5,5,Speed limit 80 km/h,0.9258747100830078,True
Test/12488.png,38,38,Keep right,1.0,True
Test/12489.png,4,4,Speed limit 70 km/h,0.9999997615814209,True
Test/12490.png,7,7,Speed limit 100 km/h,0.9999810457229614,True
Test/12491.png,3,3,Speed limit 60 km/h,0.9425332546234131,True
Test/12492.png,4,4,Speed limit 70 km/h,0.9778873324394226,True
Test/12493.png,34,34,Turn left ahead,1.0,True
Test/12494.png,38,38,Keep right,1.0,True
Test/12495.png,9,9,No passing,1.0,True
Test/12496.png,33,33,Turn right ahead,0.9999992847442627,True
Test/12497.png,38,38,Keep right,0.999998927116394,True
Test/12498.png,32,32,End of all speed and passing limits,0.9474278688430786,True
Test/12499.png,3,3,Speed limit 60 km/h,0.9992945194244385,True
Test/12500.png,38,38,Keep right,1.0,True
Test/12501.png,38,38,Keep right,0.9834287762641907,True
Test/12502.png,42,42,End of no passing for vehicles over 3.5 t,0.9956808090209961,True
Test/12503.png,25,25,Road work,0.9999995231628418,True
Test/12504.png,25,25,Road work,1.0,True
Test/12505.png,14,14,Stop,0.9821417331695557,True
Test/12506.png,34,34,Turn left ahead,0.9999991655349731,True
Test/12507.png,26,26,Traffic signals,0.999576985836029,True
Test/12508.png,1,1,Speed limit 30 km/h,0.9999090433120728,True
Test/12509.png,12,12,Priority road,1.0,True
Test/12510.png,4,4,Speed limit 70 km/h,0.999473512172699,True
Test/12511.png,33,33,Turn right ahead,0.9999998807907104,True
Test/12512.png,10,10,No passing for vehicles over 3.5 t,0.9999918937683105,True
Test/12513.png,3,3,Speed limit 60 km/h,0.8882365226745605,True
Test/12514.png,10,10,No passing for vehicles over 3.5 t,1.0,True
Test/12515.png,10,10,No passing for vehicles over 3.5 t,0.9999182224273682,True
Test/12516.png,13,13,Yield,1.0,True
Test/12517.png,15,15,No vehicles,1.0,True
Test/12518.png,18,21,Double curve,0.6645525097846985,False
Test/12519.png,3,3,Speed limit 60 km/h,0.9890323877334595,True
Test/12520.png,1,1,Speed limit 30 km/h,0.9863755106925964,True
Test/12521.png,2,2,Speed limit 50 km/h,0.9999997615814209,True
Test/12522.png,18,26,Traffic signals,0.9182037115097046,False
Test/12523.png,4,4,Speed limit 70 km/h,0.9979557991027832,True
Test/12524.png,33,33,Turn right ahead,0.9999803304672241,True
Test/12525.png,20,20,Dangerous curve right,0.8193525075912476,True
Test/12526.png,3,3,Speed limit 60 km/h,0.9999388456344604,True
Test/12527.png,15,15,No vehicles,0.9999340772628784,True
Test/12528.png,33,33,Turn right ahead,0.9997844099998474,True
Test/12529.png,38,38,Keep right,1.0,True
Test/12530.png,2,1,Speed limit 30 km/h,0.5178930759429932,False
Test/12531.png,5,5,Speed limit 80 km/h,0.607763946056366,True
Test/12532.png,13,13,Yield,1.0,True
Test/12533.png,14,14,Stop,0.9999985694885254,True
Test/12534.png,13,13,Yield,1.0,True
Test/12535.png,1,1,Speed limit 30 km/h,0.9999881982803345,True
Test/12536.png,25,25,Road work,0.6438953280448914,True
Test/12537.png,28,28,Children crossing,0.5588684678077698,True
Test/12538.png,24,24,Road narrows on right,0.9808865189552307,True
Test/12539.png,5,5,Speed limit 80 km/h,0.9999929666519165,True
Test/12540.png,25,25,Road work,1.0,True
Test/12541.png,38,38,Keep right,0.9996951818466187,True
Test/12542.png,4,4,Speed limit 70 km/h,0.7196953892707825,True
Test/12543.png,13,13,Yield,1.0,True
Test/12544.png,2,2,Speed limit 50 km/h,1.0,True
Test/12545.png,38,38,Keep right,0.8935086131095886,True
Test/12546.png,24,24,Road narrows on right,0.9553203582763672,True
Test/12547.png,25,25,Road work,1.0,True
Test/12548.png,9,9,No passing,0.9999963045120239,True
Test/12549.png,5,5,Speed limit 80 km/h,0.9015549421310425,True
Test/12550.png,1,1,Speed limit 30 km/h,0.9990959167480469,True
Test/12551.png,22,22,Bumpy road,0.9947156310081482,True
Test/12552.png,5,5,Speed limit 80 km/h,0.5784704685211182,True
Test/12553.png,7,7,Speed limit 100 km/h,0.9995881915092468,True
Test/12554.png,6,6,End of speed limit 80 km/h,0.9861798882484436,True
Test/12555.png,12,12,Priority road,0.9993247985839844,True
Test/12556.png,16,16,Vehicles over 3.5 t prohibited,1.0,True
Test/12557.png,3,3,Speed limit 60 km/h,0.9992345571517944,True
Test/12558.png,35,35,Ahead only,0.6948142647743225,True
Test/12559.png,1,1,Speed limit 30 km/h,0.9995303153991699,True
Test/12560.png,9,9,No passing,0.9858249425888062,True
Test/12561.png,7,7,Speed limit 100 km/h,0.9818422794342041,True
Test/12562.png,8,8,Speed limit 120 km/h,0.9960583448410034,True
Test/12563.png,30,25,Road work,0.2649994492530823,False
Test/12564.png,23,23,Slippery road,0.9999998807907104,True
Test/12565.png,2,2,Speed limit 50 km/h,0.7777038812637329,True
Test/12566.png,39,39,Keep left,1.0,True
Test/12567.png,23,23,Slippery road,0.7304908037185669,True
Test/12568.png,10,10,No passing for vehicles over 3.5 t,0.9999998807907104,True
Test/12569.png,11,11,Right-of-way at next intersection,0.42325180768966675,True
Test/12570.png,1,1,Speed limit 30 km/h,0.9890102744102478,True
Test/12571.png,2,2,Speed limit 50 km/h,0.99998939037323,True
Test/12572.png,15,15,No vehicles,1.0,True
Test/12573.png,17,17,No entry,0.9999574422836304,True
Test/12574.png,7,7,Speed limit 100 km/h,0.9966094493865967,True
Test/12575.png,2,2,Speed limit 50 km/h,0.9999988079071045,True
Test/12576.png,18,18,General caution,0.9790101051330566,True
Test/12577.png,11,11,Right-of-way at next intersection,0.9499187469482422,True
Test/12578.png,9,9,No passing,1.0,True
Test/12579.png,20,20,Dangerous curve right,0.9270806908607483,True
Test/12580.png,2,2,Speed limit 50 km/h,0.9999915361404419,True
Test/12581.png,9,9,No passing,0.9999998807907104,True
Test/12582.png,3,3,Speed limit 60 km/h,0.9971043467521667,True
Test/12583.png,1,1,Speed limit 30 km/h,0.9999898672103882,True
Test/12584.png,11,11,Right-of-way at next intersection,0.9999390840530396,True
Test/12585.png,8,8,Speed limit 120 km/h,0.996810257434845,True
Test/12586.png,10,10,No passing for vehicles over 3.5 t,1.0,True
Test/12587.png,6,6,End of speed limit 80 km/h,0.9970243573188782,True
Test/12588.png,10,10,No passing for vehicles over 3.5 t,0.9999898672103882,True
Test/12589.png,3,3,Speed limit 60 km/h,0.9806721806526184,True
Test/12590.png,25,25,Road work,0.9999992847442627,True
Test/12591.png,5,5,Speed limit 80 km/h,0.9394700527191162,True
Test/12592.png,22,22,Bumpy road,0.9998897314071655,True
Test/12593.png,3,3,Speed limit 60 km/h,0.9928573369979858,True
Test/12594.png,12,25,Road work,0.3700161278247833,False
Test/12595.png,25,25,Road work,1.0,True
Test/12596.png,13,13,Yield,1.0,True
Test/12597.png,10,10,No passing for vehicles over 3.5 t,1.0,True
Test/12598.png,35,37,Go straight or left,0.3008825480937958,False
Test/12599.png,10,10,No passing for vehicles over 3.5 t,0.9999982118606567,True
Test/12600.png,35,35,Ahead only,1.0,True
Test/12601.png,38,38,Keep right,1.0,True
Test/12602.png,24,24,Road narrows on right,0.9724323749542236,True
Test/12603.png,13,13,Yield,1.0,True
Test/12604.png,35,35,Ahead only,0.9913049936294556,True
Test/12605.png,25,25,Road work,0.9999979734420776,True
Test/12606.png,38,38,Keep right,0.9993428587913513,True
Test/12607.png,1,1,Speed limit 30 km/h,0.9999927282333374,True
Test/12608.png,18,27,Pedestrians,0.4583277106285095,False
Test/12609.png,7,5,Speed limit 80 km/h,0.5542383193969727,False
Test/12610.png,35,35,Ahead only,0.8854981064796448,True
Test/12611.png,11,11,Right-of-way at next intersection,0.9999421834945679,True
Test/12612.png,39,39,Keep left,1.0,True
Test/12613.png,8,8,Speed limit 120 km/h,0.9972482323646545,True
Test/12614.png,0,0,Speed limit 20 km/h,0.6641401648521423,True
Test/12615.png,10,10,No passing for vehicles over 3.5 t,0.9999899864196777,True
Test/12616.png,18,27,Pedestrians,0.5699010491371155,False
Test/12617.png,31,31,Wild animals crossing,0.9964397549629211,True
Test/12618.png,8,8,Speed limit 120 km/h,0.999761164188385,True
Test/12619.png,31,31,Wild animals crossing,0.9943800568580627,True
Test/12620.png,13,13,Yield,1.0,True
Test/12621.png,5,5,Speed limit 80 km/h,0.9998082518577576,True
Test/12622.png,12,12,Priority road,0.999995231628418,True
Test/12623.png,35,35,Ahead only,1.0,True
Test/12624.png,25,25,Road work,0.9999954700469971,True
Test/12625.png,12,12,Priority road,1.0,True
Test/12626.png,33,33,Turn right ahead,0.9999994039535522,True
Test/12627.png,6,6,End of speed limit 80 km/h,0.881106972694397,True
Test/12628.png,7,7,Speed limit 100 km/h,0.952156126499176,True
Test/12629.png,10,10,No passing for vehicles over 3.5 t,0.9999972581863403,True
